gender,height_mm,weight_kg,chest_circumference_mm,waist_circumference_mm,hip_breadth_mm,neck_circumference_mm,shoulder_circumference_mm,arm_length_mm,thigh_circumference_mm,calf_circumference_mm,leg_length_mm,chest_cm,waist_cm,hip_cm,clothing_size
Male,1776,815,1074,933,332,400,1151,883,610,373,1136,107.4,93.3,33.2,L
Male,1702,726,1021,870,312,380,1119,868,572,357,1096,102.1,87.0,31.2,L
Male,1735,929,1120,964,349,403,1276,910,685,412,1115,112.0,96.4,34.9,XL
Male,1655,794,1114,857,338,407,1155,848,604,395,1034,111.4,85.7,33.8,XL
Male,1914,946,1048,868,332,398,1231,995,672,425,1279,104.8,86.8,33.2,L
Male,1720,802,1066,950,320,395,1172,893,607,386,1126,106.6,95.0,32.0,L
Male,1810,1162,1208,1073,368,461,1331,960,754,467,1202,120.8,107.3,36.8,XXL
Male,1850,954,1087,1010,373,412,1188,928,644,404,1169,108.7,101.0,37.3,XL
Male,1777,995,1181,1065,353,435,1212,914,635,412,1154,118.1,106.5,35.3,XXL
Male,1811,702,964,824,330,372,1094,911,525,368,1143,96.4,82.4,33.0,M
Male,1780,882,1117,994,352,445,1203,915,624,377,1093,111.7,99.4,35.2,XL
Male,1733,701,961,866,317,374,1126,860,567,343,1136,96.1,86.6,31.7,M
Male,1814,1037,1151,986,351,436,1275,952,689,460,1217,115.1,98.6,35.1,XL
Male,1861,1116,1231,1045,376,468,1354,940,704,434,1219,123.1,104.5,37.6,XXL
Male,1709,896,1060,1007,390,399,1149,875,695,421,1144,106.0,100.7,39.0,XL
Male,1740,924,1092,1033,322,435,1224,955,640,433,1183,109.2,103.3,32.2,XL
Male,1694,779,1085,908,343,402,1145,879,604,400,1128,108.5,90.8,34.3,L
Male,1766,969,1118,1028,342,411,1152,888,674,447,1140,111.8,102.8,34.2,XL
Male,1748,760,999,874,331,385,1140,856,613,358,1132,99.9,87.4,33.1,M
Male,1794,908,1127,999,352,392,1146,910,632,395,1143,112.7,99.9,35.2,XL
Male,1780,714,1000,837,320,377,1125,918,553,355,1146,100.0,83.7,32.0,M
Male,1680,746,977,880,342,367,1121,807,638,380,1063,97.7,88.0,34.2,L
Male,1653,792,1079,978,334,388,1170,833,639,363,1089,107.9,97.8,33.4,XL
Male,1959,915,1011,827,333,378,1203,987,646,403,1286,101.1,82.7,33.3,M
Male,1755,965,1098,1030,361,407,1160,902,665,462,1133,109.8,103.0,36.1,XL
Male,1630,675,957,885,315,363,1031,807,588,395,1042,95.7,88.5,31.5,L
Male,1825,1073,1158,1130,383,414,1238,940,706,416,1145,115.8,113.0,38.3,XXXL
Male,1795,793,964,912,337,365,1095,875,621,370,1132,96.4,91.2,33.7,L
Male,1745,782,971,864,345,375,1084,868,635,380,1140,97.1,86.4,34.5,M
Male,1818,882,1057,965,357,384,1135,852,646,407,1130,105.7,96.5,35.7,XL
Male,1881,715,957,777,329,374,1141,921,531,362,1198,95.7,77.7,32.9,M
Male,1760,947,1108,1063,373,395,1141,909,684,436,1127,110.8,106.3,37.3,XXL
Male,1675,665,947,870,316,358,1040,838,557,358,1075,94.7,87.0,31.6,M
Male,1852,879,1043,966,351,392,1182,983,617,400,1189,104.3,96.6,35.1,XL
Male,1785,675,965,806,332,383,1123,860,528,368,1107,96.5,80.6,33.2,M
Male,1791,884,1174,1096,353,397,1154,905,620,381,1207,117.4,109.6,35.3,XXL
Male,1685,695,951,895,315,357,1013,842,637,340,1124,95.1,89.5,31.5,L
Male,1850,1218,1182,1214,415,414,1253,960,781,437,1234,118.2,121.4,41.5,XXXL
Male,1737,719,981,790,315,385,1147,871,594,367,1140,98.1,79.0,31.5,M
Male,1743,881,1086,1002,343,414,1209,882,613,393,1097,108.6,100.2,34.3,XL
Male,1744,575,865,748,309,353,1012,832,497,348,1088,86.5,74.8,30.9,S
Male,1679,876,1205,1043,338,440,1233,872,628,389,1096,120.5,104.3,33.8,XXL
Male,1836,850,1013,864,343,384,1150,871,627,398,1119,101.3,86.4,34.3,M
Male,1730,865,1152,969,347,394,1244,878,630,382,1127,115.2,96.9,34.7,XL
Male,1762,958,1096,1095,373,402,1167,866,698,420,1188,109.6,109.5,37.3,XXL
Male,1669,667,957,770,298,362,1086,830,551,373,1017,95.7,77.0,29.8,M
Male,1740,706,985,840,337,381,1100,879,570,336,1131,98.5,84.0,33.7,M
Male,1709,847,1063,1028,338,415,1190,844,652,385,1113,106.3,102.8,33.8,XL
Male,1879,1013,1137,1021,350,421,1195,902,642,404,1174,113.7,102.1,35.0,XL
Male,1674,856,1106,1061,358,392,1123,825,658,417,1106,110.6,106.1,35.8,XXL
Male,1779,1095,1166,1139,431,400,1254,888,773,455,1168,116.6,113.9,43.1,XXXL
Male,1844,834,1081,922,345,397,1164,934,628,364,1161,108.1,92.2,34.5,L
Male,1637,727,1006,995,339,398,1073,811,582,358,1067,100.6,99.5,33.9,XL
Male,1754,986,1153,1047,341,444,1187,898,662,433,1163,115.3,104.7,34.1,XXL
Male,1704,773,1037,885,328,394,1155,849,589,377,1076,103.7,88.5,32.8,L
Male,1840,1400,1469,1379,407,501,1309,1015,781,456,1279,146.9,137.9,40.7,XXXL
Male,1783,674,901,750,312,368,1093,924,532,373,1140,90.1,75.0,31.2,S
Male,1748,884,1071,970,352,383,1184,887,671,418,1103,107.1,97.0,35.2,XL
Male,1703,988,1263,1068,384,461,1252,915,646,373,1090,126.3,106.8,38.4,XXXL
Male,1852,952,1146,1012,349,398,1234,973,613,411,1190,114.6,101.2,34.9,XL
Male,1609,566,858,754,300,334,1035,835,518,367,1010,85.8,75.4,30.0,S
Male,1709,717,1044,926,318,382,1130,868,592,360,1122,104.4,92.6,31.8,L
Male,1835,717,904,827,339,364,1065,922,547,393,1153,90.4,82.7,33.9,M
Male,1679,802,1033,940,359,408,1141,868,621,410,1150,103.3,94.0,35.9,L
Male,1742,988,1160,1133,350,435,1161,892,685,403,1155,116.0,113.3,35.0,XXXL
Male,1698,662,971,843,317,373,1037,806,567,345,1090,97.1,84.3,31.7,M
Male,1671,807,1050,1021,350,413,1112,887,621,370,1082,105.0,102.1,35.0,XL
Male,1850,1053,1213,1061,360,436,1258,940,658,404,1243,121.3,106.1,36.0,XXL
Male,1754,683,944,786,328,351,1117,880,548,364,1114,94.4,78.6,32.8,M
Male,1619,749,989,855,311,410,1143,806,614,405,1096,98.9,85.5,31.1,M
Male,1772,738,975,830,327,373,1116,887,593,370,1106,97.5,83.0,32.7,M
Male,1705,604,939,743,268,346,1067,885,498,330,1147,93.9,74.3,26.8,S
Male,1619,774,1091,967,342,399,1143,843,585,378,1045,109.1,96.7,34.2,XL
Male,1726,768,983,922,337,378,1156,881,614,373,1074,98.3,92.2,33.7,L
Male,1840,1022,1129,1120,381,385,1192,918,694,405,1200,112.9,112.0,38.1,XXXL
Male,1743,963,1205,1060,357,430,1217,872,609,427,1155,120.5,106.0,35.7,XXL
Male,1674,923,1123,1030,367,419,1201,874,685,410,1147,112.3,103.0,36.7,XL
Male,1750,988,1129,974,343,407,1264,892,687,442,1150,112.9,97.4,34.3,XL
Male,1819,887,1048,844,334,391,1271,938,636,383,1174,104.8,84.4,33.4,L
Male,1799,987,1063,969,354,411,1189,924,669,436,1207,106.3,96.9,35.4,XL
Male,1750,852,1098,1010,345,385,1173,898,631,365,1189,109.8,101.0,34.5,XL
Male,1723,748,972,892,332,378,1140,897,588,399,1123,97.2,89.2,33.2,L
Male,1809,920,1127,1032,344,390,1142,884,641,385,1168,112.7,103.2,34.4,XL
Male,1791,744,963,851,327,375,1142,859,581,373,1123,96.3,85.1,32.7,M
Male,1723,823,1098,979,321,400,1193,889,592,369,1157,109.8,97.9,32.1,XL
Male,1578,627,953,857,311,372,1013,770,570,348,1035,95.3,85.7,31.1,M
Male,1718,778,1024,979,338,391,1116,900,597,395,1092,102.4,97.9,33.8,XL
Male,1799,882,1043,984,364,390,1151,884,639,396,1144,104.3,98.4,36.4,XL
Male,1740,590,902,721,290,348,1095,860,507,344,1146,90.2,72.1,29.0,S
Male,1702,730,1008,885,328,380,1137,820,555,347,1071,100.8,88.5,32.8,L
Male,1737,864,1027,961,355,418,1187,873,649,394,1082,102.7,96.1,35.5,XL
Male,1730,866,1044,996,354,406,1142,870,641,410,1110,104.4,99.6,35.4,XL
Male,1785,737,917,838,330,366,1064,867,609,364,1116,91.7,83.8,33.0,M
Male,1817,654,917,752,320,358,1096,912,507,353,1151,91.7,75.2,32.0,S
Male,1843,696,924,775,331,361,1128,928,532,353,1160,92.4,77.5,33.1,S
Male,1791,775,994,809,349,379,1179,903,576,380,1154,99.4,80.9,34.9,M
Male,1657,727,1001,862,332,363,1128,850,629,394,1099,100.1,86.2,33.2,M
Male,1701,797,1069,1027,330,376,1124,869,613,367,1131,106.9,102.7,33.0,XL
Male,1786,744,995,797,344,374,1148,882,586,377,1107,99.5,79.7,34.4,M
Male,1755,968,1104,1082,376,398,1197,875,713,398,1135,110.4,108.2,37.6,XXL
Male,1791,866,1045,942,317,387,1157,917,597,388,1152,104.5,94.2,31.7,L
Male,1759,742,1015,871,339,365,1127,895,598,388,1124,101.5,87.1,33.9,M
Male,1790,920,1109,912,358,378,1195,920,680,393,1196,110.9,91.2,35.8,XL
Male,1782,814,991,873,338,390,1123,840,627,392,1146,99.1,87.3,33.8,M
Male,1839,646,844,785,317,350,961,865,517,376,1175,84.4,78.5,31.7,S
Male,1880,954,1176,1023,356,391,1154,946,632,393,1265,117.6,102.3,35.6,XL
Male,1738,853,1085,924,334,407,1222,910,623,402,1088,108.5,92.4,33.4,L
Male,1734,900,1085,1001,347,410,1194,910,648,420,1141,108.5,100.1,34.7,XL
Male,1819,835,1021,901,331,411,1220,947,590,347,1159,102.1,90.1,33.1,L
Male,1683,851,1096,958,328,398,1162,830,651,397,1128,109.6,95.8,32.8,L
Male,1815,897,1063,972,358,408,1156,897,655,398,1185,106.3,97.2,35.8,XL
Male,1815,872,1030,939,372,395,1154,862,632,372,1152,103.0,93.9,37.2,L
Male,1673,822,1106,1003,343,408,1197,880,642,366,1051,110.6,100.3,34.3,XL
Male,1831,1112,1163,1139,354,445,1243,935,672,433,1226,116.3,113.9,35.4,XXXL
Male,1795,987,1089,1162,380,398,1161,863,692,419,1156,108.9,116.2,38.0,XXXL
Male,1845,1105,1149,1111,368,448,1228,910,706,478,1228,114.9,111.1,36.8,XXL
Male,1687,782,1041,900,332,378,1127,867,606,390,1009,104.1,90.0,33.2,L
Male,1756,869,1056,998,337,401,1117,878,617,390,1137,105.6,99.8,33.7,XL
Male,1846,1413,1358,1330,402,464,1368,997,797,443,1275,135.8,133.0,40.2,XXXL
Male,1657,789,1025,897,337,395,1219,860,634,388,1087,102.5,89.7,33.7,L
Male,1632,690,1000,911,315,355,1105,830,563,372,1070,100.0,91.1,31.5,L
Male,1735,792,1026,861,351,390,1186,898,568,399,1119,102.6,86.1,35.1,L
Male,1726,699,989,920,326,384,1064,876,549,339,1086,98.9,92.0,32.6,L
Male,1877,1212,1251,1192,398,436,1258,950,694,456,1229,125.1,119.2,39.8,XXXL
Male,1887,878,1030,1012,350,380,1183,931,585,382,1184,103.0,101.2,35.0,XL
Male,1765,706,970,845,315,362,1060,888,547,391,1183,97.0,84.5,31.5,M
Male,1793,822,1035,843,328,393,1201,945,620,387,1142,103.5,84.3,32.8,L
Male,1849,992,1076,910,339,437,1268,931,678,408,1196,107.6,91.0,33.9,L
Male,1811,760,1038,879,323,382,1151,920,554,380,1149,103.8,87.9,32.3,L
Male,1739,988,1113,1031,350,423,1210,869,675,461,1131,111.3,103.1,35.0,XL
Male,1668,759,1011,929,351,377,1085,848,644,376,1129,101.1,92.9,35.1,L
Male,1788,898,1024,994,363,374,1144,919,669,424,1220,102.4,99.4,36.3,XL
Male,1746,782,997,815,322,395,1182,920,608,378,1189,99.7,81.5,32.2,M
Male,1750,831,1057,983,339,410,1165,854,588,367,1112,105.7,98.3,33.9,XL
Male,1810,996,1082,1004,385,442,1242,929,723,426,1164,108.2,100.4,38.5,XL
Male,1710,742,1002,825,329,398,1115,814,611,387,1053,100.2,82.5,32.9,M
Male,1847,968,1132,1077,368,399,1223,935,667,377,1219,113.2,107.7,36.8,XXL
Male,1811,916,1123,952,366,381,1162,896,678,421,1145,112.3,95.2,36.6,XL
Male,1780,1080,1175,1047,371,427,1286,948,712,422,1170,117.5,104.7,37.1,XXL
Male,1740,788,1021,851,336,387,1170,850,612,385,1107,102.1,85.1,33.6,L
Male,1797,949,1115,920,353,406,1224,894,673,423,1150,111.5,92.0,35.3,XL
Male,1755,906,1112,934,349,390,1241,908,662,414,1180,111.2,93.4,34.9,XL
Male,1842,1069,1165,1114,394,411,1248,967,722,421,1255,116.5,111.4,39.4,XXL
Male,1656,874,1056,967,353,401,1157,857,683,413,1089,105.6,96.7,35.3,XL
Male,1776,879,1048,1007,368,404,1183,895,634,397,1160,104.8,100.7,36.8,XL
Male,1859,1154,1137,1109,405,412,1199,914,742,450,1208,113.7,110.9,40.5,XXL
Male,1685,790,1041,827,326,412,1154,856,613,396,1036,104.1,82.7,32.6,L
Male,1775,887,1027,947,358,390,1176,885,685,423,1158,102.7,94.7,35.8,L
Male,1825,866,1021,881,327,398,1162,948,629,412,1237,102.1,88.1,32.7,L
Male,1931,806,1001,833,335,386,1168,965,562,384,1254,100.1,83.3,33.5,M
Male,1789,966,1126,963,356,415,1235,894,658,451,1160,112.6,96.3,35.6,XL
Male,1819,1099,1225,1100,357,447,1295,931,687,427,1156,122.5,110.0,35.7,XXL
Male,1782,771,1070,852,339,387,1216,888,570,375,1132,107.0,85.2,33.9,L
Male,1721,951,1102,941,384,400,1200,855,712,427,1123,110.2,94.1,38.4,XL
Male,1910,1118,1194,1026,357,442,1314,990,712,436,1290,119.4,102.6,35.7,XXL
Male,1804,895,1097,978,359,402,1181,921,629,388,1185,109.7,97.8,35.9,XL
Male,1782,1060,1208,1150,385,441,1235,915,698,437,1197,120.8,115.0,38.5,XXXL
Male,1777,951,1116,935,350,403,1245,916,680,442,1206,111.6,93.5,35.0,XL
Male,1665,721,995,923,325,375,1096,862,567,385,1072,99.5,92.3,32.5,L
Male,1803,872,1092,973,353,374,1183,917,642,377,1177,109.2,97.3,35.3,XL
Male,1879,978,1079,908,334,416,1272,987,669,438,1252,107.9,90.8,33.4,L
Male,1733,974,1179,1111,382,416,1226,900,684,406,1123,117.9,111.1,38.2,XXL
Male,1835,958,1084,1031,357,414,1204,935,644,422,1213,108.4,103.1,35.7,XL
Male,1792,1123,1150,1164,408,425,1248,883,774,444,1176,115.0,116.4,40.8,XXXL
Male,1721,900,1098,1006,356,414,1149,853,637,413,1055,109.8,100.6,35.6,XL
Male,1711,948,1142,1018,351,424,1175,898,705,393,1138,114.2,101.8,35.1,XL
Male,1809,950,1071,992,358,419,1216,895,652,423,1137,107.1,99.2,35.8,XL
Male,1664,739,1021,908,326,355,1168,845,609,385,1117,102.1,90.8,32.6,L
Male,1807,1036,1241,1053,368,424,1212,919,659,427,1147,124.1,105.3,36.8,XXL
Male,1705,777,1027,912,326,406,1128,876,592,383,1107,102.7,91.2,32.6,L
Male,1955,1080,1167,1049,384,415,1291,989,670,429,1287,116.7,104.9,38.4,XXL
Male,1730,840,1082,917,333,406,1190,880,631,391,1154,108.2,91.7,33.3,L
Male,1774,964,1139,1066,363,420,1184,865,631,416,1177,113.9,106.6,36.3,XXL
Male,1724,707,947,848,323,371,1080,840,567,396,1133,94.7,84.8,32.3,M
Male,1705,705,948,759,309,370,1097,859,563,373,1070,94.8,75.9,30.9,M
Male,1838,851,1058,959,345,400,1151,930,600,367,1185,105.8,95.9,34.5,L
Male,1706,865,1102,970,322,405,1203,849,623,427,1131,110.2,97.0,32.2,XL
Male,1809,972,1179,1068,353,395,1225,945,648,410,1214,117.9,106.8,35.3,XXL
Male,1773,822,1028,972,364,397,1134,891,601,401,1134,102.8,97.2,36.4,XL
Male,1734,842,1048,993,350,395,1109,844,640,382,1137,104.8,99.3,35.0,XL
Male,1748,723,969,898,337,360,1134,882,571,363,1127,96.9,89.8,33.7,L
Male,1651,896,1125,964,359,395,1186,854,678,423,1047,112.5,96.4,35.9,XL
Male,1724,755,1049,881,335,368,1107,901,602,365,1165,104.9,88.1,33.5,L
Male,1860,732,957,821,343,373,1122,913,550,367,1231,95.7,82.1,34.3,M
Male,1715,701,913,801,330,370,1085,820,576,396,1126,91.3,80.1,33.0,M
Male,1757,783,995,845,338,402,1126,892,592,379,1132,99.5,84.5,33.8,M
Male,1916,1164,1237,1134,406,414,1252,979,732,430,1245,123.7,113.4,40.6,XXXL
Male,1847,799,1018,877,308,384,1173,898,602,377,1225,101.8,87.7,30.8,M
Male,1855,908,1059,951,338,396,1270,937,661,380,1228,105.9,95.1,33.8,L
Male,1718,677,907,867,317,372,1083,857,548,361,1094,90.7,86.7,31.7,M
Male,1641,858,1063,1029,376,404,1178,847,671,433,1059,106.3,102.9,37.6,XL
Male,1833,852,1017,879,368,383,1171,918,631,415,1183,101.7,87.9,36.8,M
Male,1784,1033,1130,1015,367,431,1254,913,676,455,1153,113.0,101.5,36.7,XL
Male,1770,1034,1156,1034,377,407,1256,917,744,406,1193,115.6,103.4,37.7,XL
Male,1702,725,978,844,324,361,1107,858,613,381,1089,97.8,84.4,32.4,M
Male,1800,711,963,797,332,369,1151,907,563,344,1123,96.3,79.7,33.2,M
Male,1715,678,965,892,320,370,1081,864,551,333,1117,96.5,89.2,32.0,L
Male,1842,782,956,865,343,388,1153,874,587,354,1220,95.6,86.5,34.3,M
Male,1710,909,1080,1031,331,408,1158,875,632,444,1078,108.0,103.1,33.1,XL
Male,1753,840,1078,912,327,419,1215,903,615,373,1148,107.8,91.2,32.7,L
Male,1935,1086,1158,1086,384,412,1243,940,691,412,1259,115.8,108.6,38.4,XXL
Male,1738,758,1013,914,333,381,1105,859,578,357,1111,101.3,91.4,33.3,L
Male,1770,833,1037,923,333,384,1189,895,622,394,1178,103.7,92.3,33.3,L
Male,1720,870,1039,918,339,390,1193,902,658,417,1152,103.9,91.8,33.9,L
Male,1673,728,985,831,345,391,1082,847,592,420,1076,98.5,83.1,34.5,M
Male,1715,1109,1285,1182,399,463,1293,849,701,427,1128,128.5,118.2,39.9,XXXL
Male,1822,945,1082,1054,348,387,1155,895,655,387,1199,108.2,105.4,34.8,XXL
Male,1913,1141,1157,1118,378,433,1243,934,706,430,1238,115.7,111.8,37.8,XXL
Male,1756,907,1049,963,353,418,1187,867,674,415,1155,104.9,96.3,35.3,XL
Male,1735,846,1063,877,342,398,1205,902,641,415,1092,106.3,87.7,34.2,L
Male,1726,818,1061,912,343,402,1230,927,647,359,1162,106.1,91.2,34.3,L
Male,1716,869,1120,973,333,392,1242,869,618,390,1065,112.0,97.3,33.3,XL
Male,1717,682,913,818,327,372,1029,850,569,359,1090,91.3,81.8,32.7,M
Male,1718,680,941,783,300,390,1103,835,570,360,1112,94.1,78.3,30.0,M
Male,1747,947,1151,1015,361,430,1260,913,635,413,1136,115.1,101.5,36.1,XL
Male,1567,474,810,694,264,327,995,794,470,306,991,81.0,69.4,26.4,XS
Male,1894,1158,1163,1121,376,444,1217,894,708,452,1194,116.3,112.1,37.6,XXXL
Male,1738,729,972,870,318,385,1151,877,585,367,1110,97.2,87.0,31.8,M
Male,1862,1078,1091,1015,379,446,1218,967,707,430,1231,109.1,101.5,37.9,XL
Male,1654,540,846,738,290,360,1012,802,497,348,1063,84.6,73.8,29.0,S
Male,1637,854,1092,1032,363,385,1153,830,664,388,1059,109.2,103.2,36.3,XL
Male,1738,871,1071,979,363,399,1231,914,630,406,1124,107.1,97.9,36.3,XL
Male,1813,1071,1172,1017,356,426,1261,955,709,417,1208,117.2,101.7,35.6,XL
Male,1738,791,1035,883,317,384,1163,911,603,368,1170,103.5,88.3,31.7,L
Male,1815,1096,1203,1068,389,455,1288,975,710,425,1226,120.3,106.8,38.9,XXL
Male,1736,1150,1212,1179,402,419,1183,874,764,488,1149,121.2,117.9,40.2,XXXL
Male,1689,866,1047,993,363,408,1174,825,697,402,1138,104.7,99.3,36.3,XL
Male,1740,756,977,880,343,377,1065,842,636,387,1150,97.7,88.0,34.3,L
Male,1782,834,1014,977,358,385,1104,914,616,394,1138,101.4,97.7,35.8,XL
Male,1784,812,1041,925,347,379,1133,881,598,371,1135,104.1,92.5,34.7,L
Male,1647,845,1082,1010,361,420,1167,855,644,403,1127,108.2,101.0,36.1,XL
Male,1740,941,1166,1004,351,425,1197,900,661,400,1131,116.6,100.4,35.1,XL
Male,1664,644,967,744,316,394,1083,855,519,361,1118,96.7,74.4,31.6,M
Male,1805,1124,1171,1045,369,454,1235,953,738,453,1218,117.1,104.5,36.9,XXL
Male,1745,907,1078,936,345,422,1206,896,677,385,1181,107.8,93.6,34.5,L
Male,1605,718,963,755,302,392,1139,820,626,398,1096,96.3,75.5,30.2,M
Male,1830,971,1101,997,346,420,1215,927,626,412,1213,110.1,99.7,34.6,XL
Male,1810,813,1053,913,337,394,1171,908,585,380,1204,105.3,91.3,33.7,L
Male,1731,755,1027,921,337,370,1118,850,590,363,1085,102.7,92.1,33.7,L
Male,1845,797,972,899,352,372,1122,877,612,377,1188,97.2,89.9,35.2,L
Male,1775,648,915,734,321,364,1112,925,524,347,1154,91.5,73.4,32.1,S
Male,1795,1079,1142,1124,383,430,1253,940,725,442,1187,114.2,112.4,38.3,XXXL
Male,1664,874,1081,976,343,400,1170,861,698,406,1117,108.1,97.6,34.3,XL
Male,1752,982,1108,1084,388,401,1176,896,717,429,1175,110.8,108.4,38.8,XXL
Male,1814,893,1069,1026,350,406,1143,921,619,368,1150,106.9,102.6,35.0,XL
Male,1836,1087,1140,1078,396,415,1265,953,723,454,1228,114.0,107.8,39.6,XXL
Male,1628,775,1018,972,345,379,1107,814,647,391,1056,101.8,97.2,34.5,XL
Male,1640,801,1096,903,337,422,1214,855,608,383,1099,109.6,90.3,33.7,L
Male,1728,874,1127,928,333,406,1209,890,621,422,1095,112.7,92.8,33.3,XL
Male,1606,568,907,779,303,329,1025,818,537,360,1052,90.7,77.9,30.3,S
Male,1861,1174,1241,1149,390,428,1298,920,699,465,1211,124.1,114.9,39.0,XXXL
Male,1761,863,1092,992,370,411,1204,920,572,380,1153,109.2,99.2,37.0,XL
Male,1754,970,1178,989,360,420,1283,925,637,400,1193,117.8,98.9,36.0,XL
Male,1741,779,1031,933,339,383,1118,875,597,390,1120,103.1,93.3,33.9,L
Male,1657,556,872,744,316,365,1026,820,501,344,1054,87.2,74.4,31.6,S
Male,1660,533,884,714,288,351,1081,853,493,342,1080,88.4,71.4,28.8,S
Male,1678,933,1121,1147,370,422,1128,822,717,380,1076,112.1,114.7,37.0,XXXL
Male,1735,866,1063,976,341,425,1110,880,641,390,1131,106.3,97.6,34.1,XL
Male,1750,1096,1242,1077,359,491,1283,925,637,433,1132,124.2,107.7,35.9,XXL
Male,1701,676,949,835,316,366,1108,845,585,375,1068,94.9,83.5,31.6,M
Male,1742,718,953,797,307,369,1133,893,592,358,1115,95.3,79.7,30.7,M
Male,1818,916,1106,969,359,385,1223,920,619,404,1209,110.6,96.9,35.9,XL
Male,1785,871,1094,918,354,385,1239,936,640,385,1145,109.4,91.8,35.4,L
Male,1666,701,954,776,298,395,1109,835,597,379,1095,95.4,77.6,29.8,M
Male,1781,1115,1242,1124,350,443,1298,938,703,440,1145,124.2,112.4,35.0,XXXL
Male,1802,1084,1166,1146,384,417,1259,932,757,410,1222,116.6,114.6,38.4,XXXL
Male,1669,637,904,797,307,369,1110,870,526,353,1071,90.4,79.7,30.7,S
Male,1837,964,1071,1032,387,379,1128,937,684,418,1216,107.1,103.2,38.7,XL
Male,1881,1054,1182,1005,362,428,1275,999,646,433,1236,118.2,100.5,36.2,XXL
Male,1782,887,1052,921,368,416,1192,894,667,400,1138,105.2,92.1,36.8,L
Male,1900,1145,1162,1132,386,421,1261,988,684,423,1228,116.2,113.2,38.6,XXXL
Male,1755,890,1069,988,358,396,1162,865,678,408,1111,106.9,98.8,35.8,XL
Male,1730,688,957,797,313,360,1074,847,566,354,1110,95.7,79.7,31.3,M
Male,1624,710,1020,897,323,391,1141,847,579,367,1069,102.0,89.7,32.3,L
Male,1755,1021,1198,1145,391,414,1232,935,682,411,1154,119.8,114.5,39.1,XXXL
Male,1703,784,1079,1003,341,395,1097,840,581,399,1128,107.9,100.3,34.1,XL
Male,1762,1105,1172,1175,403,416,1233,900,739,433,1158,117.2,117.5,40.3,XXXL
Male,1720,819,1008,987,340,398,1128,865,613,401,1148,100.8,98.7,34.0,XL
Male,1711,871,1168,1043,346,416,1184,864,622,371,1131,116.8,104.3,34.6,XXL
Male,1927,869,1027,842,326,405,1181,953,596,395,1220,102.7,84.2,32.6,L
Male,1784,775,1068,915,327,382,1129,888,583,396,1110,106.8,91.5,32.7,L
Male,1835,1098,1139,1076,389,420,1253,928,767,426,1189,113.9,107.6,38.9,XXL
Male,1823,965,1076,968,384,399,1200,955,699,417,1146,107.6,96.8,38.4,XL
Male,1640,674,1045,822,315,382,1132,853,568,351,1064,104.5,82.2,31.5,L
Male,1704,1026,1231,1108,358,455,1228,912,663,423,1137,123.1,110.8,35.8,XXL
Male,1730,601,913,719,301,366,1095,897,483,344,1117,91.3,71.9,30.1,S
Male,1656,676,960,869,332,387,1112,841,569,361,1090,96.0,86.9,33.2,M
Male,1668,867,1043,931,339,408,1220,853,695,422,1056,104.3,93.1,33.9,L
Male,1635,826,1089,939,340,425,1175,868,632,395,1078,108.9,93.9,34.0,L
Male,1861,862,1019,884,342,369,1191,945,623,395,1206,101.9,88.4,34.2,L
Male,1667,821,1097,912,322,407,1167,860,612,402,1067,109.7,91.2,32.2,L
Male,1760,675,963,812,308,377,1132,857,526,338,1171,96.3,81.2,30.8,M
Male,1752,860,1074,957,346,395,1208,910,630,408,1131,107.4,95.7,34.6,L
Male,1886,954,1069,1008,375,408,1265,975,661,410,1213,106.9,100.8,37.5,XL
Male,1729,970,1168,1121,360,425,1172,890,654,426,1187,116.8,112.1,36.0,XXXL
Male,1790,895,1087,946,353,385,1208,880,619,398,1166,108.7,94.6,35.3,L
Male,1745,1016,1173,1029,352,442,1207,883,642,436,1118,117.3,102.9,35.2,XL
Male,1677,758,1002,913,335,398,1123,841,636,355,1090,100.2,91.3,33.5,L
Male,1725,715,1022,828,316,385,1154,894,564,346,1088,102.2,82.8,31.6,L
Male,1748,884,1076,972,370,411,1155,902,638,403,1175,107.6,97.2,37.0,XL
Male,1610,459,820,694,284,340,968,800,452,293,998,82.0,69.4,28.4,XS
Male,1705,756,1030,872,341,389,1141,838,594,372,1071,103.0,87.2,34.1,L
Male,1833,995,1131,1010,377,440,1211,943,684,422,1225,113.1,101.0,37.7,XL
Male,1820,1138,1183,1141,419,444,1242,932,769,458,1151,118.3,114.1,41.9,XXXL
Male,1776,840,999,908,335,406,1142,880,641,380,1143,99.9,90.8,33.5,L
Male,1791,1114,1115,1091,376,425,1299,940,755,451,1202,111.5,109.1,37.6,XXL
Male,1970,902,1072,948,359,399,1209,984,575,400,1306,107.2,94.8,35.9,L
Male,1814,924,1063,944,353,419,1210,944,652,401,1192,106.3,94.4,35.3,L
Male,1782,860,1099,1012,385,367,1162,930,648,396,1180,109.9,101.2,38.5,XL
Male,1717,842,1043,893,346,417,1148,867,642,395,1117,104.3,89.3,34.6,L
Male,1860,939,1113,992,371,404,1227,955,617,386,1198,111.3,99.2,37.1,XL
Male,1763,921,1121,939,350,395,1214,912,647,436,1185,112.1,93.9,35.0,XL
Male,1624,724,1015,912,341,366,1103,823,652,370,1063,101.5,91.2,34.1,L
Male,1723,886,1011,942,347,386,1130,874,677,434,1129,101.1,94.2,34.7,L
Male,1674,753,1058,848,335,387,1163,860,584,411,1050,105.8,84.8,33.5,L
Male,1744,857,1034,877,334,386,1153,870,668,425,1163,103.4,87.7,33.4,L
Male,1748,980,1138,1086,361,436,1230,945,704,363,1164,113.8,108.6,36.1,XXL
Male,1805,744,937,902,326,392,1061,883,564,352,1209,93.7,90.2,32.6,L
Male,1775,680,953,826,318,377,1104,900,547,357,1159,95.3,82.6,31.8,M
Male,1730,677,976,815,292,355,1080,865,522,384,1068,97.6,81.5,29.2,M
Male,1740,735,1008,919,315,361,1118,876,574,347,1180,100.8,91.9,31.5,L
Male,1752,649,893,766,324,380,1081,907,548,330,1170,89.3,76.6,32.4,S
Male,1673,766,1024,978,349,411,1094,837,603,402,1118,102.4,97.8,34.9,XL
Male,1850,860,1029,892,336,380,1194,900,597,388,1199,102.9,89.2,33.6,L
Male,1802,809,1066,904,325,387,1168,930,628,365,1242,106.6,90.4,32.5,L
Male,1727,801,1011,952,354,375,1142,860,645,378,1067,101.1,95.2,35.4,L
Male,1717,773,988,911,331,371,1097,866,632,384,1145,98.8,91.1,33.1,L
Male,1672,880,1068,903,330,414,1276,879,689,395,1140,106.8,90.3,33.0,L
Male,1850,905,1065,904,353,381,1184,924,630,390,1197,106.5,90.4,35.3,L
Male,1958,866,962,908,357,373,1097,943,626,393,1304,96.2,90.8,35.7,L
Male,1708,845,1094,958,342,370,1205,883,643,393,1103,109.4,95.8,34.2,L
Male,1923,1203,1228,1104,417,441,1341,948,739,444,1223,122.8,110.4,41.7,XXL
Male,1684,769,979,891,330,380,1136,866,623,363,1079,97.9,89.1,33.0,L
Male,1762,995,1094,1106,381,405,1231,929,707,413,1200,109.4,110.6,38.1,XXL
Male,1869,1054,1201,1120,356,419,1199,903,670,417,1267,120.1,112.0,35.6,XXXL
Male,1768,872,1054,995,359,385,1174,925,642,390,1156,105.4,99.5,35.9,XL
Male,1668,750,1080,922,316,373,1127,866,603,368,1125,108.0,92.2,31.6,L
Male,1658,865,1123,1060,361,405,1180,870,677,379,1125,112.3,106.0,36.1,XXL
Male,1823,962,1106,1045,390,401,1137,929,699,400,1243,110.6,104.5,39.0,XXL
Male,1856,727,937,823,338,351,1066,879,579,355,1181,93.7,82.3,33.8,M
Male,1792,785,962,884,340,396,1100,914,597,384,1204,96.2,88.4,34.0,L
Male,1709,752,992,865,349,367,1119,875,622,385,1143,99.2,86.5,34.9,M
Male,1775,744,998,817,333,383,1146,957,560,350,1136,99.8,81.7,33.3,M
Male,1712,818,1056,952,346,395,1185,858,642,386,1090,105.6,95.2,34.6,L
Male,1769,873,1131,958,367,396,1225,904,625,393,1165,113.1,95.8,36.7,XL
Male,1651,697,969,747,336,368,1117,883,609,380,1092,96.9,74.7,33.6,M
Male,1770,824,1000,884,350,376,1145,877,626,398,1125,100.0,88.4,35.0,L
Male,1928,999,1145,953,357,407,1186,969,628,397,1207,114.5,95.3,35.7,XL
Male,1751,867,1118,929,322,400,1221,935,611,413,1141,111.8,92.9,32.2,XL
Male,1597,725,1020,913,322,405,1057,851,593,388,1056,102.0,91.3,32.2,L
Male,1820,728,953,852,329,369,1178,901,562,363,1155,95.3,85.2,32.9,M
Male,1821,715,946,803,326,363,1112,922,558,341,1138,94.6,80.3,32.6,M
Male,1813,1274,1324,1251,405,453,1277,970,768,418,1239,132.4,125.1,40.5,XXXL
Male,1826,961,1088,977,378,392,1228,955,689,415,1196,108.8,97.7,37.8,XL
Male,1675,1018,1200,1149,375,441,1246,885,658,436,1127,120.0,114.9,37.5,XXXL
Male,1722,869,1124,976,355,388,1221,902,623,400,1171,112.4,97.6,35.5,XL
Male,1718,840,1067,913,341,402,1190,853,632,388,1134,106.7,91.3,34.1,L
Male,1726,834,1053,958,356,373,1169,912,658,363,1135,105.3,95.8,35.6,L
Male,1767,733,999,917,333,417,1108,865,579,363,1114,99.9,91.7,33.3,L
Male,1701,735,987,930,343,376,1143,879,587,370,1105,98.7,93.0,34.3,L
Male,1744,766,998,896,330,372,1133,881,602,375,1129,99.8,89.6,33.0,L
Male,1680,858,1027,847,327,417,1195,850,661,406,1147,102.7,84.7,32.7,L
Male,1581,560,915,776,302,366,1055,798,512,335,1030,91.5,77.6,30.2,S
Male,1731,754,1043,917,333,377,1109,835,579,360,1086,104.3,91.7,33.3,L
Male,1825,941,1105,996,355,418,1228,869,655,410,1182,110.5,99.6,35.5,XL
Male,1635,920,1209,1046,356,399,1210,835,684,465,1074,120.9,104.6,35.6,XXL
Male,1736,905,1098,989,353,402,1123,845,664,382,1129,109.8,98.9,35.3,XL
Male,1692,1021,1156,1105,377,409,1192,880,697,442,1151,115.6,110.5,37.7,XXL
Male,1665,650,933,785,313,394,1082,785,534,370,1063,93.3,78.5,31.3,S
Male,1856,977,1109,955,388,431,1218,925,648,413,1203,110.9,95.5,38.8,XL
Male,1874,1130,1202,1043,395,414,1233,943,768,406,1277,120.2,104.3,39.5,XXL
Male,1672,894,1121,978,356,436,1192,883,616,430,1127,112.1,97.8,35.6,XL
Male,1807,763,990,803,335,372,1140,877,609,377,1182,99.0,80.3,33.5,M
Male,1892,1241,1256,1157,386,471,1300,999,758,452,1303,125.6,115.7,38.6,XXXL
Male,1795,876,1042,900,348,414,1209,916,647,400,1196,104.2,90.0,34.8,L
Male,1798,689,925,757,315,341,1150,951,542,360,1174,92.5,75.7,31.5,S
Male,1721,736,929,810,317,382,1083,847,587,398,1149,92.9,81.0,31.7,M
Male,1687,759,1026,809,325,407,1158,839,576,393,1095,102.6,80.9,32.5,L
Male,1745,702,996,788,319,363,1104,860,563,352,1098,99.6,78.8,31.9,M
Male,1836,1018,1146,1067,396,413,1178,935,664,388,1192,114.6,106.7,39.6,XXL
Male,1751,887,1071,999,358,406,1180,914,640,418,1182,107.1,99.9,35.8,XL
Male,1856,1266,1219,1196,411,420,1327,974,840,436,1251,121.9,119.6,41.1,XXXL
Male,1702,842,1099,952,340,406,1179,845,608,394,1085,109.9,95.2,34.0,L
Male,1717,699,998,799,320,399,1135,834,566,375,1071,99.8,79.9,32.0,M
Male,1759,713,957,789,341,381,1135,899,549,384,1112,95.7,78.9,34.1,M
Male,1789,1099,1202,1095,384,455,1272,934,725,422,1178,120.2,109.5,38.4,XXL
Male,1838,1042,1164,1029,342,425,1288,949,691,423,1191,116.4,102.9,34.2,XL
Male,1639,633,922,772,317,369,1091,803,579,367,1072,92.2,77.2,31.7,S
Male,1674,921,1096,1017,351,395,1147,869,668,455,1092,109.6,101.7,35.1,XL
Male,1745,955,1137,1023,366,440,1249,880,654,383,1127,113.7,102.3,36.6,XL
Male,1662,709,994,817,322,387,1204,859,575,373,1061,99.4,81.7,32.2,M
Male,1674,773,1016,877,331,398,1127,849,635,387,1100,101.6,87.7,33.1,M
Male,1688,781,1005,926,350,412,1159,848,624,396,1117,100.5,92.6,35.0,L
Male,1744,1017,1150,1149,374,392,1210,890,704,441,1134,115.0,114.9,37.4,XXXL
Male,1773,1028,1124,1030,352,448,1269,844,702,418,1115,112.4,103.0,35.2,XL
Male,1835,910,1093,870,329,385,1247,937,670,395,1228,109.3,87.0,32.9,L
Male,1736,787,1018,884,329,365,1169,884,621,383,1121,101.8,88.4,32.9,L
Male,1668,781,1020,955,332,394,1154,845,626,390,1079,102.0,95.5,33.2,L
Male,1791,931,1138,1042,360,422,1242,911,636,387,1197,113.8,104.2,36.0,XXL
Male,1816,793,1012,924,335,373,1135,918,604,382,1199,101.2,92.4,33.5,L
Male,1781,812,1023,944,349,382,1122,869,643,392,1108,102.3,94.4,34.9,L
Male,1759,621,911,759,311,372,1088,853,497,346,1137,91.1,75.9,31.1,S
Male,1673,758,1037,897,310,384,1132,828,588,379,1085,103.7,89.7,31.0,L
Male,1734,745,1006,852,325,392,1162,902,564,364,1141,100.6,85.2,32.5,M
Male,1640,819,1092,1001,338,412,1147,849,629,355,1065,109.2,100.1,33.8,XL
Male,1663,714,972,897,342,371,1125,838,582,376,1038,97.2,89.7,34.2,L
Male,1646,865,1095,951,362,433,1244,850,676,405,1095,109.5,95.1,36.2,L
Male,1810,1091,1233,1093,366,440,1290,955,687,440,1263,123.3,109.3,36.6,XXL
Male,1701,780,1033,931,343,378,1122,848,614,374,1144,103.3,93.1,34.3,L
Male,1850,942,1078,938,361,382,1227,942,637,395,1211,107.8,93.8,36.1,L
Male,1764,832,1071,884,340,411,1164,897,601,388,1092,107.1,88.4,34.0,L
Male,1863,838,1029,948,355,410,1199,976,603,360,1172,102.9,94.8,35.5,L
Male,1764,987,1145,1078,373,404,1245,940,679,428,1130,114.5,107.8,37.3,XXL
Male,1811,958,1132,1034,365,419,1200,941,646,376,1213,113.2,103.4,36.5,XL
Male,1795,962,1035,969,373,395,1176,917,687,420,1177,103.5,96.9,37.3,XL
Male,1583,545,872,747,304,367,1045,803,531,355,1037,87.2,74.7,30.4,S
Male,1768,777,1003,878,361,377,1158,893,583,394,1204,100.3,87.8,36.1,M
Male,1886,819,1077,872,338,396,1221,952,581,395,1218,107.7,87.2,33.8,L
Male,1681,885,1110,1054,365,393,1170,835,662,425,1067,111.0,105.4,36.5,XXL
Male,1698,791,1031,914,344,386,1150,834,619,392,1068,103.1,91.4,34.4,L
Male,1708,868,1117,1012,348,417,1183,874,638,373,1104,111.7,101.2,34.8,XL
Male,1642,854,1153,1059,351,412,1201,860,612,397,1087,115.3,105.9,35.1,XXL
Male,1789,1008,1097,1046,368,419,1256,933,714,423,1118,109.7,104.6,36.8,XXL
Male,1664,807,1078,1042,343,399,1166,827,603,373,1070,107.8,104.2,34.3,XXL
Male,1880,1021,1142,1047,357,440,1289,950,655,407,1258,114.2,104.7,35.7,XXL
Male,1740,922,1143,1030,343,412,1186,877,611,387,1165,114.3,103.0,34.3,XL
Male,1710,656,946,835,335,354,1135,885,558,351,1114,94.6,83.5,33.5,M
Male,1738,864,1046,975,342,390,1184,887,645,416,1130,104.6,97.5,34.2,XL
Male,1777,812,1027,911,348,376,1177,866,679,376,1093,102.7,91.1,34.8,L
Male,1613,709,1006,945,325,379,1102,827,573,387,1063,100.6,94.5,32.5,L
Male,1649,870,1139,1036,349,415,1211,867,646,403,1154,113.9,103.6,34.9,XL
Male,1786,780,976,780,331,387,1188,885,615,378,1168,97.6,78.0,33.1,M
Male,1730,734,1004,909,334,368,1142,908,575,368,1172,100.4,90.9,33.4,L
Male,1763,819,1033,929,346,398,1194,916,631,382,1189,103.3,92.9,34.6,L
Male,1768,618,902,723,321,354,1077,882,493,340,1129,90.2,72.3,32.1,S
Male,1834,732,967,809,337,375,1145,916,550,375,1156,96.7,80.9,33.7,M
Male,1767,682,968,769,319,375,1142,898,540,378,1149,96.8,76.9,31.9,M
Male,1844,910,1021,955,337,391,1193,920,660,458,1214,102.1,95.5,33.7,L
Male,1859,795,990,799,339,367,1158,890,566,405,1207,99.0,79.9,33.9,M
Male,1740,859,1061,933,348,442,1204,884,628,389,1123,106.1,93.3,34.8,L
Male,1704,694,941,808,330,374,1072,860,559,393,1075,94.1,80.8,33.0,M
Male,1807,1075,1240,1070,361,419,1284,953,680,441,1222,124.0,107.0,36.1,XXL
Male,1718,657,942,753,330,367,1088,862,553,358,1083,94.2,75.3,33.0,M
Male,1750,690,958,803,331,368,1135,870,567,358,1113,95.8,80.3,33.1,M
Male,1716,700,998,863,321,378,1146,857,556,370,1136,99.8,86.3,32.1,M
Male,1770,842,1093,878,342,399,1173,904,612,410,1126,109.3,87.8,34.2,L
Male,1865,949,1073,850,339,382,1211,980,674,423,1217,107.3,85.0,33.9,L
Male,1759,715,915,815,330,362,1063,892,572,365,1102,91.5,81.5,33.0,M
Male,1926,1010,1115,884,356,402,1267,1011,686,412,1230,111.5,88.4,35.6,XL
Male,1705,700,934,826,334,367,1128,885,571,382,1144,93.4,82.6,33.4,M
Male,1781,825,1016,975,352,388,1194,899,578,398,1170,101.6,97.5,35.2,XL
Male,1766,810,1018,865,349,372,1169,885,613,383,1116,101.8,86.5,34.9,M
Male,1814,807,1029,895,329,372,1174,937,612,398,1199,102.9,89.5,32.9,L
Male,1830,819,986,848,345,402,1135,895,627,396,1139,98.6,84.8,34.5,M
Male,1738,684,933,804,327,355,1120,874,553,384,1106,93.3,80.4,32.7,M
Male,1868,904,1010,918,347,405,1196,930,654,435,1163,101.0,91.8,34.7,L
Male,1668,906,1086,1060,368,387,1183,844,697,445,1055,108.6,106.0,36.8,XXL
Male,1853,1094,1144,1075,388,414,1293,963,707,419,1288,114.4,107.5,38.8,XXL
Male,1571,774,1067,1009,360,372,1143,818,664,390,1036,106.7,100.9,36.0,XL
Male,1723,904,1098,1022,371,413,1208,885,683,402,1166,109.8,102.2,37.1,XL
Male,1829,992,1163,999,366,425,1300,945,637,424,1145,116.3,99.9,36.6,XL
Male,1696,777,1057,932,338,387,1162,886,610,377,1111,105.7,93.2,33.8,L
Male,1727,628,917,741,306,359,1126,895,529,355,1077,91.7,74.1,30.6,S
Male,1785,791,996,879,355,388,1171,928,616,381,1127,99.6,87.9,35.5,M
Male,1698,662,942,801,321,384,1088,871,570,370,1130,94.2,80.1,32.1,M
Male,1845,868,1034,973,363,373,1223,965,611,386,1157,103.4,97.3,36.3,XL
Male,1772,768,1021,880,339,391,1165,918,572,371,1116,102.1,88.0,33.9,L
Male,1714,856,1093,1029,366,419,1201,890,615,415,1139,109.3,102.9,36.6,XL
Male,1772,942,1191,1004,343,402,1231,941,657,417,1179,119.1,100.4,34.3,XXL
Male,1747,799,1007,865,333,402,1165,871,594,384,1097,100.7,86.5,33.3,M
Male,1743,856,1034,990,347,404,1169,900,653,386,1143,103.4,99.0,34.7,XL
Male,1766,899,1068,988,358,400,1171,900,650,427,1143,106.8,98.8,35.8,XL
Male,1800,1204,1327,1183,402,456,1388,964,742,410,1231,132.7,118.3,40.2,XXXL
Male,1784,744,1000,820,310,402,1158,906,574,350,1126,100.0,82.0,31.0,M
Male,1773,809,1119,806,327,375,1234,864,592,368,1126,111.9,80.6,32.7,XL
Male,1727,732,1002,844,324,381,1145,863,578,368,1123,100.2,84.4,32.4,M
Male,1719,778,992,917,355,381,1137,848,628,392,1076,99.2,91.7,35.5,L
Male,1801,603,875,725,307,347,1028,855,507,335,1110,87.5,72.5,30.7,S
Male,1781,724,993,839,329,392,1134,891,568,377,1161,99.3,83.9,32.9,M
Male,1713,830,1051,986,350,399,1138,873,633,402,1146,105.1,98.6,35.0,XL
Male,1749,784,987,855,323,411,1158,866,589,374,1120,98.7,85.5,32.3,M
Male,1619,663,1018,877,313,370,1139,816,533,350,1090,101.8,87.7,31.3,M
Male,1658,760,1070,969,331,403,1151,847,580,359,1072,107.0,96.9,33.1,XL
Male,1822,937,1044,930,341,373,1236,970,684,402,1242,104.4,93.0,34.1,L
Male,1730,931,1052,996,349,414,1165,828,691,435,1129,105.2,99.6,34.9,XL
Male,1661,756,1067,923,317,396,1144,832,610,377,1094,106.7,92.3,31.7,L
Male,1858,833,1048,872,340,395,1185,910,591,379,1175,104.8,87.2,34.0,L
Male,1765,757,1007,858,342,402,1182,884,564,358,1150,100.7,85.8,34.2,M
Male,1952,1008,1122,947,349,383,1231,955,668,400,1228,112.2,94.7,34.9,XL
Male,1800,1042,1213,1081,372,426,1311,920,673,402,1171,121.3,108.1,37.2,XXL
Male,1708,692,946,793,322,362,1103,842,570,360,1085,94.6,79.3,32.2,M
Male,1749,910,1144,1002,338,409,1248,907,623,382,1147,114.4,100.2,33.8,XL
Male,1649,861,1113,1012,364,425,1181,853,646,395,1115,111.3,101.2,36.4,XL
Male,1705,835,1097,970,343,397,1179,896,630,395,1137,109.7,97.0,34.3,XL
Male,1836,994,1114,999,378,390,1242,950,682,448,1250,111.4,99.9,37.8,XL
Male,1825,645,942,779,323,330,1103,892,520,361,1164,94.2,77.9,32.3,M
Male,1653,613,964,715,288,360,1080,815,528,340,1064,96.4,71.5,28.8,M
Male,1720,708,983,865,332,389,1130,869,573,364,1122,98.3,86.5,33.2,M
Male,1708,889,1124,1026,356,389,1220,889,689,383,1133,112.4,102.6,35.6,XL
Male,1725,836,1057,990,348,405,1202,889,631,398,1109,105.7,99.0,34.8,XL
Male,1835,1180,1254,1130,365,472,1363,968,703,467,1223,125.4,113.0,36.5,XXXL
Male,1728,859,1034,975,351,412,1149,880,676,396,1124,103.4,97.5,35.1,XL
Male,1748,892,1100,953,361,392,1220,952,656,402,1191,110.0,95.3,36.1,XL
Male,1805,751,978,830,327,384,1161,890,553,357,1161,97.8,83.0,32.7,M
Male,1735,778,1071,917,324,404,1163,837,571,369,1146,107.1,91.7,32.4,L
Male,1687,831,1064,950,347,413,1166,869,607,406,1074,106.4,95.0,34.7,L
Male,1710,749,1005,880,339,367,1155,838,603,386,1116,100.5,88.0,33.9,L
Male,1786,630,894,715,298,352,1093,898,534,326,1147,89.4,71.5,29.8,S
Male,1751,880,1058,891,340,393,1192,892,617,431,1149,105.8,89.1,34.0,L
Male,1750,722,998,848,325,400,1132,872,572,340,1130,99.8,84.8,32.5,M
Male,1758,621,893,767,321,330,1055,884,525,370,1084,89.3,76.7,32.1,S
Male,1785,750,1012,860,318,380,1135,906,571,382,1174,101.2,86.0,31.8,M
Male,1763,969,1099,1069,400,404,1196,910,683,445,1154,109.9,106.9,40.0,XXL
Male,1708,854,1125,971,341,396,1195,885,627,377,1136,112.5,97.1,34.1,XL
Male,1763,907,1080,981,360,406,1212,868,644,401,1136,108.0,98.1,36.0,XL
Male,1750,858,1122,949,337,402,1222,923,607,376,1116,112.2,94.9,33.7,XL
Male,1710,866,1079,1055,353,398,1201,849,616,388,1110,107.9,105.5,35.3,XXL
Male,1803,927,1115,980,352,418,1244,926,632,400,1198,111.5,98.0,35.2,XL
Male,1725,910,1137,1009,363,405,1223,936,642,400,1150,113.7,100.9,36.3,XL
Male,1817,942,1144,1018,373,400,1252,955,626,419,1181,114.4,101.8,37.3,XL
Male,1723,736,1008,947,337,370,1098,851,574,350,1136,100.8,94.7,33.7,L
Male,1598,666,1002,899,314,404,1137,822,570,343,1062,100.2,89.9,31.4,L
Male,1717,784,986,805,335,400,1163,888,626,387,1137,98.6,80.5,33.5,M
Male,1737,1208,1272,1189,388,476,1380,924,763,460,1152,127.2,118.9,38.8,XXXL
Male,1814,999,1128,1127,359,399,1185,891,671,408,1170,112.8,112.7,35.9,XXXL
Male,1721,804,1097,951,352,405,1210,866,637,385,1088,109.7,95.1,35.2,L
Male,1818,951,1087,1003,364,424,1210,955,642,417,1141,108.7,100.3,36.4,XL
Male,1735,880,1081,946,345,409,1218,885,658,387,1102,108.1,94.6,34.5,L
Male,1760,757,1036,864,339,376,1188,901,577,369,1118,103.6,86.4,33.9,L
Male,1793,819,1074,939,346,415,1195,910,597,385,1185,107.4,93.9,34.6,L
Male,1722,972,1174,1051,386,401,1232,921,693,407,1115,117.4,105.1,38.6,XXL
Male,1850,945,1153,1010,338,423,1249,913,643,397,1228,115.3,101.0,33.8,XL
Male,1719,912,1133,947,353,399,1246,905,647,403,1091,113.3,94.7,35.3,XL
Male,1740,761,1003,784,303,374,1179,875,589,367,1110,100.3,78.4,30.3,M
Male,1731,902,1114,1007,365,402,1225,884,660,396,1145,111.4,100.7,36.5,XL
Male,1842,813,1044,873,328,376,1217,921,610,363,1185,104.4,87.3,32.8,L
Male,1800,1066,1106,1056,395,420,1262,923,728,464,1168,110.6,105.6,39.5,XXL
Male,1710,782,1011,918,331,392,1162,848,634,390,1106,101.1,91.8,33.1,L
Male,1803,1018,1116,1031,367,435,1231,879,677,456,1119,111.6,103.1,36.7,XL
Male,1800,818,1003,867,352,389,1188,895,601,410,1218,100.3,86.7,35.2,M
Male,1744,847,1116,919,342,383,1262,909,637,375,1199,111.6,91.9,34.2,XL
Male,1735,1005,1200,997,353,415,1255,892,649,456,1118,120.0,99.7,35.3,XXL
Male,1706,925,1090,1070,373,419,1176,866,689,402,1101,109.0,107.0,37.3,XXL
Male,1687,651,934,797,302,386,1121,854,531,367,1141,93.4,79.7,30.2,S
Male,1803,867,1083,938,357,409,1215,909,605,390,1163,108.3,93.8,35.7,L
Male,1897,867,1054,845,338,385,1183,950,604,412,1261,105.4,84.5,33.8,L
Male,1768,914,1068,945,389,391,1214,880,671,422,1091,106.8,94.5,38.9,L
Male,1652,771,1003,977,370,400,1150,843,657,360,1081,100.3,97.7,37.0,XL
Male,1749,635,932,753,315,362,1111,878,515,356,1098,93.2,75.3,31.5,S
Male,1772,872,1071,1002,358,395,1157,868,652,433,1174,107.1,100.2,35.8,XL
Male,1788,894,1107,1000,361,395,1189,927,610,392,1168,110.7,100.0,36.1,XL
Male,1833,866,1028,881,344,397,1192,929,619,374,1148,102.8,88.1,34.4,L
Male,1760,829,1024,907,368,390,1175,892,633,400,1093,102.4,90.7,36.8,L
Male,1662,607,968,800,310,349,1085,807,512,334,1133,96.8,80.0,31.0,M
Male,1899,1029,1161,1039,380,414,1240,967,643,435,1305,116.1,103.9,38.0,XL
Male,1700,681,999,816,317,386,1136,863,548,357,1079,99.9,81.6,31.7,M
Male,1923,889,1028,897,344,375,1184,968,633,405,1233,102.8,89.7,34.4,L
Male,1782,716,986,815,332,383,1143,906,560,352,1113,98.6,81.5,33.2,M
Male,1773,816,1059,961,342,381,1173,892,585,384,1098,105.9,96.1,34.2,XL
Male,1779,885,1121,1022,346,397,1180,891,626,375,1192,112.1,102.2,34.6,XL
Male,1718,863,1105,1000,361,412,1172,880,637,393,1096,110.5,100.0,36.1,XL
Male,1744,942,1073,1025,379,422,1218,882,668,436,1122,107.3,102.5,37.9,XL
Male,1761,958,1154,1007,367,412,1270,900,680,417,1153,115.4,100.7,36.7,XL
Male,1722,625,941,777,312,374,1142,857,508,348,1077,94.1,77.7,31.2,M
Male,1814,772,914,845,338,376,1122,877,621,383,1106,91.4,84.5,33.8,M
Male,1786,722,947,799,324,383,1116,875,558,374,1147,94.7,79.9,32.4,M
Male,1659,975,1180,1098,359,453,1253,842,681,428,1108,118.0,109.8,35.9,XXL
Male,1711,879,1043,956,351,400,1218,854,675,426,1139,104.3,95.6,35.1,L
Male,1647,1071,1199,1134,405,414,1249,877,761,433,1077,119.9,113.4,40.5,XXXL
Male,1710,872,996,926,352,409,1146,847,693,408,1094,99.6,92.6,35.2,L
Male,1805,742,1010,815,340,425,1206,906,553,370,1137,101.0,81.5,34.0,M
Male,1671,649,914,789,308,373,1075,862,541,355,1051,91.4,78.9,30.8,S
Male,1735,654,981,811,313,378,1128,862,518,358,1064,98.1,81.1,31.3,M
Male,1758,871,1057,958,358,389,1207,916,648,412,1145,105.7,95.8,35.8,L
Male,1804,942,1106,996,367,406,1216,917,645,390,1191,110.6,99.6,36.7,XL
Male,1731,837,1055,983,350,399,1177,884,628,401,1149,105.5,98.3,35.0,XL
Male,1779,745,993,803,340,390,1169,891,579,373,1142,99.3,80.3,34.0,M
Male,1852,1087,1140,1038,397,426,1242,928,677,425,1224,114.0,103.8,39.7,XL
Male,1725,1019,1172,1078,390,441,1280,851,753,393,1199,117.2,107.8,39.0,XXL
Male,1768,906,1158,1035,347,406,1175,871,626,396,1112,115.8,103.5,34.7,XL
Male,1709,831,1084,999,348,395,1155,873,621,379,1135,108.4,99.9,34.8,XL
Male,1740,862,1094,1020,366,396,1136,877,651,393,1127,109.4,102.0,36.6,XL
Male,1836,1014,1150,1088,403,416,1273,968,677,412,1143,115.0,108.8,40.3,XXL
Male,1747,926,1122,1014,366,428,1299,935,648,418,1197,112.2,101.4,36.6,XL
Male,1725,808,1038,836,330,392,1166,910,633,412,1200,103.8,83.6,33.0,L
Male,1745,972,1153,1080,365,389,1295,905,674,404,1125,115.3,108.0,36.5,XXL
Male,1736,823,1067,1006,354,385,1196,874,607,376,1157,106.7,100.6,35.4,XL
Male,1825,659,947,779,325,365,1073,855,497,357,1159,94.7,77.9,32.5,M
Male,1742,878,1049,950,364,412,1189,882,655,407,1139,104.9,95.0,36.4,L
Male,1793,918,1043,925,363,404,1211,903,658,410,1142,104.3,92.5,36.3,L
Male,1747,1114,1232,1214,370,440,1302,932,692,435,1174,123.2,121.4,37.0,XXXL
Male,1743,740,956,801,333,392,1125,891,568,366,1175,95.6,80.1,33.3,M
Male,1832,949,1076,972,365,406,1260,950,661,419,1164,107.6,97.2,36.5,XL
Male,1708,698,947,772,315,377,1109,845,571,370,1090,94.7,77.2,31.5,M
Male,1802,968,1096,988,379,419,1263,915,705,397,1227,109.6,98.8,37.9,XL
Male,1757,883,1089,976,359,387,1205,889,646,403,1122,108.9,97.6,35.9,XL
Male,1861,982,1083,983,367,417,1228,952,665,420,1211,108.3,98.3,36.7,XL
Male,1800,793,1010,859,352,379,1120,887,630,367,1141,101.0,85.9,35.2,M
Male,1708,918,1139,1063,380,404,1215,853,655,360,1095,113.9,106.3,38.0,XXL
Male,1774,900,1079,1031,349,400,1144,882,627,415,1178,107.9,103.1,34.9,XL
Male,1723,1009,1174,1051,346,443,1317,918,665,428,1155,117.4,105.1,34.6,XXL
Male,1828,625,899,748,319,365,1092,890,477,330,1144,89.9,74.8,31.9,S
Male,1808,1161,1203,1136,376,466,1334,920,748,437,1190,120.3,113.6,37.6,XXXL
Male,1683,683,1009,775,338,374,1207,902,539,365,1062,100.9,77.5,33.8,M
Male,1736,652,961,740,299,382,1131,915,525,344,1143,96.1,74.0,29.9,M
Male,1722,808,1077,915,341,378,1164,873,630,362,1146,107.7,91.5,34.1,L
Male,1761,1034,1163,1051,364,398,1254,875,712,410,1172,116.3,105.1,36.4,XXL
Male,1814,1077,1179,1207,376,448,1232,910,721,393,1204,117.9,120.7,37.6,XXXL
Male,1815,737,1016,802,335,360,1159,907,582,364,1193,101.6,80.2,33.5,M
Male,1800,959,1163,1116,365,391,1239,907,627,435,1151,116.3,111.6,36.5,XXL
Male,1822,867,1053,1042,353,412,1175,933,602,386,1218,105.3,104.2,35.3,XXL
Male,1654,776,1050,918,330,400,1134,849,605,410,1089,105.0,91.8,33.0,L
Male,1621,927,1105,1124,367,425,1214,853,697,420,1110,110.5,112.4,36.7,XXXL
Male,1716,783,997,912,367,364,1146,876,629,388,1070,99.7,91.2,36.7,L
Male,1644,862,1103,1072,372,405,1198,870,671,395,1113,110.3,107.2,37.2,XXL
Male,1682,960,1098,1042,360,424,1249,881,726,427,1116,109.8,104.2,36.0,XXL
Male,1651,609,912,756,301,375,1076,844,550,352,1054,91.2,75.6,30.1,S
Male,1704,904,1181,1003,350,435,1214,888,648,390,1107,118.1,100.3,35.0,XXL
Male,1784,803,1031,886,340,405,1193,864,558,363,1115,103.1,88.6,34.0,L
Male,1640,750,1067,911,327,384,1179,843,602,386,1070,106.7,91.1,32.7,L
Male,1688,708,968,815,307,387,1162,875,580,367,1049,96.8,81.5,30.7,M
Male,1795,803,1033,891,342,395,1131,913,600,396,1149,103.3,89.1,34.2,L
Male,1839,681,909,765,305,360,1140,922,512,365,1145,90.9,76.5,30.5,S
Male,1710,840,1111,1041,355,400,1195,880,595,384,1127,111.1,104.1,35.5,XXL
Male,1730,929,1106,1054,352,412,1199,871,615,431,1160,110.6,105.4,35.2,XXL
Male,1669,975,1183,1152,380,430,1222,868,669,425,1063,118.3,115.2,38.0,XXXL
Male,1782,1108,1208,1107,376,404,1322,934,730,446,1166,120.8,110.7,37.6,XXL
Male,1745,801,1010,908,341,386,1151,905,616,391,1143,101.0,90.8,34.1,L
Male,1655,866,1147,1018,331,387,1205,847,643,378,1102,114.7,101.8,33.1,XL
Male,1803,979,1135,995,367,422,1240,905,648,425,1148,113.5,99.5,36.7,XL
Male,1735,1164,1309,1358,373,427,1294,921,698,420,1155,130.9,135.8,37.3,XXXL
Male,1729,977,1177,1067,368,449,1235,910,630,412,1139,117.7,106.7,36.8,XXL
Male,1738,793,981,845,312,401,1210,906,617,358,1108,98.1,84.5,31.2,M
Male,1780,855,1097,934,339,383,1159,920,662,382,1145,109.7,93.4,33.9,L
Male,1836,818,1016,901,342,406,1173,935,618,383,1210,101.6,90.1,34.2,L
Male,1722,921,1100,1091,371,394,1130,850,675,400,1145,110.0,109.1,37.1,XXL
Male,1907,1140,1227,1100,398,426,1285,952,696,416,1199,122.7,110.0,39.8,XXL
Male,1639,882,1156,1013,358,431,1184,868,660,397,1038,115.6,101.3,35.8,XL
Male,1784,878,1019,895,354,395,1166,890,648,399,1170,101.9,89.5,35.4,L
Male,1657,874,1131,972,359,407,1235,873,647,407,1075,113.1,97.2,35.9,XL
Male,1743,734,957,932,340,362,1067,871,593,405,1101,95.7,93.2,34.0,L
Male,1763,999,1174,1050,384,409,1255,903,659,407,1107,117.4,105.0,38.4,XXL
Male,1688,902,1121,1047,359,441,1244,876,646,400,1090,112.1,104.7,35.9,XXL
Male,1751,882,1060,975,391,408,1190,870,676,397,1162,106.0,97.5,39.1,XL
Male,1808,857,1102,969,360,393,1182,946,641,383,1151,110.2,96.9,36.0,XL
Male,1818,862,1033,999,362,373,1140,878,634,384,1186,103.3,99.9,36.2,XL
Male,1670,841,1075,1002,353,380,1127,817,655,392,1048,107.5,100.2,35.3,XL
Male,1893,1084,1131,1071,390,453,1252,1017,691,418,1253,113.1,107.1,39.0,XXL
Male,1802,816,1068,890,334,395,1198,923,602,399,1140,106.8,89.0,33.4,L
Male,1697,914,1148,1071,369,415,1240,867,646,410,1124,114.8,107.1,36.9,XXL
Male,1722,930,1099,1056,354,436,1213,879,654,409,1139,109.9,105.6,35.4,XXL
Male,1745,897,1107,1021,347,407,1168,899,611,385,1134,110.7,102.1,34.7,XL
Male,1729,982,1176,1104,354,439,1245,885,651,397,1125,117.6,110.4,35.4,XXL
Male,1740,829,1062,962,348,409,1180,878,636,385,1077,106.2,96.2,34.8,XL
Male,1674,771,1036,886,337,406,1158,850,612,390,1066,103.6,88.6,33.7,L
Male,1742,903,1100,1000,351,385,1202,919,660,399,1100,110.0,100.0,35.1,XL
Male,1777,880,1092,1013,363,415,1199,938,644,379,1168,109.2,101.3,36.3,XL
Male,1780,1043,1158,1112,370,440,1253,893,671,412,1160,115.8,111.2,37.0,XXL
Male,1600,633,939,826,297,395,1111,858,578,344,1066,93.9,82.6,29.7,M
Male,1707,973,1142,1049,379,447,1219,893,703,413,1139,114.2,104.9,37.9,XXL
Male,1781,797,1050,970,357,379,1150,862,593,373,1170,105.0,97.0,35.7,XL
Male,1765,720,973,820,336,391,1178,900,563,362,1155,97.3,82.0,33.6,M
Male,1784,659,927,778,315,367,1110,913,509,350,1181,92.7,77.8,31.5,S
Male,1808,1247,1257,1165,397,467,1342,982,780,483,1268,125.7,116.5,39.7,XXXL
Male,1702,821,1075,960,339,396,1166,860,601,380,1105,107.5,96.0,33.9,XL
Male,1777,759,1010,883,348,379,1158,934,587,355,1101,101.0,88.3,34.8,L
Male,1728,774,1029,888,332,394,1172,854,587,393,1101,102.9,88.8,33.2,L
Male,1746,775,1063,882,320,408,1109,845,566,375,1089,106.3,88.2,32.0,L
Male,1717,785,953,875,339,394,1156,846,619,392,1103,95.3,87.5,33.9,M
Male,1809,753,1008,821,301,393,1158,929,592,344,1162,100.8,82.1,30.1,M
Male,1742,872,1036,902,333,410,1222,932,671,395,1171,103.6,90.2,33.3,L
Male,1946,918,1018,954,339,387,1239,1003,640,390,1282,101.8,95.4,33.9,L
Male,1787,900,1047,963,366,417,1171,878,666,392,1122,104.7,96.3,36.6,XL
Male,1825,825,1048,943,349,381,1162,921,597,380,1170,104.8,94.3,34.9,L
Male,1915,877,1034,851,334,382,1218,957,607,387,1239,103.4,85.1,33.4,L
Male,1831,860,1011,907,342,401,1189,924,632,408,1233,101.1,90.7,34.2,L
Male,1798,932,1106,992,378,389,1236,928,691,407,1168,110.6,99.2,37.8,XL
Male,1770,699,951,767,296,370,1113,896,547,369,1211,95.1,76.7,29.6,M
Male,1733,723,964,835,327,372,1104,855,590,392,1144,96.4,83.5,32.7,M
Male,1706,704,1011,851,323,365,1147,904,562,382,1077,101.1,85.1,32.3,M
Male,1802,837,967,864,305,409,1228,900,616,401,1197,96.7,86.4,30.5,M
Male,1707,795,988,887,353,400,1195,858,635,382,1070,98.8,88.7,35.3,L
Male,1736,1222,1277,1287,419,442,1310,927,765,443,1161,127.7,128.7,41.9,XXXL
Male,1787,974,1120,1124,357,415,1231,884,644,404,1216,112.0,112.4,35.7,XXXL
Male,1613,684,997,846,321,387,1164,819,582,377,1052,99.7,84.6,32.1,M
Male,1638,584,872,813,313,373,1083,813,543,336,1091,87.2,81.3,31.3,M
Male,1779,961,1108,1070,357,427,1212,916,659,399,1192,110.8,107.0,35.7,XXL
Male,1770,666,953,735,300,379,1138,908,514,349,1135,95.3,73.5,30.0,M
Male,1734,938,1086,1015,381,414,1219,898,690,435,1127,108.6,101.5,38.1,XL
Male,1712,776,1090,895,345,403,1139,868,592,357,1069,109.0,89.5,34.5,L
Male,1817,903,1038,932,361,418,1232,931,611,407,1146,103.8,93.2,36.1,L
Male,1618,601,942,762,294,378,1095,846,520,345,1020,94.2,76.2,29.4,M
Male,1673,732,1022,884,332,392,1185,847,597,347,1042,102.2,88.4,33.2,L
Male,1745,1026,1213,1070,388,422,1263,913,693,418,1130,121.3,107.0,38.8,XXL
Male,1836,675,922,739,336,360,1100,925,542,356,1184,92.2,73.9,33.6,S
Male,1722,738,977,836,331,376,1148,887,596,377,1141,97.7,83.6,33.1,M
Male,1718,941,1168,1080,358,446,1258,877,671,383,1142,116.8,108.0,35.8,XXL
Male,1824,759,948,816,334,390,1155,892,565,377,1123,94.8,81.6,33.4,M
Male,1941,887,1007,904,348,397,1205,959,621,388,1227,100.7,90.4,34.8,L
Male,1883,650,977,756,286,360,1152,962,489,339,1166,97.7,75.6,28.6,M
Male,1838,742,990,808,330,371,1152,930,556,372,1146,99.0,80.8,33.0,M
Male,1772,756,975,845,338,409,1125,902,583,363,1102,97.5,84.5,33.8,M
Male,1797,1095,1161,1075,386,420,1315,983,735,416,1198,116.1,107.5,38.6,XXL
Male,1699,669,930,853,326,371,1076,825,588,352,1103,93.0,85.3,32.6,M
Male,1700,1045,1213,1073,359,460,1297,901,708,428,1098,121.3,107.3,35.9,XXL
Male,1707,817,1061,1018,339,417,1161,866,620,377,1055,106.1,101.8,33.9,XL
Male,1818,874,1008,846,331,410,1180,951,641,406,1209,100.8,84.6,33.1,M
Male,1708,691,1015,856,317,385,1137,885,554,339,1121,101.5,85.6,31.7,M
Male,1787,836,1004,883,332,398,1142,910,624,394,1118,100.4,88.3,33.2,L
Male,1750,678,944,889,337,364,1060,847,567,362,1098,94.4,88.9,33.7,L
Male,1742,950,1083,985,363,427,1230,918,668,460,1135,108.3,98.5,36.3,XL
Male,1623,915,1201,1086,361,467,1247,842,631,403,1062,120.1,108.6,36.1,XXL
Male,1771,824,1064,893,344,395,1192,865,612,391,1152,106.4,89.3,34.4,L
Male,1724,816,1011,911,344,383,1144,873,611,380,1090,101.1,91.1,34.4,L
Male,1951,996,1095,929,372,404,1257,986,636,402,1290,109.5,92.9,37.2,L
Male,1729,705,964,770,287,405,1146,903,548,377,1115,96.4,77.0,28.7,M
Male,1719,596,953,751,302,376,1079,841,471,334,1031,95.3,75.1,30.2,M
Male,1723,899,1052,970,344,418,1219,890,670,415,1198,105.2,97.0,34.4,XL
Male,1694,822,1070,985,334,412,1189,877,601,373,1090,107.0,98.5,33.4,XL
Male,1691,799,1041,958,332,401,1104,820,629,383,1083,104.1,95.8,33.2,L
Male,1733,786,1013,846,319,392,1150,901,616,359,1128,101.3,84.6,31.9,M
Male,1677,766,1088,952,331,400,1184,841,582,372,1060,108.8,95.2,33.1,L
Male,1758,667,968,775,284,378,1111,885,538,338,1107,96.8,77.5,28.4,M
Male,1899,1209,1301,1168,379,467,1310,974,709,415,1226,130.1,116.8,37.9,XXXL
Male,1761,778,1009,915,334,393,1157,885,582,389,1155,100.9,91.5,33.4,L
Male,1716,744,1023,913,335,377,1110,903,607,366,1148,102.3,91.3,33.5,L
Male,1741,931,1136,1021,340,417,1200,857,632,428,1140,113.6,102.1,34.0,XL
Male,1774,882,1147,995,317,398,1244,921,608,382,1140,114.7,99.5,31.7,XL
Male,1714,846,1037,1016,372,406,1143,889,662,393,1125,103.7,101.6,37.2,XL
Male,1745,961,1131,1027,357,435,1214,898,651,414,1150,113.1,102.7,35.7,XL
Male,1754,1014,1192,1080,393,395,1268,926,691,448,1123,119.2,108.0,39.3,XXL
Male,1727,854,1111,958,354,410,1207,880,625,418,1136,111.1,95.8,35.4,XL
Male,1774,905,1117,1028,353,465,1158,893,627,380,1137,111.7,102.8,35.3,XL
Male,1756,990,1153,1097,357,434,1234,867,646,420,1132,115.3,109.7,35.7,XXL
Male,1756,822,1093,914,350,382,1210,895,604,372,1119,109.3,91.4,35.0,L
Male,1774,876,1063,1032,372,409,1183,905,640,370,1143,106.3,103.2,37.2,XL
Male,1681,860,1112,1040,353,398,1183,857,606,374,1075,111.2,104.0,35.3,XXL
Male,1702,858,1150,984,339,388,1170,884,622,395,1135,115.0,98.4,33.9,XL
Male,1735,909,1158,967,338,400,1244,885,636,402,1082,115.8,96.7,33.8,XL
Male,1744,998,1158,1024,365,446,1214,901,646,415,1091,115.8,102.4,36.5,XL
Male,1732,917,1073,1004,337,403,1173,882,629,427,1139,107.3,100.4,33.7,XL
Male,1711,788,1084,908,320,394,1197,898,589,369,1075,108.4,90.8,32.0,L
Male,1635,697,1010,874,321,399,1137,852,555,381,1026,101.0,87.4,32.1,M
Male,1706,806,1069,901,319,421,1207,877,588,408,1072,106.9,90.1,31.9,L
Male,1771,861,1056,924,346,399,1164,909,629,400,1151,105.6,92.4,34.6,L
Male,1792,1082,1217,1100,391,417,1223,892,732,442,1169,121.7,110.0,39.1,XXL
Male,1831,949,1133,983,347,419,1278,921,637,385,1158,113.3,98.3,34.7,XL
Male,1852,993,1135,995,345,417,1216,940,668,390,1247,113.5,99.5,34.5,XL
Male,1821,995,1184,1074,358,401,1214,920,621,400,1222,118.4,107.4,35.8,XXL
Male,1754,1018,1186,1091,356,430,1250,916,656,426,1109,118.6,109.1,35.6,XXL
Male,1684,739,1067,970,354,355,1147,885,597,360,1076,106.7,97.0,35.4,XL
Male,1709,901,1121,1015,354,456,1201,850,623,387,1109,112.1,101.5,35.4,XL
Male,1826,971,1114,934,344,405,1248,993,663,385,1245,111.4,93.4,34.4,XL
Male,1795,897,1105,960,351,398,1188,922,643,416,1201,110.5,96.0,35.1,XL
Male,1782,780,1028,910,328,364,1138,902,586,369,1111,102.8,91.0,32.8,L
Male,1769,991,1158,1121,346,449,1199,934,631,408,1169,115.8,112.1,34.6,XXXL
Male,1745,872,1097,986,336,404,1155,863,647,384,1127,109.7,98.6,33.6,XL
Male,1803,946,1115,974,344,427,1220,900,655,372,1155,111.5,97.4,34.4,XL
Male,1735,909,1120,1036,347,417,1153,861,672,413,1177,112.0,103.6,34.7,XL
Male,1785,717,990,887,340,375,1052,884,587,342,1158,99.0,88.7,34.0,L
Male,1661,732,1025,960,353,384,1116,864,594,375,1082,102.5,96.0,35.3,XL
Male,1784,1075,1191,1021,366,441,1308,967,701,413,1163,119.1,102.1,36.6,XXL
Male,1773,813,1054,925,339,386,1192,895,565,374,1155,105.4,92.5,33.9,L
Male,1790,949,1165,1048,361,397,1228,903,618,398,1150,116.5,104.8,36.1,XXL
Male,1725,846,1080,972,338,389,1182,853,619,387,1122,108.0,97.2,33.8,XL
Male,1830,795,1010,909,355,413,1163,905,572,359,1189,101.0,90.9,35.5,L
Male,1699,844,1089,917,354,416,1202,893,637,387,1115,108.9,91.7,35.4,L
Male,1773,747,983,874,345,359,1114,866,612,356,1114,98.3,87.4,34.5,M
Male,1690,736,1068,972,353,385,1131,865,544,387,1136,106.8,97.2,35.3,XL
Male,1774,862,1067,955,332,411,1153,895,610,365,1146,106.7,95.5,33.2,L
Male,1734,784,1092,914,337,376,1209,914,602,375,1114,109.2,91.4,33.7,L
Male,1804,1014,1099,996,384,422,1239,897,747,413,1177,109.9,99.6,38.4,XL
Male,1655,716,1003,868,317,411,1110,845,590,353,1054,100.3,86.8,31.7,M
Male,1765,796,991,855,352,366,1147,870,630,411,1096,99.1,85.5,35.2,M
Male,1781,945,1137,1023,347,404,1172,895,641,425,1106,113.7,102.3,34.7,XL
Male,1871,858,1058,947,352,408,1144,919,596,380,1204,105.8,94.7,35.2,L
Male,1566,867,1152,1017,337,448,1244,800,668,410,1056,115.2,101.7,33.7,XL
Male,1782,871,1067,991,339,379,1165,883,604,382,1184,106.7,99.1,33.9,XL
Male,1737,952,1181,975,348,394,1250,928,655,413,1176,118.1,97.5,34.8,XXL
Male,1750,800,988,939,323,385,1094,871,584,401,1072,98.8,93.9,32.3,L
Male,1904,1054,1113,993,346,402,1255,949,699,428,1279,111.3,99.3,34.6,XL
Male,1785,848,1103,963,341,396,1241,925,595,357,1168,110.3,96.3,34.1,XL
Male,1763,895,1160,975,344,412,1225,910,602,386,1126,116.0,97.5,34.4,XL
Male,1735,817,1069,955,333,397,1168,889,579,372,1131,106.9,95.5,33.3,L
Male,1727,903,1122,1006,358,396,1208,900,630,392,1078,112.2,100.6,35.8,XL
Male,1903,1223,1224,1133,371,440,1313,964,707,449,1203,122.4,113.3,37.1,XXXL
Male,1788,925,1086,993,366,435,1215,910,662,413,1226,108.6,99.3,36.6,XL
Male,1821,1056,1217,1083,343,437,1240,931,622,418,1189,121.7,108.3,34.3,XXL
Male,1647,914,1233,1126,355,473,1227,898,645,392,1057,123.3,112.6,35.5,XXXL
Male,1873,963,1121,1027,334,437,1177,926,621,390,1266,112.1,102.7,33.4,XL
Male,1756,791,1050,828,329,395,1114,880,608,401,1091,105.0,82.8,32.9,L
Male,1794,1083,1157,974,366,462,1309,905,716,428,1127,115.7,97.4,36.6,XL
Male,1732,974,1151,1069,345,423,1203,882,643,431,1094,115.1,106.9,34.5,XXL
Male,1678,846,1097,981,333,423,1199,856,624,370,1105,109.7,98.1,33.3,XL
Male,1806,1074,1137,1038,335,416,1253,923,680,456,1137,113.7,103.8,33.5,XL
Male,1611,759,1090,1016,317,387,1095,843,568,369,1057,109.0,101.6,31.7,XL
Male,1890,1129,1184,1098,367,442,1275,945,706,431,1258,118.4,109.8,36.7,XXL
Male,1783,933,1048,934,359,402,1192,875,697,430,1205,104.8,93.4,35.9,L
Male,1857,1040,1143,1070,347,447,1222,930,636,418,1204,114.3,107.0,34.7,XXL
Male,1774,914,1061,1001,364,410,1137,897,691,410,1161,106.1,100.1,36.4,XL
Male,1843,1107,1161,1072,356,453,1292,925,728,420,1229,116.1,107.2,35.6,XXL
Male,1729,959,1153,962,340,411,1297,903,694,415,1090,115.3,96.2,34.0,XL
Male,1940,1064,1087,991,346,428,1233,1009,674,416,1270,108.7,99.1,34.6,XL
Male,1721,788,1020,933,318,387,1135,838,613,378,1146,102.0,93.3,31.8,L
Male,1828,900,1037,999,371,394,1115,900,658,404,1113,103.7,99.9,37.1,XL
Male,1762,903,1113,1028,348,393,1182,918,647,393,1197,111.3,102.8,34.8,XL
Male,1715,809,1064,927,346,396,1145,883,615,388,1145,106.4,92.7,34.6,L
Male,1783,872,1093,1012,337,405,1155,893,626,379,1119,109.3,101.2,33.7,XL
Male,1707,893,1102,1010,332,416,1169,872,673,422,1105,110.2,101.0,33.2,XL
Male,1812,934,1109,1022,357,439,1142,914,656,402,1157,110.9,102.2,35.7,XL
Male,1860,888,1106,891,319,410,1237,933,615,389,1188,110.6,89.1,31.9,XL
Male,1768,891,1086,904,349,394,1142,912,640,395,1168,108.6,90.4,34.9,L
Male,1761,954,1063,922,337,403,1217,891,688,403,1151,106.3,92.2,33.7,L
Male,1722,958,1129,1039,366,433,1247,918,665,406,1179,112.9,103.9,36.6,XL
Male,1789,812,1037,927,357,375,1171,916,595,386,1111,103.7,92.7,35.7,L
Male,1780,1024,1207,1130,373,461,1314,957,660,382,1226,120.7,113.0,37.3,XXXL
Male,1768,846,1073,999,361,407,1168,880,630,377,1146,107.3,99.9,36.1,XL
Male,1659,893,1136,920,332,414,1257,921,661,387,1097,113.6,92.0,33.2,XL
Male,1733,784,1042,944,328,389,1122,851,608,383,1151,104.2,94.4,32.8,L
Male,1924,1014,1125,1038,400,380,1245,965,703,438,1216,112.5,103.8,40.0,XL
Male,1698,801,1047,948,338,373,1110,828,628,366,1120,104.7,94.8,33.8,L
Male,1791,1003,1150,1060,372,412,1211,891,717,428,1184,115.0,106.0,37.2,XXL
Male,1800,871,1048,933,344,406,1188,909,617,383,1182,104.8,93.3,34.4,L
Male,1848,928,1146,985,362,437,1272,958,628,367,1160,114.6,98.5,36.2,XL
Male,1747,809,1090,895,324,371,1207,911,603,380,1115,109.0,89.5,32.4,L
Male,1905,1171,1196,1130,374,440,1269,955,739,444,1267,119.6,113.0,37.4,XXXL
Male,1671,882,1078,931,362,397,1226,925,662,425,1133,107.8,93.1,36.2,L
Male,1669,749,1012,919,337,368,1098,858,599,372,1066,101.2,91.9,33.7,L
Male,1810,957,1127,1025,365,420,1176,939,648,393,1184,112.7,102.5,36.5,XL
Male,1865,881,990,903,342,395,1164,889,623,405,1181,99.0,90.3,34.2,L
Male,1801,710,956,909,340,365,1093,899,566,360,1174,95.6,90.9,34.0,L
Male,1707,788,1053,961,341,407,1129,833,598,353,1126,105.3,96.1,34.1,XL
Male,1707,844,1059,983,352,408,1150,891,628,385,1083,105.9,98.3,35.2,XL
Male,1715,895,1103,1027,351,422,1186,880,676,374,1197,110.3,102.7,35.1,XL
Male,1803,931,1077,1022,356,424,1189,917,680,377,1227,107.7,102.2,35.6,XL
Male,1717,904,1117,962,362,419,1197,865,641,423,1125,111.7,96.2,36.2,XL
Male,1823,1061,1183,1082,362,417,1230,910,685,467,1182,118.3,108.2,36.2,XXL
Male,1768,858,1049,970,343,372,1131,862,661,415,1169,104.9,97.0,34.3,XL
Male,1622,858,1147,1065,365,385,1166,816,633,407,1046,114.7,106.5,36.5,XXL
Male,1780,909,1059,896,344,416,1225,878,653,413,1150,105.9,89.6,34.4,L
Male,1716,939,1130,984,308,411,1261,891,657,431,1177,113.0,98.4,30.8,XL
Male,1778,1097,1193,1082,365,472,1311,953,715,436,1195,119.3,108.2,36.5,XXL
Male,1704,669,977,827,326,365,1096,905,533,363,1075,97.7,82.7,32.6,M
Male,1783,856,1072,913,345,410,1183,894,613,363,1148,107.2,91.3,34.5,L
Male,1775,964,1098,1010,378,402,1210,901,670,411,1135,109.8,101.0,37.8,XL
Male,1749,759,951,816,316,382,1156,890,593,407,1101,95.1,81.6,31.6,M
Male,1794,818,1027,944,339,372,1141,869,593,396,1160,102.7,94.4,33.9,L
Male,1724,885,1090,1011,351,404,1205,859,635,378,1143,109.0,101.1,35.1,XL
Male,1831,1046,1163,1058,368,435,1301,946,688,406,1198,116.3,105.8,36.8,XXL
Male,1867,905,1045,954,353,390,1171,961,644,370,1221,104.5,95.4,35.3,L
Male,1794,856,1056,985,353,394,1162,895,626,368,1153,105.6,98.5,35.3,XL
Male,1777,893,1078,954,346,391,1174,885,669,388,1184,107.8,95.4,34.6,L
Male,1771,827,1022,935,341,405,1120,858,611,373,1157,102.2,93.5,34.1,L
Male,1805,1012,1165,1143,367,430,1225,876,673,387,1139,116.5,114.3,36.7,XXXL
Male,1739,832,1040,970,336,385,1120,873,616,397,1103,104.0,97.0,33.6,XL
Male,1733,942,1142,1068,373,411,1211,884,648,388,1127,114.2,106.8,37.3,XXL
Male,1694,966,1226,1044,375,434,1307,963,673,384,1125,122.6,104.4,37.5,XXL
Male,1821,1036,1126,1044,357,426,1250,933,675,384,1187,112.6,104.4,35.7,XXL
Male,1765,788,1044,888,336,396,1198,870,559,356,1078,104.4,88.8,33.6,L
Male,1779,873,1094,893,345,412,1212,923,631,403,1152,109.4,89.3,34.5,L
Male,1802,926,1118,948,322,403,1270,934,618,385,1137,111.8,94.8,32.2,XL
Male,1783,846,1026,952,366,404,1180,888,628,370,1121,102.6,95.2,36.6,L
Male,1853,878,1060,924,343,371,1161,940,602,394,1159,106.0,92.4,34.3,L
Male,1744,808,1084,992,341,381,1181,828,614,383,1115,108.4,99.2,34.1,XL
Male,1709,816,1099,994,353,397,1157,877,599,385,1091,109.9,99.4,35.3,XL
Male,1855,895,1054,991,351,405,1157,907,597,393,1128,105.4,99.1,35.1,XL
Male,1765,882,1070,928,361,426,1194,896,648,390,1096,107.0,92.8,36.1,L
Male,1764,890,1101,977,355,405,1202,892,654,373,1123,110.1,97.7,35.5,XL
Male,1807,1015,1103,1052,364,445,1279,925,658,426,1183,110.3,105.2,36.4,XXL
Male,1775,895,1009,921,344,429,1200,851,647,418,1162,100.9,92.1,34.4,L
Male,1760,795,1015,889,351,382,1148,874,600,388,1127,101.5,88.9,35.1,L
Male,1851,915,1117,1020,350,390,1205,947,624,367,1214,111.7,102.0,35.0,XL
Male,1734,734,1033,931,347,371,1098,880,574,363,1126,103.3,93.1,34.7,L
Male,1781,1087,1206,1138,354,442,1275,932,688,428,1233,120.6,113.8,35.4,XXXL
Male,1758,959,1113,1063,365,413,1228,885,674,391,1133,111.3,106.3,36.5,XXL
Male,1635,743,1069,932,338,397,1100,827,589,354,1085,106.9,93.2,33.8,L
Male,1745,837,1048,972,341,385,1200,865,647,383,1088,104.8,97.2,34.1,XL
Male,1740,791,1038,941,351,356,1131,870,616,367,1143,103.8,94.1,35.1,L
Male,1739,851,1125,1001,357,412,1225,882,598,363,1090,112.5,100.1,35.7,XL
Male,1774,802,1028,905,341,378,1138,888,607,380,1178,102.8,90.5,34.1,L
Male,1802,958,1140,1079,361,411,1199,921,643,412,1174,114.0,107.9,36.1,XXL
Male,1728,828,1043,900,334,389,1138,925,608,380,1119,104.3,90.0,33.4,L
Male,1710,779,1022,961,341,386,1156,878,611,366,1111,102.2,96.1,34.1,XL
Male,1735,833,1077,915,336,405,1212,859,616,374,1157,107.7,91.5,33.6,L
Male,1671,578,879,720,301,355,1082,851,522,323,1032,87.9,72.0,30.1,S
Male,1791,1055,1178,1060,367,414,1274,905,722,451,1200,117.8,106.0,36.7,XXL
Male,1794,898,1076,980,386,393,1211,898,647,408,1101,107.6,98.0,38.6,XL
Male,1853,937,1114,958,344,397,1232,931,639,414,1175,111.4,95.8,34.4,XL
Male,1712,887,1143,1054,358,426,1208,887,599,401,1133,114.3,105.4,35.8,XXL
Male,1777,797,1057,914,334,387,1195,903,579,366,1138,105.7,91.4,33.4,L
Male,1815,1001,1149,1021,362,431,1248,946,681,429,1222,114.9,102.1,36.2,XL
Male,1859,827,978,861,350,412,1163,925,596,343,1160,97.8,86.1,35.0,M
Male,1609,771,1076,1046,336,424,1159,820,571,367,1028,107.6,104.6,33.6,XXL
Male,1660,844,1089,981,347,385,1165,871,626,417,1142,108.9,98.1,34.7,XL
Male,1863,953,1160,1050,378,406,1202,922,638,400,1267,116.0,105.0,37.8,XXL
Male,1819,779,1012,947,344,370,1129,911,574,367,1122,101.2,94.7,34.4,L
Male,1726,713,961,930,343,362,1120,857,563,355,1126,96.1,93.0,34.3,L
Male,1717,1064,1186,1094,380,472,1293,909,706,451,1076,118.6,109.4,38.0,XXL
Male,1762,944,1137,1099,385,410,1160,946,657,406,1194,113.7,109.9,38.5,XXL
Male,1782,810,999,908,333,392,1128,881,586,405,1123,99.9,90.8,33.3,L
Male,1782,808,1027,952,327,393,1156,938,611,368,1149,102.7,95.2,32.7,L
Male,1734,826,1076,922,341,412,1150,863,610,362,1120,107.6,92.2,34.1,L
Male,1528,663,997,966,321,382,1048,797,610,362,1022,99.7,96.6,32.1,XL
Male,1750,725,1007,823,323,393,1151,888,545,358,1075,100.7,82.3,32.3,M
Male,1793,766,1003,920,355,383,1142,910,598,373,1175,100.3,92.0,35.5,L
Male,1706,766,1027,956,326,382,1131,866,581,396,1143,102.7,95.6,32.6,L
Male,1794,1047,1143,1051,371,428,1265,987,701,451,1143,114.3,105.1,37.1,XXL
Male,1778,727,1009,878,337,379,1182,912,576,377,1118,100.9,87.8,33.7,M
Male,1700,797,1052,976,358,408,1168,895,628,389,1147,105.2,97.6,35.8,XL
Male,1689,950,1272,1013,350,465,1300,876,583,406,1079,127.2,101.3,35.0,XXXL
Male,1659,874,1094,969,357,413,1210,839,658,428,1053,109.4,96.9,35.7,XL
Male,1653,914,1134,996,344,421,1220,877,659,451,1043,113.4,99.6,34.4,XL
Male,1647,852,1135,1041,353,428,1231,893,607,395,1071,113.5,104.1,35.3,XXL
Male,1794,782,983,838,335,393,1172,899,579,360,1135,98.3,83.8,33.5,M
Male,1681,762,1073,947,337,401,1147,857,597,375,1077,107.3,94.7,33.7,L
Male,1700,908,1125,1043,350,403,1204,866,646,414,1117,112.5,104.3,35.0,XXL
Male,1755,767,1021,851,332,396,1187,899,578,367,1128,102.1,85.1,33.2,L
Male,1710,859,1042,1004,358,391,1146,860,635,413,1070,104.2,100.4,35.8,XL
Male,1845,1067,1148,1043,383,434,1258,902,689,418,1188,114.8,104.3,38.3,XXL
Male,1696,849,1092,982,343,399,1150,875,633,394,1125,109.2,98.2,34.3,XL
Male,1792,700,922,840,316,395,1139,915,537,359,1134,92.2,84.0,31.6,M
Male,1735,657,899,827,328,369,1106,858,533,347,1081,89.9,82.7,32.8,M
Male,1677,845,1087,951,340,387,1211,910,616,432,1060,108.7,95.1,34.0,L
Male,1767,987,1166,1047,362,443,1281,931,658,395,1122,116.6,104.7,36.2,XXL
Male,1751,857,1047,1001,360,411,1148,866,647,384,1133,104.7,100.1,36.0,XL
Male,1769,1045,1148,1086,382,417,1271,919,735,407,1114,114.8,108.6,38.2,XXL
Male,1736,893,1051,1059,355,401,1150,857,629,397,1110,105.1,105.9,35.5,XXL
Male,1873,1032,1132,978,356,420,1245,919,680,405,1137,113.2,97.8,35.6,XL
Male,1743,894,1069,957,368,414,1231,882,677,397,1118,106.9,95.7,36.8,L
Male,1775,666,907,773,334,360,1100,865,554,350,1066,90.7,77.3,33.4,S
Male,1717,890,1163,936,338,411,1299,852,657,364,1117,116.3,93.6,33.8,XL
Male,1706,1056,1243,1112,370,442,1347,925,709,415,1102,124.3,111.2,37.0,XXL
Male,1761,843,1074,941,342,395,1206,907,628,403,1141,107.4,94.1,34.2,L
Male,1660,746,993,867,341,381,1119,855,611,392,1072,99.3,86.7,34.1,M
Male,1665,597,940,766,312,346,1093,840,505,349,994,94.0,76.6,31.2,M
Male,1773,826,1024,946,343,430,1192,915,598,374,1095,102.4,94.6,34.3,L
Male,1735,907,1151,951,351,411,1260,915,619,413,1111,115.1,95.1,35.1,XL
Male,1723,877,1133,930,335,436,1275,892,614,403,1148,113.3,93.0,33.5,XL
Male,1693,685,1017,822,324,386,1162,863,543,354,1066,101.7,82.2,32.4,M
Male,1728,767,1027,908,337,375,1168,880,598,384,1070,102.7,90.8,33.7,L
Male,1809,1081,1219,1082,374,441,1296,911,677,454,1145,121.9,108.2,37.4,XXL
Male,1671,772,1043,898,352,377,1099,844,618,395,1074,104.3,89.8,35.2,L
Male,1775,829,1042,909,363,368,1178,904,631,373,1148,104.2,90.9,36.3,L
Male,1727,857,1051,1010,350,413,1153,874,634,371,1094,105.1,101.0,35.0,XL
Male,1675,691,1009,860,328,401,1129,818,569,339,1048,100.9,86.0,32.8,M
Male,1697,806,1072,938,310,404,1127,847,601,383,1075,107.2,93.8,31.0,L
Male,1760,737,1011,875,343,383,1109,891,590,347,1130,101.1,87.5,34.3,M
Male,1766,775,1023,836,332,383,1160,880,588,406,1092,102.3,83.6,33.2,L
Male,1707,1006,1152,1155,376,456,1211,838,700,415,1072,115.2,115.5,37.6,XXXL
Male,1798,860,1036,1007,352,393,1199,945,595,396,1136,103.6,100.7,35.2,XL
Male,1682,597,872,778,319,367,1035,796,531,331,1009,87.2,77.8,31.9,S
Male,1747,979,1167,1129,367,444,1239,900,662,409,1097,116.7,112.9,36.7,XXXL
Male,1966,897,995,880,374,397,1233,1012,559,368,1204,99.5,88.0,37.4,L
Male,1737,1016,1168,1034,370,413,1266,864,685,422,1109,116.8,103.4,37.0,XL
Male,1863,1119,1213,1036,366,432,1290,951,672,405,1222,121.3,103.6,36.6,XXL
Male,1857,711,949,815,354,377,1123,893,538,356,1186,94.9,81.5,35.4,M
Male,1849,1057,1157,1008,370,412,1290,922,720,428,1188,115.7,100.8,37.0,XL
Male,1836,828,1035,924,347,375,1135,920,616,363,1165,103.5,92.4,34.7,L
Male,1730,851,1037,939,336,411,1196,900,642,413,1129,103.7,93.9,33.6,L
Male,1950,1047,1099,1030,364,413,1223,957,652,445,1286,109.9,103.0,36.4,XL
Male,1637,781,1038,909,329,395,1187,850,638,376,1059,103.8,90.9,32.9,L
Male,1796,984,1066,995,373,429,1205,895,686,418,1133,106.6,99.5,37.3,XL
Male,1692,761,1048,876,326,380,1133,850,581,383,1059,104.8,87.6,32.6,L
Male,1624,764,1003,933,340,385,1141,842,660,398,1023,100.3,93.3,34.0,L
Male,1620,970,1137,1105,392,440,1230,846,743,437,1075,113.7,110.5,39.2,XXL
Male,1686,868,1142,997,344,442,1279,895,632,372,1118,114.2,99.7,34.4,XL
Male,1744,801,1046,955,363,362,1159,867,601,379,1093,104.6,95.5,36.3,L
Male,1713,861,1067,1026,348,403,1170,836,634,374,1088,106.7,102.6,34.8,XL
Male,1750,794,1096,958,322,418,1160,872,557,351,1150,109.6,95.8,32.2,L
Male,1788,1051,1167,1115,372,419,1202,885,681,402,1098,116.7,111.5,37.2,XXL
Male,1830,848,1026,838,341,401,1219,898,628,381,1165,102.6,83.8,34.1,L
Male,1711,630,964,801,324,375,1115,852,505,356,1086,96.4,80.1,32.4,M
Male,1841,1344,1317,1263,416,460,1350,955,762,476,1236,131.7,126.3,41.6,XXXL
Male,1784,974,1136,1008,359,439,1299,940,682,412,1154,113.6,100.8,35.9,XL
Male,1915,804,967,855,337,362,1155,935,557,373,1186,96.7,85.5,33.7,M
Male,1835,838,1015,943,357,388,1182,913,611,375,1127,101.5,94.3,35.7,L
Male,1905,1262,1242,1211,400,450,1322,978,756,443,1223,124.2,121.1,40.0,XXXL
Male,1817,1156,1214,1139,399,409,1270,971,761,428,1199,121.4,113.9,39.9,XXXL
Male,1847,1053,1168,1119,369,435,1276,917,680,404,1178,116.8,111.9,36.9,XXL
Male,1724,678,928,818,331,354,1092,853,581,396,1033,92.8,81.8,33.1,M
Male,1782,957,1144,1022,358,432,1243,907,623,396,1121,114.4,102.2,35.8,XL
Male,1717,703,976,793,323,393,1145,875,549,345,1118,97.6,79.3,32.3,M
Male,1781,657,890,777,330,360,1087,871,533,361,1120,89.0,77.7,33.0,S
Male,1833,895,1072,967,353,409,1194,935,617,395,1159,107.2,96.7,35.3,XL
Male,1741,758,1008,830,315,400,1174,882,580,381,1065,100.8,83.0,31.5,M
Male,1824,906,1072,1027,368,399,1165,914,617,399,1160,107.2,102.7,36.8,XL
Male,1766,720,937,821,321,369,1127,911,574,374,1101,93.7,82.1,32.1,M
Male,1821,1048,1106,1150,384,424,1236,912,705,424,1151,110.6,115.0,38.4,XXXL
Male,1798,1161,1201,1206,381,431,1255,898,740,464,1139,120.1,120.6,38.1,XXXL
Male,1832,866,1052,898,340,380,1183,920,635,403,1208,105.2,89.8,34.0,L
Male,1685,601,922,761,306,365,1123,856,506,356,1078,92.2,76.1,30.6,S
Male,1788,1120,1164,1159,390,438,1262,918,732,416,1197,116.4,115.9,39.0,XXXL
Male,1765,762,979,898,330,399,1189,884,564,375,1085,97.9,89.8,33.0,L
Male,1818,1278,1299,1159,433,451,1339,958,788,463,1167,129.9,115.9,43.3,XXXL
Male,1687,529,855,709,298,340,1041,854,458,326,1041,85.5,70.9,29.8,XS
Male,1751,918,1121,1005,356,447,1220,892,633,398,1130,112.1,100.5,35.6,XL
Male,1778,830,1002,876,356,386,1215,917,632,396,1101,100.2,87.6,35.6,M
Male,1809,1053,1213,1042,380,434,1336,971,674,416,1153,121.3,104.2,38.0,XXL
Male,1787,899,1100,1022,364,423,1235,937,623,402,1156,110.0,102.2,36.4,XL
Male,1844,849,1047,934,334,410,1160,942,585,369,1209,104.7,93.4,33.4,L
Male,1790,823,1106,917,349,375,1209,910,633,356,1136,110.6,91.7,34.9,XL
Male,1693,659,952,800,309,374,1023,804,528,358,1043,95.2,80.0,30.9,M
Male,1734,788,1045,972,340,385,1148,886,610,354,1128,104.5,97.2,34.0,XL
Male,1834,787,996,859,343,391,1162,960,590,357,1173,99.6,85.9,34.3,M
Male,1830,954,1077,977,363,412,1234,900,662,406,1124,107.7,97.7,36.3,XL
Male,1842,970,1129,993,361,403,1215,951,628,408,1147,112.9,99.3,36.1,XL
Male,1876,1052,1154,1048,382,413,1310,940,717,437,1170,115.4,104.8,38.2,XXL
Male,1665,649,993,841,313,383,1111,837,539,323,1093,99.3,84.1,31.3,M
Male,1890,1024,1219,1034,357,429,1283,972,658,384,1182,121.9,103.4,35.7,XXL
Male,1737,774,1006,942,343,360,1136,898,588,353,1066,100.6,94.2,34.3,L
Male,1856,891,1116,872,342,416,1235,917,615,387,1150,111.6,87.2,34.2,XL
Male,1827,701,962,808,322,375,1137,934,531,336,1193,96.2,80.8,32.2,M
Male,1772,953,1145,1047,351,438,1232,911,670,390,1127,114.5,104.7,35.1,XXL
Male,1725,1029,1189,1124,377,422,1202,875,695,444,1112,118.9,112.4,37.7,XXXL
Male,1741,717,931,856,321,381,1152,830,587,368,1096,93.1,85.6,32.1,M
Male,1924,1134,1143,1106,395,427,1261,946,676,420,1219,114.3,110.6,39.5,XXL
Male,1852,924,1108,945,363,397,1181,922,634,415,1170,110.8,94.5,36.3,XL
Male,1833,975,1133,1037,368,401,1242,941,673,412,1204,113.3,103.7,36.8,XL
Male,1648,754,1015,889,334,389,1138,846,599,383,1105,101.5,88.9,33.4,L
Male,1733,826,991,931,351,382,1146,892,624,394,1167,99.1,93.1,35.1,L
Male,1681,931,1121,1023,366,447,1197,898,664,404,1146,112.1,102.3,36.6,XL
Male,1745,1112,1153,1184,407,442,1288,880,780,447,1150,115.3,118.4,40.7,XXXL
Male,1700,808,1062,876,338,392,1190,905,642,410,1140,106.2,87.6,33.8,L
Male,1689,811,1053,835,355,410,1202,876,649,402,1062,105.3,83.5,35.5,L
Male,1803,962,1069,990,377,425,1207,901,692,405,1164,106.9,99.0,37.7,XL
Male,1861,1003,1098,1009,392,372,1186,938,691,422,1209,109.8,100.9,39.2,XL
Male,1754,999,1125,1089,374,405,1232,902,709,406,1140,112.5,108.9,37.4,XXL
Male,1817,1003,1147,1066,371,402,1220,945,692,420,1203,114.7,106.6,37.1,XXL
Male,1709,773,1046,958,331,414,1107,872,670,422,1086,104.6,95.8,33.1,L
Male,1802,782,1006,813,344,372,1141,914,588,378,1111,100.6,81.3,34.4,M
Male,1837,956,1064,868,360,405,1262,957,648,425,1216,106.4,86.8,36.0,L
Male,1771,660,897,757,322,363,1085,893,523,370,1098,89.7,75.7,32.2,S
Male,1879,1087,1218,1108,381,432,1257,975,681,432,1227,121.8,110.8,38.1,XXL
Male,1849,1107,1159,1080,381,436,1279,972,709,434,1228,115.9,108.0,38.1,XXL
Male,1735,935,1068,1054,380,401,1204,931,696,425,1131,106.8,105.4,38.0,XXL
Male,1807,848,1031,884,356,402,1178,889,646,369,1173,103.1,88.4,35.6,L
Male,1791,963,1116,1007,366,425,1211,892,668,411,1151,111.6,100.7,36.6,XL
Male,1700,646,922,746,318,372,1123,838,543,367,1061,92.2,74.6,31.8,S
Male,1862,1026,1063,1071,403,365,1162,926,727,413,1223,106.3,107.1,40.3,XXL
Male,1727,884,1048,982,349,397,1213,884,678,436,1154,104.8,98.2,34.9,XL
Male,1684,674,939,795,307,380,1152,861,564,372,1074,93.9,79.5,30.7,S
Male,1709,823,1018,961,359,406,1159,885,644,395,1077,101.8,96.1,35.9,XL
Male,1761,730,978,830,338,373,1119,900,568,356,1122,97.8,83.0,33.8,M
Male,1725,889,1093,988,358,410,1214,855,628,411,1067,109.3,98.8,35.8,XL
Male,1657,771,1026,897,339,396,1177,865,610,372,1076,102.6,89.7,33.9,L
Male,1738,699,920,790,312,377,1122,865,535,386,1068,92.0,79.0,31.2,S
Male,1936,831,993,855,344,373,1140,917,595,394,1267,99.3,85.5,34.4,M
Male,1869,1163,1213,1116,393,442,1285,962,722,412,1185,121.3,111.6,39.3,XXL
Male,1834,986,1124,1077,359,388,1205,923,677,401,1190,112.4,107.7,35.9,XXL
Male,1928,1325,1255,1185,401,437,1405,977,829,438,1287,125.5,118.5,40.1,XXXL
Male,1831,1048,1193,1055,392,418,1282,931,668,413,1181,119.3,105.5,39.2,XXL
Male,1758,824,1026,961,348,393,1160,894,616,403,1171,102.6,96.1,34.8,XL
Male,1721,650,943,782,322,364,1110,891,531,342,1122,94.3,78.2,32.2,M
Male,1883,961,1042,1008,372,395,1197,947,633,394,1168,104.2,100.8,37.2,XL
Male,1811,979,1115,961,382,421,1209,935,702,433,1212,111.5,96.1,38.2,XL
Male,1700,540,848,687,296,325,1002,824,492,342,1087,84.8,68.7,29.6,XS
Male,1664,608,892,763,290,346,1123,859,544,348,1080,89.2,76.3,29.0,S
Male,1733,739,996,887,330,366,1110,854,574,350,1126,99.6,88.7,33.0,L
Male,1839,1044,1114,1018,382,429,1260,929,687,444,1155,111.4,101.8,38.2,XL
Male,1600,393,774,648,264,311,925,732,412,266,1012,77.4,64.8,26.4,XS
Male,1771,897,1113,987,366,412,1216,938,636,384,1144,111.3,98.7,36.6,XL
Male,1859,1258,1182,1113,410,435,1326,985,812,512,1213,118.2,111.3,41.0,XXL
Male,1839,816,988,809,336,411,1207,962,625,373,1190,98.8,80.9,33.6,M
Male,1759,734,993,846,326,400,1168,888,591,356,1086,99.3,84.6,32.6,M
Male,1688,875,1145,1008,340,410,1173,902,594,386,1108,114.5,100.8,34.0,XL
Male,1792,753,1012,846,346,368,1171,906,583,373,1151,101.2,84.6,34.6,M
Male,1790,819,1052,880,357,385,1237,919,609,398,1072,105.2,88.0,35.7,L
Male,1773,852,1089,950,355,402,1174,900,646,368,1156,108.9,95.0,35.5,L
Male,1765,655,944,762,321,357,1072,903,541,373,1114,94.4,76.2,32.1,M
Male,1732,997,1144,956,366,471,1266,891,695,441,1081,114.4,95.6,36.6,XL
Male,1810,861,1033,869,343,385,1179,895,629,411,1161,103.3,86.9,34.3,L
Male,1728,593,912,755,322,363,1069,860,508,330,1074,91.2,75.5,32.2,S
Male,1814,1019,1174,1054,381,440,1262,874,674,414,1127,117.4,105.4,38.1,XXL
Male,1772,795,1056,847,343,380,1171,835,621,404,1148,105.6,84.7,34.3,L
Male,1750,709,935,775,339,388,1145,886,565,367,1157,93.5,77.5,33.9,S
Male,1803,783,1011,796,354,384,1186,899,602,386,1118,101.1,79.6,35.4,M
Male,1737,727,951,803,331,367,1129,877,597,363,1108,95.1,80.3,33.1,M
Male,1839,867,1089,898,349,392,1188,945,618,412,1174,108.9,89.8,34.9,L
Male,1880,991,1083,1056,368,376,1190,921,675,414,1195,108.3,105.6,36.8,XXL
Male,1785,828,1055,878,343,401,1149,868,594,368,1115,105.5,87.8,34.3,L
Male,1794,840,1086,902,341,401,1169,917,615,399,1142,108.6,90.2,34.1,L
Male,1728,823,1009,883,355,396,1206,876,665,389,1130,100.9,88.3,35.5,L
Male,1699,708,971,866,329,357,1116,875,564,364,1073,97.1,86.6,32.9,M
Male,1771,670,954,757,307,354,1078,859,540,337,1121,95.4,75.7,30.7,M
Male,1768,703,980,853,322,377,1120,846,570,348,1102,98.0,85.3,32.2,M
Male,1712,902,1119,1025,353,409,1195,821,676,410,1094,111.9,102.5,35.3,XL
Male,1674,600,912,813,319,356,1066,830,546,326,1080,91.2,81.3,31.9,M
Male,1729,910,1150,1015,369,402,1207,881,671,416,1132,115.0,101.5,36.9,XL
Male,1746,912,1104,998,367,399,1216,893,645,433,1168,110.4,99.8,36.7,XL
Male,1609,837,1097,1064,354,388,1179,793,659,399,1057,109.7,106.4,35.4,XXL
Male,1797,820,980,971,364,384,1130,904,636,382,1159,98.0,97.1,36.4,XL
Male,1809,1155,1215,1136,379,446,1277,908,719,454,1141,121.5,113.6,37.9,XXXL
Male,1735,579,890,731,319,355,1086,877,491,347,1117,89.0,73.1,31.9,S
Male,1718,935,1075,969,391,435,1245,909,702,415,1142,107.5,96.9,39.1,XL
Male,1776,864,1084,879,316,424,1194,885,634,382,1165,108.4,87.9,31.6,L
Male,1658,558,926,753,303,367,1073,853,497,337,1077,92.6,75.3,30.3,S
Male,1856,985,1109,964,372,396,1254,941,661,408,1180,110.9,96.4,37.2,XL
Male,1704,972,1161,1020,350,413,1236,841,683,424,1114,116.1,102.0,35.0,XL
Male,1787,934,1058,882,334,406,1230,927,661,423,1221,105.8,88.2,33.4,L
Male,1653,857,1042,1005,383,387,1158,829,701,416,1046,104.2,100.5,38.3,XL
Male,1853,856,1022,938,361,375,1170,942,691,383,1212,102.2,93.8,36.1,L
Male,1779,634,851,757,307,350,1051,907,550,342,1156,85.1,75.7,30.7,S
Male,1759,883,1118,1016,359,402,1191,875,600,394,1124,111.8,101.6,35.9,XL
Male,1738,591,895,743,333,352,1077,874,499,324,1092,89.5,74.3,33.3,S
Male,1712,958,1197,971,331,470,1342,938,655,387,1070,119.7,97.1,33.1,XXL
Male,1703,698,957,842,328,366,1160,896,569,366,1087,95.7,84.2,32.8,M
Male,1736,742,977,902,334,392,1135,872,588,377,1085,97.7,90.2,33.4,L
Male,1720,799,1026,902,345,378,1173,875,613,392,1094,102.6,90.2,34.5,L
Male,1786,1099,1195,1229,393,409,1275,866,704,410,1149,119.5,122.9,39.3,XXXL
Male,1711,873,1093,997,346,407,1174,857,603,402,1127,109.3,99.7,34.6,XL
Male,1724,658,926,846,333,357,1093,867,530,343,1072,92.6,84.6,33.3,M
Male,1736,983,1106,908,355,436,1222,908,716,402,1100,110.6,90.8,35.5,XL
Male,1736,638,922,778,335,359,1083,843,557,353,1122,92.2,77.8,33.5,S
Male,1810,1298,1244,1356,393,438,1258,950,753,467,1182,124.4,135.6,39.3,XXXL
Male,1678,746,1003,909,329,374,1132,845,598,400,1077,100.3,90.9,32.9,L
Male,1746,804,1041,877,351,405,1173,874,624,361,1092,104.1,87.7,35.1,L
Male,1736,773,991,836,319,366,1100,855,610,412,1119,99.1,83.6,31.9,M
Male,1774,980,1154,1013,354,413,1269,930,653,393,1146,115.4,101.3,35.4,XL
Male,1750,796,1001,864,332,389,1140,882,575,380,1132,100.1,86.4,33.2,M
Male,1880,1062,1078,1004,371,438,1298,983,703,430,1246,107.8,100.4,37.1,XL
Male,1703,790,1056,933,331,383,1160,858,647,380,1134,105.6,93.3,33.1,L
Male,1921,1001,1096,995,376,400,1234,934,694,445,1213,109.6,99.5,37.6,XL
Male,1826,846,1022,911,354,401,1177,900,619,388,1101,102.2,91.1,35.4,L
Male,1822,741,918,834,352,369,1122,920,579,377,1168,91.8,83.4,35.2,M
Male,1679,591,865,766,311,357,1028,830,524,360,1071,86.5,76.6,31.1,S
Male,1766,822,1059,924,327,386,1170,889,602,368,1115,105.9,92.4,32.7,L
Male,1735,643,912,758,313,379,1103,852,559,342,1085,91.2,75.8,31.3,S
Male,1812,878,1051,921,342,409,1186,911,630,408,1178,105.1,92.1,34.2,L
Male,1752,799,1012,894,355,392,1165,863,637,383,1142,101.2,89.4,35.5,L
Male,1653,811,1077,880,336,411,1198,869,640,378,1121,107.7,88.0,33.6,L
Male,1774,1096,1191,1112,408,414,1277,901,745,428,1200,119.1,111.2,40.8,XXL
Male,1714,689,958,798,342,350,1099,865,585,364,1097,95.8,79.8,34.2,M
Male,1764,827,1008,900,350,392,1182,910,631,408,1137,100.8,90.0,35.0,L
Male,1832,883,1031,914,351,379,1228,959,649,387,1145,103.1,91.4,35.1,L
Male,1800,898,1117,1001,355,427,1208,880,614,399,1135,111.7,100.1,35.5,XL
Male,1704,1128,1224,1155,412,444,1242,908,764,446,1113,122.4,115.5,41.2,XXXL
Male,1799,949,1182,1049,355,424,1268,955,624,406,1189,118.2,104.9,35.5,XXL
Male,1733,765,1023,813,314,400,1165,922,563,385,1132,102.3,81.3,31.4,L
Male,1775,1059,1170,1113,399,416,1250,909,738,416,1200,117.0,111.3,39.9,XXL
Male,1650,557,917,758,298,357,1046,800,505,345,1084,91.7,75.8,29.8,S
Male,1688,910,1082,1014,355,395,1158,865,690,428,1127,108.2,101.4,35.5,XL
Male,1682,852,1113,1061,344,411,1162,833,606,393,1093,111.3,106.1,34.4,XXL
Male,1715,903,1099,1045,371,396,1180,856,678,365,1156,109.9,104.5,37.1,XXL
Male,1691,956,1116,1055,341,422,1266,876,651,433,1090,111.6,105.5,34.1,XXL
Male,1758,875,1157,956,351,395,1241,918,631,406,1175,115.7,95.6,35.1,XL
Male,1844,1046,1173,993,351,424,1287,916,693,422,1201,117.3,99.3,35.1,XL
Male,1820,859,1063,928,359,386,1215,957,606,408,1145,106.3,92.8,35.9,L
Male,1745,784,1057,910,329,383,1168,876,594,357,1164,105.7,91.0,32.9,L
Male,1848,748,970,833,342,377,1168,922,559,362,1168,97.0,83.3,34.2,M
Male,1768,1036,1223,1067,342,451,1293,925,655,396,1091,122.3,106.7,34.2,XXL
Male,1769,828,1065,902,346,394,1180,894,604,396,1136,106.5,90.2,34.6,L
Male,1818,857,1092,975,352,390,1163,924,603,371,1171,109.2,97.5,35.2,XL
Male,1673,745,966,887,333,388,1121,832,618,387,1047,96.6,88.7,33.3,L
Male,1724,871,1090,965,334,422,1231,852,599,401,1048,109.0,96.5,33.4,XL
Male,1722,735,1022,804,338,392,1176,880,603,374,1092,102.2,80.4,33.8,L
Male,1761,783,1035,940,337,396,1130,915,593,382,1161,103.5,94.0,33.7,L
Male,1761,903,1126,999,341,416,1183,851,624,417,1095,112.6,99.9,34.1,XL
Male,1693,642,973,819,306,358,1072,858,518,348,1060,97.3,81.9,30.6,M
Male,1686,824,1020,947,334,377,1184,853,639,395,1079,102.0,94.7,33.4,L
Male,1683,690,992,867,322,385,1091,825,561,360,1063,99.2,86.7,32.2,M
Male,1688,769,1040,872,323,377,1184,828,584,384,1018,104.0,87.2,32.3,L
Male,1764,881,1079,956,363,388,1174,873,632,400,1154,107.9,95.6,36.3,L
Male,1802,862,1064,933,354,402,1167,912,612,403,1155,106.4,93.3,35.4,L
Male,1881,807,988,913,339,387,1171,935,562,377,1250,98.8,91.3,33.9,L
Male,1682,924,1213,1070,365,407,1259,875,663,408,1085,121.3,107.0,36.5,XXL
Male,1799,1015,1104,1060,380,436,1242,925,681,428,1161,110.4,106.0,38.0,XXL
Male,1841,1102,1123,1111,383,434,1248,910,743,428,1232,112.3,111.1,38.3,XXL
Male,1776,771,1011,897,332,378,1146,867,600,352,1124,101.1,89.7,33.2,L
Male,1734,995,1095,1038,373,397,1220,898,707,434,1119,109.5,103.8,37.3,XL
Male,1759,635,946,766,298,357,1113,863,505,337,1075,94.6,76.6,29.8,M
Male,1827,1056,1140,987,396,420,1267,937,736,425,1193,114.0,98.7,39.6,XL
Male,1835,1092,1297,1068,349,411,1368,928,672,452,1202,129.7,106.8,34.9,XXXL
Male,1744,731,1042,855,326,405,1193,878,543,374,1066,104.2,85.5,32.6,L
Male,1772,834,1041,961,374,377,1166,881,649,391,1093,104.1,96.1,37.4,XL
Male,1650,737,1008,835,329,410,1158,818,609,373,1045,100.8,83.5,32.9,M
Male,1745,803,1017,834,332,415,1165,889,582,383,1071,101.7,83.4,33.2,M
Male,1805,832,1028,857,351,413,1232,950,599,386,1142,102.8,85.7,35.1,L
Male,1660,661,936,798,306,368,1107,835,554,392,1038,93.6,79.8,30.6,S
Male,1824,1029,1161,1012,351,405,1276,917,692,437,1180,116.1,101.2,35.1,XL
Male,1857,1081,1178,1095,372,433,1250,934,671,413,1180,117.8,109.5,37.2,XXL
Male,1790,1034,1072,1023,396,410,1220,897,738,487,1117,107.2,102.3,39.6,XL
Male,1807,813,1068,937,348,399,1186,911,582,368,1146,106.8,93.7,34.8,L
Male,1746,696,979,840,330,369,1114,883,582,362,1145,97.9,84.0,33.0,M
Male,1676,817,1051,971,362,406,1185,845,656,390,1077,105.1,97.1,36.2,XL
Male,1789,919,1049,963,349,422,1276,957,647,378,1137,104.9,96.3,34.9,XL
Male,1785,1070,1179,1222,392,429,1200,944,707,414,1218,117.9,122.2,39.2,XXXL
Male,1829,1061,1137,1171,382,432,1152,898,679,427,1169,113.7,117.1,38.2,XXXL
Male,1680,755,958,894,354,383,1134,851,637,423,1055,95.8,89.4,35.4,L
Male,1764,862,1077,994,347,408,1167,891,646,386,1197,107.7,99.4,34.7,XL
Male,1682,804,1061,1034,335,402,1096,845,577,350,1074,106.1,103.4,33.5,XL
Male,1764,965,1115,1066,358,426,1253,927,655,413,1120,111.5,106.6,35.8,XXL
Male,1730,880,1052,1031,358,394,1157,854,630,410,1048,105.2,103.1,35.8,XL
Male,1867,1053,1194,1052,380,408,1256,966,657,400,1213,119.4,105.2,38.0,XXL
Male,1673,708,1005,861,318,402,1142,830,564,348,1057,100.5,86.1,31.8,M
Male,1912,1254,1312,1140,383,444,1372,1007,755,466,1224,131.2,114.0,38.3,XXXL
Male,1734,758,1050,896,346,380,1127,854,592,354,1042,105.0,89.6,34.6,L
Male,1670,863,1117,1008,342,411,1150,868,613,400,1076,111.7,100.8,34.2,XL
Male,1732,761,1017,832,324,380,1170,905,585,378,1120,101.7,83.2,32.4,M
Male,1805,947,1104,1089,352,420,1187,888,655,404,1180,110.4,108.9,35.2,XXL
Male,1705,683,967,796,329,359,1088,835,563,384,1059,96.7,79.6,32.9,M
Male,1689,812,1075,956,330,397,1171,812,616,364,1072,107.5,95.6,33.0,L
Male,1775,854,1054,966,338,387,1118,865,622,402,1124,105.4,96.6,33.8,XL
Male,1809,974,1137,1050,352,425,1260,967,651,411,1164,113.7,105.0,35.2,XXL
Male,1808,968,1083,1055,353,462,1243,896,659,406,1178,108.3,105.5,35.3,XXL
Male,1713,717,962,859,340,382,1154,869,573,371,1112,96.2,85.9,34.0,M
Male,1748,821,1011,966,342,388,1163,868,611,396,1090,101.1,96.6,34.2,XL
Male,1711,1008,1188,1036,349,449,1237,905,661,438,1104,118.8,103.6,34.9,XXL
Male,1822,1004,1140,1054,374,405,1188,943,702,420,1135,114.0,105.4,37.4,XXL
Male,1744,855,1038,968,354,397,1191,907,611,424,1077,103.8,96.8,35.4,XL
Male,1867,832,1014,945,327,383,1166,958,573,381,1234,101.4,94.5,32.7,L
Male,1923,1114,1190,1068,386,417,1322,971,694,413,1232,119.0,106.8,38.6,XXL
Male,1676,814,1061,1014,352,385,1144,834,633,384,1108,106.1,101.4,35.2,XL
Male,1762,881,1134,1001,365,397,1180,925,644,410,1132,113.4,100.1,36.5,XL
Male,1717,919,1142,1065,342,426,1221,885,619,403,1127,114.2,106.5,34.2,XXL
Male,1751,1179,1202,1194,383,451,1347,949,745,470,1127,120.2,119.4,38.3,XXXL
Male,1730,1035,1176,1170,371,422,1225,897,694,418,1115,117.6,117.0,37.1,XXXL
Male,1759,1213,1261,1182,408,466,1301,943,809,489,1184,126.1,118.2,40.8,XXXL
Male,1681,681,968,895,327,365,1081,838,559,357,1056,96.8,89.5,32.7,L
Male,1781,1051,1170,1076,364,410,1226,922,682,467,1171,117.0,107.6,36.4,XXL
Male,1724,658,961,804,302,358,1088,818,526,360,1085,96.1,80.4,30.2,M
Male,1847,956,1113,1012,378,415,1227,962,638,442,1139,111.3,101.2,37.8,XL
Male,1760,867,1061,1022,352,396,1190,879,630,387,1140,106.1,102.2,35.2,XL
Male,1785,1038,1183,1114,389,441,1212,916,654,423,1142,118.3,111.4,38.9,XXL
Male,1805,813,962,885,368,412,1124,891,568,356,1136,96.2,88.5,36.8,L
Male,1781,978,1157,1084,373,425,1223,924,648,427,1179,115.7,108.4,37.3,XXL
Male,1661,764,1062,1000,341,382,1081,856,575,373,1061,106.2,100.0,34.1,XL
Male,1760,972,1143,1073,358,419,1279,884,672,406,1144,114.3,107.3,35.8,XXL
Male,1679,934,1122,991,344,408,1252,899,661,400,1055,112.2,99.1,34.4,XL
Male,1819,962,1108,1035,355,438,1191,914,639,423,1143,110.8,103.5,35.5,XL
Male,1719,840,1071,947,323,414,1164,875,644,380,1137,107.1,94.7,32.3,L
Male,1730,895,1108,981,352,397,1201,889,671,380,1085,110.8,98.1,35.2,XL
Male,1702,919,1149,1051,345,413,1230,882,632,386,1123,114.9,105.1,34.5,XXL
Male,1796,929,1073,1023,352,415,1190,916,657,426,1138,107.3,102.3,35.2,XL
Male,1818,1198,1274,1137,386,465,1339,935,682,475,1141,127.4,113.7,38.6,XXXL
Male,1695,752,1046,889,318,404,1130,878,566,378,1100,104.6,88.9,31.8,L
Male,1780,954,1168,1002,349,425,1196,860,671,423,1171,116.8,100.2,34.9,XL
Male,1848,1093,1158,1074,388,419,1254,969,687,430,1177,115.8,107.4,38.8,XXL
Male,1851,1057,1151,1080,360,404,1282,923,709,415,1193,115.1,108.0,36.0,XXL
Male,1666,1025,1171,1132,383,447,1271,900,724,435,1106,117.1,113.2,38.3,XXXL
Male,1768,865,1059,1026,367,379,1193,905,653,405,1122,105.9,102.6,36.7,XL
Male,1790,997,1129,1062,352,440,1283,937,681,397,1139,112.9,106.2,35.2,XXL
Male,1702,972,1209,1087,362,430,1245,867,695,422,1142,120.9,108.7,36.2,XXL
Male,1877,1137,1194,1004,385,399,1331,963,729,420,1197,119.4,100.4,38.5,XXL
Male,1780,845,1088,961,352,408,1165,907,591,383,1128,108.8,96.1,35.2,XL
Male,1752,771,982,882,307,405,1185,878,620,370,1137,98.2,88.2,30.7,L
Male,1776,843,1044,1023,346,376,1137,888,611,391,1129,104.4,102.3,34.6,XL
Male,1674,878,1052,1069,364,421,1164,849,688,394,1057,105.2,106.9,36.4,XXL
Male,1721,1019,1171,1180,371,433,1212,882,698,416,1125,117.1,118.0,37.1,XXXL
Male,1717,870,1098,990,349,412,1216,905,629,385,1105,109.8,99.0,34.9,XL
Male,1705,760,994,904,323,384,1165,841,602,380,1075,99.4,90.4,32.3,L
Male,1693,864,1081,1033,372,394,1169,913,621,373,1136,108.1,103.3,37.2,XL
Male,1768,946,1102,1007,362,418,1226,923,656,408,1124,110.2,100.7,36.2,XL
Male,1740,1011,1187,1011,353,438,1279,962,701,438,1138,118.7,101.1,35.3,XXL
Male,1780,873,1111,979,342,379,1206,889,584,384,1098,111.1,97.9,34.2,XL
Male,1803,730,981,840,332,379,1161,887,543,384,1159,98.1,84.0,33.2,M
Male,1785,711,999,870,337,372,1115,890,538,361,1132,99.9,87.0,33.7,M
Male,1776,990,1176,1058,367,408,1248,928,662,408,1141,117.6,105.8,36.7,XXL
Male,1755,1001,1160,1063,388,432,1213,863,680,403,1122,116.0,106.3,38.8,XXL
Male,1591,701,959,962,324,389,1023,778,574,385,1021,95.9,96.2,32.4,XL
Male,1860,1125,1168,1153,370,450,1219,884,687,429,1186,116.8,115.3,37.0,XXXL
Male,1743,699,1008,829,323,385,1160,833,559,353,1119,100.8,82.9,32.3,M
Male,1744,765,1027,895,347,367,1116,873,597,382,1125,102.7,89.5,34.7,L
Male,1790,1007,1155,1106,355,474,1248,914,632,395,1148,115.5,110.6,35.5,XXL
Male,1799,1034,1204,1101,374,408,1281,918,679,404,1185,120.4,110.1,37.4,XXL
Male,1730,1032,1166,1065,353,433,1317,920,677,414,1123,116.6,106.5,35.3,XXL
Male,1682,656,941,838,329,376,1108,845,559,353,1009,94.1,83.8,32.9,M
Male,1735,921,1127,983,350,404,1212,925,671,426,1150,112.7,98.3,35.0,XL
Male,1728,1052,1251,1163,381,483,1279,942,631,423,1098,125.1,116.3,38.1,XXXL
Male,1692,632,968,826,314,365,1104,828,498,325,1112,96.8,82.6,31.4,M
Male,1834,671,941,782,324,370,1093,911,523,348,1169,94.1,78.2,32.4,M
Male,1853,1026,1141,1039,396,382,1249,938,703,418,1205,114.1,103.9,39.6,XL
Male,1722,974,1150,1090,338,449,1221,900,651,422,1142,115.0,109.0,33.8,XXL
Male,1740,752,987,909,326,373,1141,912,537,383,1105,98.7,90.9,32.6,L
Male,1707,856,1090,1035,343,419,1180,845,626,373,1082,109.0,103.5,34.3,XL
Male,1771,724,922,847,335,368,1126,902,558,366,1073,92.2,84.7,33.5,M
Male,1803,874,1053,981,343,391,1185,911,649,392,1155,105.3,98.1,34.3,XL
Male,1805,995,1136,1046,385,428,1195,874,706,434,1191,113.6,104.6,38.5,XXL
Male,1815,946,1164,1025,363,420,1246,939,624,395,1153,116.4,102.5,36.3,XL
Male,1882,1039,1043,1067,375,408,1204,916,698,412,1256,104.3,106.7,37.5,XXL
Male,1754,932,1088,989,371,382,1185,917,679,424,1104,108.8,98.9,37.1,XL
Male,1668,759,1053,936,331,398,1166,844,572,380,1040,105.3,93.6,33.1,L
Male,1835,853,1064,886,335,403,1265,935,611,370,1202,106.4,88.6,33.5,L
Male,1829,1032,1164,994,385,422,1236,946,690,442,1204,116.4,99.4,38.5,XL
Male,1827,1078,1119,1104,407,400,1173,956,748,461,1156,111.9,110.4,40.7,XXL
Male,1785,962,1055,1027,396,395,1169,925,694,438,1125,105.5,102.7,39.6,XL
Male,1715,961,1142,1087,369,404,1212,877,688,447,1135,114.2,108.7,36.9,XXL
Male,1827,762,982,864,345,371,1162,915,564,377,1166,98.2,86.4,34.5,M
Male,1796,712,997,815,326,372,1160,950,541,354,1119,99.7,81.5,32.6,M
Male,1693,786,1082,924,331,400,1177,852,600,401,1082,108.2,92.4,33.1,L
Male,1713,818,1112,905,334,388,1213,862,613,390,1091,111.2,90.5,33.4,XL
Male,1823,760,932,918,336,360,1085,878,579,370,1111,93.2,91.8,33.6,L
Male,1842,952,1109,1013,347,410,1190,940,605,371,1170,110.9,101.3,34.7,XL
Male,1673,764,1053,974,316,417,1067,835,573,361,1072,105.3,97.4,31.6,XL
Male,1771,1001,1166,1108,347,451,1259,922,637,403,1158,116.6,110.8,34.7,XXL
Male,1729,758,973,815,331,398,1153,878,624,377,1104,97.3,81.5,33.1,M
Male,1833,921,1117,1032,354,420,1237,948,587,375,1202,111.7,103.2,35.4,XL
Male,1724,845,1076,925,339,398,1215,909,639,398,1058,107.6,92.5,33.9,L
Male,1765,928,1142,1000,352,402,1237,898,651,399,1127,114.2,100.0,35.2,XL
Male,1730,913,1140,1014,346,418,1206,914,633,383,1141,114.0,101.4,34.6,XL
Male,1694,966,1114,1009,363,435,1254,921,682,416,1154,111.4,100.9,36.3,XL
Male,1668,798,1041,948,337,398,1184,871,600,397,1044,104.1,94.8,33.7,L
Male,1803,915,1152,885,363,418,1291,979,622,372,1189,115.2,88.5,36.3,XL
Male,1814,955,1106,977,361,401,1213,920,651,399,1161,110.6,97.7,36.1,XL
Male,1796,1146,1213,1185,393,469,1263,933,696,425,1132,121.3,118.5,39.3,XXXL
Male,1811,1142,1277,1146,364,451,1303,885,688,450,1203,127.7,114.6,36.4,XXXL
Male,1771,698,977,857,332,392,1110,874,547,346,1132,97.7,85.7,33.2,M
Male,1826,951,1062,993,361,412,1192,952,675,409,1157,106.2,99.3,36.1,XL
Male,1785,1021,1147,1168,384,426,1140,862,695,403,1162,114.7,116.8,38.4,XXXL
Male,1717,836,1090,953,340,410,1185,871,609,363,1087,109.0,95.3,34.0,L
Male,1781,1081,1145,1142,376,418,1275,943,712,422,1182,114.5,114.2,37.6,XXXL
Male,1718,845,1071,990,331,414,1210,875,604,383,1079,107.1,99.0,33.1,XL
Male,1797,911,1079,935,356,398,1246,908,632,430,1131,107.9,93.5,35.6,L
Male,1817,974,1130,1068,349,430,1235,922,658,370,1158,113.0,106.8,34.9,XXL
Male,1767,909,1137,965,344,405,1244,921,611,403,1133,113.7,96.5,34.4,XL
Male,1822,867,1071,915,345,393,1252,971,631,366,1190,107.1,91.5,34.5,L
Male,1665,594,912,793,333,350,1070,846,514,343,978,91.2,79.3,33.3,S
Male,1827,892,1042,984,352,378,1195,938,644,397,1154,104.2,98.4,35.2,XL
Male,1791,879,1049,915,356,375,1175,885,674,395,1145,104.9,91.5,35.6,L
Male,1822,1007,1108,1035,383,421,1218,963,690,394,1197,110.8,103.5,38.3,XL
Male,1820,1016,1142,1041,376,410,1248,964,679,403,1143,114.2,104.1,37.6,XXL
Male,1766,969,1153,1038,353,411,1226,945,648,440,1139,115.3,103.8,35.3,XL
Male,1774,1047,1206,1017,376,433,1303,935,673,440,1173,120.6,101.7,37.6,XXL
Male,1814,1100,1182,1032,361,455,1299,933,697,433,1163,118.2,103.2,36.1,XXL
Male,1838,1192,1261,1187,364,485,1311,970,684,452,1188,126.1,118.7,36.4,XXXL
Male,1842,809,984,939,345,371,1177,934,562,354,1196,98.4,93.9,34.5,L
Male,1781,787,1022,846,320,396,1209,923,597,348,1173,102.2,84.6,32.0,L
Male,1893,744,945,771,346,362,1155,900,531,347,1188,94.5,77.1,34.6,M
Male,1801,1256,1302,1260,404,437,1344,926,778,453,1188,130.2,126.0,40.4,XXXL
Male,1894,997,1099,995,359,391,1261,970,672,412,1255,109.9,99.5,35.9,XL
Male,1607,632,907,827,300,378,1098,789,582,333,1032,90.7,82.7,30.0,M
Male,1832,829,1077,935,336,382,1133,940,561,372,1214,107.7,93.5,33.6,L
Male,1725,822,1065,992,338,395,1171,900,614,358,1100,106.5,99.2,33.8,XL
Male,1842,714,951,798,328,382,1120,903,526,350,1242,95.1,79.8,32.8,M
Male,1738,927,1130,1020,360,428,1220,888,624,383,1079,113.0,102.0,36.0,XL
Male,1792,746,939,900,334,385,1136,883,554,355,1087,93.9,90.0,33.4,L
Male,1746,1083,1228,1136,392,419,1215,893,714,417,1142,122.8,113.6,39.2,XXXL
Male,1780,800,1032,924,308,400,1181,938,544,380,1171,103.2,92.4,30.8,L
Male,1780,940,1118,1033,364,394,1257,912,627,388,1130,111.8,103.3,36.4,XL
Male,1767,695,951,873,331,365,1108,867,577,373,1079,95.1,87.3,33.1,M
Male,1845,1105,1207,1071,388,446,1235,895,695,437,1165,120.7,107.1,38.8,XXL
Male,1719,850,1100,980,311,429,1229,900,576,373,1122,110.0,98.0,31.1,XL
Male,1730,936,1207,1032,353,412,1231,933,617,413,1108,120.7,103.2,35.3,XXL
Male,1872,841,1026,828,364,390,1187,917,569,398,1175,102.6,82.8,36.4,L
Male,1797,855,1089,964,347,402,1210,935,617,395,1151,108.9,96.4,34.7,XL
Male,1805,1183,1277,1192,371,460,1300,910,729,480,1177,127.7,119.2,37.1,XXXL
Male,1725,847,1093,1050,338,422,1107,903,581,390,1112,109.3,105.0,33.8,XXL
Male,1664,817,1086,951,337,416,1144,844,626,405,1103,108.6,95.1,33.7,L
Male,1788,850,1075,910,333,405,1200,907,594,406,1161,107.5,91.0,33.3,L
Male,1723,789,987,907,351,366,1159,878,621,384,1071,98.7,90.7,35.1,L
Male,1821,1045,1147,1105,406,419,1231,979,725,422,1187,114.7,110.5,40.6,XXL
Male,1745,804,1048,905,337,392,1168,921,568,398,1082,104.8,90.5,33.7,L
Male,1685,899,1088,1004,363,406,1175,867,681,408,1118,108.8,100.4,36.3,XL
Male,1715,727,979,842,309,375,1149,863,583,364,1063,97.9,84.2,30.9,M
Male,1775,1041,1199,1107,364,447,1291,916,642,423,1164,119.9,110.7,36.4,XXL
Male,1763,908,1117,979,359,411,1177,870,627,398,1132,111.7,97.9,35.9,XL
Male,1745,811,1007,889,315,391,1137,860,608,400,1078,100.7,88.9,31.5,L
Male,1686,710,1027,900,321,381,1129,830,555,378,1072,102.7,90.0,32.1,L
Male,1740,953,1114,959,342,439,1249,861,680,427,1103,111.4,95.9,34.2,XL
Male,1771,840,1102,900,322,415,1251,886,601,398,1067,110.2,90.0,32.2,XL
Male,1701,646,907,800,322,345,1047,825,545,347,1073,90.7,80.0,32.2,M
Male,1847,863,1023,923,327,410,1218,943,634,384,1178,102.3,92.3,32.7,L
Male,1668,812,1076,1050,361,385,1112,840,647,376,1062,107.6,105.0,36.1,XXL
Male,1721,915,1112,1052,351,405,1223,876,644,408,1124,111.2,105.2,35.1,XXL
Male,1811,1108,1251,1156,370,472,1305,878,697,429,1155,125.1,115.6,37.0,XXXL
Male,1672,710,977,836,308,394,1094,805,576,354,1108,97.7,83.6,30.8,M
Male,1770,1067,1223,1095,377,449,1326,942,688,430,1143,122.3,109.5,37.7,XXL
Male,1722,966,1133,1132,368,438,1217,905,675,381,1150,113.3,113.2,36.8,XXXL
Male,1811,1158,1283,1179,383,467,1298,945,677,437,1181,128.3,117.9,38.3,XXXL
Male,1795,968,1133,1057,353,417,1182,914,663,397,1205,113.3,105.7,35.3,XXL
Male,1690,772,1048,869,332,369,1175,846,608,401,1054,104.8,86.9,33.2,L
Male,1927,694,847,757,352,352,1052,957,513,380,1193,84.7,75.7,35.2,M
Male,1763,817,1034,912,334,403,1133,905,578,391,1070,103.4,91.2,33.4,L
Male,1737,793,993,917,346,400,1152,867,612,391,1092,99.3,91.7,34.6,L
Male,1805,970,1128,952,347,392,1185,945,649,409,1196,112.8,95.2,34.7,XL
Male,1804,813,1009,900,340,396,1148,918,605,382,1155,100.9,90.0,34.0,L
Male,1798,852,1034,923,337,397,1198,940,666,384,1162,103.4,92.3,33.7,L
Male,1745,1139,1232,1044,373,453,1325,930,732,461,1142,123.2,104.4,37.3,XXL
Male,1694,747,1002,866,344,384,1145,835,616,371,1030,100.2,86.6,34.4,M
Male,1824,972,1054,981,384,400,1166,852,662,429,1160,105.4,98.1,38.4,XL
Male,1739,822,1040,925,356,393,1176,888,577,381,1085,104.0,92.5,35.6,L
Male,1772,963,1143,997,393,387,1184,916,659,440,1125,114.3,99.7,39.3,XL
Male,1864,779,1074,951,344,377,1166,942,508,348,1198,107.4,95.1,34.4,L
Male,1670,594,881,698,291,349,1060,847,533,363,1089,88.1,69.8,29.1,S
Male,1760,847,1076,897,364,391,1203,914,671,376,1176,107.6,89.7,36.4,L
Male,1655,691,925,885,339,372,1091,848,590,373,1060,92.5,88.5,33.9,L
Male,1696,741,1047,946,348,372,1117,881,594,370,1082,104.7,94.6,34.8,L
Male,1761,704,968,813,334,373,1156,867,585,355,1054,96.8,81.3,33.4,M
Male,1790,877,1113,984,347,427,1205,909,640,358,1176,111.3,98.4,34.7,XL
Male,1777,964,1152,1066,368,411,1228,906,662,412,1175,115.2,106.6,36.8,XXL
Male,1780,927,1034,979,362,384,1167,882,693,424,1187,103.4,97.9,36.2,XL
Male,1774,946,1053,960,350,408,1189,924,678,413,1113,105.3,96.0,35.0,XL
Male,1785,972,1083,939,348,423,1263,912,686,421,1162,108.3,93.9,34.8,L
Male,1783,730,947,819,296,379,1147,902,570,378,1139,94.7,81.9,29.6,M
Male,1698,833,1059,1019,343,398,1200,864,585,397,1111,105.9,101.9,34.3,XL
Male,1706,895,1095,1005,339,401,1268,905,670,391,1102,109.5,100.5,33.9,XL
Male,1831,1052,1089,1026,396,404,1210,933,723,446,1206,108.9,102.6,39.6,XL
Male,1705,863,1095,991,346,364,1179,929,624,419,1184,109.5,99.1,34.6,XL
Male,1807,926,1119,902,332,401,1281,984,646,428,1174,111.9,90.2,33.2,XL
Male,1641,716,977,814,313,390,1145,849,622,366,1027,97.7,81.4,31.3,M
Male,1906,1032,1154,1040,382,403,1262,962,667,387,1244,115.4,104.0,38.2,XXL
Male,1740,870,1064,973,341,407,1220,911,659,374,1135,106.4,97.3,34.1,XL
Male,1814,1199,1196,1262,409,445,1246,935,815,464,1179,119.6,126.2,40.9,XXXL
Male,1885,930,1142,1037,365,394,1175,940,636,375,1229,114.2,103.7,36.5,XL
Male,1660,733,1037,855,312,405,1214,860,593,356,1095,103.7,85.5,31.2,L
Male,1813,829,1019,901,340,402,1194,907,598,387,1142,101.9,90.1,34.0,L
Male,1731,1028,1182,1156,398,411,1193,880,724,404,1181,118.2,115.6,39.8,XXXL
Male,1790,869,1065,950,353,399,1217,910,627,387,1145,106.5,95.0,35.3,L
Male,1766,1015,1134,1129,383,445,1249,904,708,395,1130,113.4,112.9,38.3,XXXL
Male,1742,827,1001,966,328,394,1154,857,627,393,1102,100.1,96.6,32.8,XL
Male,1781,954,1082,1011,383,421,1224,910,662,406,1143,108.2,101.1,38.3,XL
Male,1778,940,1104,989,338,447,1217,913,663,430,1185,110.4,98.9,33.8,XL
Male,1664,598,904,800,306,370,1096,836,503,355,1025,90.4,80.0,30.6,M
Male,1666,889,1139,1013,356,379,1163,832,652,399,1069,113.9,101.3,35.6,XL
Male,1759,734,973,879,341,383,1124,857,570,342,1076,97.3,87.9,34.1,M
Male,1586,799,1032,1008,354,427,1150,807,598,427,1042,103.2,100.8,35.4,XL
Male,1714,657,923,775,316,363,1111,858,542,354,992,92.3,77.5,31.6,S
Male,1780,779,961,884,342,390,1117,851,607,396,1122,96.1,88.4,34.2,L
Male,1766,995,1159,1035,362,421,1227,906,672,416,1167,115.9,103.5,36.2,XL
Male,1628,664,998,822,331,371,1115,822,561,364,1010,99.8,82.2,33.1,M
Male,1678,910,1107,1023,378,400,1189,853,714,416,1084,110.7,102.3,37.8,XL
Male,1767,1013,1182,988,380,414,1272,918,670,438,1154,118.2,98.8,38.0,XXL
Male,1723,804,1013,904,338,396,1143,891,597,412,1116,101.3,90.4,33.8,L
Male,1776,815,1011,945,369,375,1108,903,640,354,1206,101.1,94.5,36.9,L
Male,1756,1034,1172,1083,363,431,1250,956,691,403,1173,117.2,108.3,36.3,XXL
Male,1685,587,838,783,302,365,1035,850,521,331,1053,83.8,78.3,30.2,S
Male,1733,809,1018,954,345,399,1136,895,634,381,1144,101.8,95.4,34.5,L
Male,1740,787,1043,916,342,393,1188,915,647,378,1154,104.3,91.6,34.2,L
Male,1679,867,1098,1067,334,426,1185,861,592,398,1120,109.8,106.7,33.4,XXL
Male,1667,674,956,840,312,382,1099,797,573,379,1064,95.6,84.0,31.2,M
Male,1680,631,936,841,314,354,1082,815,540,346,1085,93.6,84.1,31.4,M
Male,1758,910,1047,1055,358,427,1217,885,631,390,1096,104.7,105.5,35.8,XXL
Male,1643,616,968,801,333,373,1110,871,506,364,1081,96.8,80.1,33.3,M
Male,1790,1121,1216,1217,403,425,1282,954,712,424,1198,121.6,121.7,40.3,XXXL
Male,1798,1020,1151,1194,376,393,1146,915,673,397,1215,115.1,119.4,37.6,XXXL
Male,1703,976,1141,1146,380,394,1221,921,716,403,1122,114.1,114.6,38.0,XXXL
Male,1715,838,1020,990,333,417,1164,880,653,403,1121,102.0,99.0,33.3,XL
Male,1861,1066,1165,1135,392,428,1202,920,672,414,1164,116.5,113.5,39.2,XXXL
Male,1804,1029,1121,1113,378,428,1187,928,696,399,1191,112.1,111.3,37.8,XXL
Male,1720,705,1012,852,324,389,1127,885,555,364,1035,101.2,85.2,32.4,M
Male,1850,1083,1165,1146,380,408,1278,944,670,432,1211,116.5,114.6,38.0,XXXL
Male,1651,575,862,784,307,335,1025,819,523,370,1110,86.2,78.4,30.7,S
Male,1835,808,967,840,352,395,1191,948,586,388,1144,96.7,84.0,35.2,M
Male,1784,916,1066,970,366,392,1207,909,654,407,1139,106.6,97.0,36.6,XL
Male,1864,766,992,912,348,384,1121,915,584,338,1197,99.2,91.2,34.8,L
Male,1867,1429,1372,1300,416,458,1413,991,744,485,1215,137.2,130.0,41.6,XXXL
Male,1745,943,1178,1067,358,391,1229,899,652,417,1119,117.8,106.7,35.8,XXL
Male,1717,817,1043,885,329,394,1177,873,622,420,1131,104.3,88.5,32.9,L
Male,1735,701,989,830,325,360,1172,909,551,354,1072,98.9,83.0,32.5,M
Male,1603,523,880,728,299,335,1045,814,481,341,1043,88.0,72.8,29.9,S
Male,1729,775,1031,911,324,383,1150,886,584,362,1120,103.1,91.1,32.4,L
Male,1801,687,939,822,320,380,1085,897,534,358,1120,93.9,82.2,32.0,M
Male,1648,703,942,846,329,377,1121,845,596,380,1054,94.2,84.6,32.9,M
Male,1823,1167,1194,1181,382,444,1351,972,729,444,1215,119.4,118.1,38.2,XXXL
Male,1598,620,1026,857,313,373,1092,843,525,358,1017,102.6,85.7,31.3,L
Male,1774,990,1156,940,319,410,1336,932,664,400,1144,115.6,94.0,31.9,XL
Male,1870,1099,1134,952,384,445,1264,956,765,453,1209,113.4,95.2,38.4,XL
Male,1825,1012,1157,1025,370,442,1272,968,672,401,1216,115.7,102.5,37.0,XL
Male,1792,875,1159,928,336,432,1286,960,588,371,1160,115.9,92.8,33.6,XL
Male,1702,778,1048,894,346,397,1149,890,618,383,1068,104.8,89.4,34.6,L
Male,1773,894,1164,975,362,426,1205,905,627,370,1176,116.4,97.5,36.2,XL
Male,1765,678,904,802,321,372,1080,880,537,358,1066,90.4,80.2,32.1,M
Male,1790,818,1043,885,341,406,1189,905,594,377,1145,104.3,88.5,34.1,L
Male,1821,881,1135,922,366,395,1193,922,627,411,1160,113.5,92.2,36.6,XL
Male,1792,1047,1172,1035,367,425,1263,895,731,428,1236,117.2,103.5,36.7,XL
Male,1865,1009,1127,1080,361,433,1287,997,673,400,1228,112.7,108.0,36.1,XXL
Male,1767,956,1165,984,350,404,1237,915,676,403,1184,116.5,98.4,35.0,XL
Male,1678,689,928,795,303,366,1093,805,579,375,1051,92.8,79.5,30.3,S
Male,1728,909,1112,952,356,403,1205,903,670,392,1146,111.2,95.2,35.6,XL
Male,1744,1159,1207,1122,386,428,1267,927,775,454,1206,120.7,112.2,38.6,XXXL
Male,1730,822,1043,913,338,399,1117,861,615,390,1110,104.3,91.3,33.8,L
Male,1800,698,971,780,308,371,1119,907,571,382,1132,97.1,78.0,30.8,M
Male,1822,846,1018,834,335,390,1156,935,624,400,1182,101.8,83.4,33.5,M
Male,1753,656,889,803,331,360,1137,921,510,360,1139,88.9,80.3,33.1,M
Male,1719,892,1113,1037,391,383,1142,903,689,394,1100,111.3,103.7,39.1,XL
Male,1696,659,914,775,313,365,1083,812,538,392,1040,91.4,77.5,31.3,S
Male,1660,662,950,862,314,349,1130,838,570,361,1053,95.0,86.2,31.4,M
Male,1819,858,1025,936,366,374,1172,937,634,388,1124,102.5,93.6,36.6,L
Male,1713,867,1069,873,341,421,1226,904,641,418,1143,106.9,87.3,34.1,L
Male,1718,834,1038,961,322,383,1206,857,623,393,1095,103.8,96.1,32.2,XL
Male,1695,1009,1139,1030,373,437,1265,867,708,445,1097,113.9,103.0,37.3,XL
Male,1671,796,993,944,347,381,1125,852,637,402,1124,99.3,94.4,34.7,L
Male,1741,804,993,867,338,395,1174,938,583,394,1150,99.3,86.7,33.8,M
Male,1759,947,1132,932,363,430,1232,882,662,400,1135,113.2,93.2,36.3,XL
Male,1770,826,1032,890,355,399,1179,887,615,387,1101,103.2,89.0,35.5,L
Male,1813,995,1101,1011,371,416,1215,931,687,409,1209,110.1,101.1,37.1,XL
Male,1737,922,1065,952,349,403,1168,870,680,424,1096,106.5,95.2,34.9,L
Male,1542,639,960,859,319,363,1060,777,562,385,1006,96.0,85.9,31.9,M
Male,1797,720,949,813,346,364,1122,894,547,376,1105,94.9,81.3,34.6,M
Male,1685,771,1017,887,313,377,1124,821,608,396,1075,101.7,88.7,31.3,L
Male,1700,800,1028,946,344,415,1150,840,569,373,1067,102.8,94.6,34.4,L
Male,1612,782,1098,944,335,398,1156,845,616,413,1069,109.8,94.4,33.5,L
Male,1758,734,940,862,333,380,1125,881,553,383,1173,94.0,86.2,33.3,M
Male,1666,1103,1207,1185,382,447,1225,880,712,440,1083,120.7,118.5,38.2,XXXL
Male,1752,1054,1168,1072,392,405,1288,935,735,435,1138,116.8,107.2,39.2,XXL
Male,1749,851,1074,1015,362,399,1187,902,634,395,1125,107.4,101.5,36.2,XL
Male,1824,959,1123,952,369,426,1238,955,641,405,1204,112.3,95.2,36.9,XL
Male,1767,798,992,908,338,392,1110,876,627,378,1130,99.2,90.8,33.8,L
Male,1802,843,1042,864,348,382,1193,914,642,412,1163,104.2,86.4,34.8,L
Male,1817,914,1081,938,351,405,1218,927,629,387,1173,108.1,93.8,35.1,L
Male,1772,686,971,791,327,369,1174,888,548,376,1114,97.1,79.1,32.7,M
Male,1777,889,1083,880,357,406,1226,924,623,392,1123,108.3,88.0,35.7,L
Male,1715,758,1037,914,351,384,1114,850,596,378,1091,103.7,91.4,35.1,L
Male,1792,777,1000,805,342,412,1174,906,557,390,1106,100.0,80.5,34.2,M
Male,1849,986,1073,1029,370,409,1236,953,654,401,1220,107.3,102.9,37.0,XL
Male,1750,751,1013,820,318,388,1160,880,568,373,1087,101.3,82.0,31.8,M
Male,1760,809,1021,923,337,379,1142,917,616,405,1104,102.1,92.3,33.7,L
Male,1938,960,1062,920,361,413,1238,1012,667,401,1276,106.2,92.0,36.1,L
Male,1849,970,1104,1011,364,415,1211,912,658,386,1171,110.4,101.1,36.4,XL
Male,1727,846,1101,952,330,405,1212,877,597,406,1139,110.1,95.2,33.0,XL
Male,1809,819,991,945,342,385,1137,914,614,363,1195,99.1,94.5,34.2,L
Male,1840,963,1074,967,367,406,1201,898,664,417,1181,107.4,96.7,36.7,XL
Male,1785,920,1107,1015,339,410,1215,931,625,391,1150,110.7,101.5,33.9,XL
Male,1745,827,1032,892,333,402,1182,925,611,371,1142,103.2,89.2,33.3,L
Male,1732,811,994,866,309,393,1145,898,641,393,1097,99.4,86.6,30.9,M
Male,1713,878,1073,1034,344,387,1197,912,639,400,1132,107.3,103.4,34.4,XL
Male,1644,579,896,761,312,349,1088,832,536,356,1082,89.6,76.1,31.2,S
Male,1786,967,1122,924,351,401,1260,922,697,427,1143,112.2,92.4,35.1,XL
Male,1835,982,1076,987,364,400,1194,885,699,422,1131,107.6,98.7,36.4,XL
Male,1763,1001,1180,1034,357,430,1282,941,643,412,1142,118.0,103.4,35.7,XXL
Male,1687,784,1014,933,336,392,1170,883,598,366,1049,101.4,93.3,33.6,L
Male,1855,858,1032,917,338,385,1151,927,590,386,1217,103.2,91.7,33.8,L
Male,1720,933,1097,1021,351,405,1178,874,653,419,1082,109.7,102.1,35.1,XL
Male,1572,675,1061,812,314,360,1106,832,589,392,1027,106.1,81.2,31.4,L
Male,1715,668,977,800,319,378,1067,826,563,362,1067,97.7,80.0,31.9,M
Male,1658,802,975,883,318,391,1130,852,632,427,1061,97.5,88.3,31.8,L
Male,1720,804,1013,940,338,403,1182,841,617,363,1070,101.3,94.0,33.8,L
Male,1777,925,1072,992,352,409,1220,892,668,388,1130,107.2,99.2,35.2,XL
Male,1638,778,1049,816,342,395,1212,911,618,374,1052,104.9,81.6,34.2,L
Male,1902,1057,1147,1088,376,420,1240,928,650,437,1207,114.7,108.8,37.6,XXL
Male,1793,901,1073,978,344,445,1168,915,627,383,1113,107.3,97.8,34.4,XL
Male,1799,772,985,837,334,383,1197,914,573,362,1137,98.5,83.7,33.4,M
Male,1826,904,1113,904,352,397,1236,926,627,416,1195,111.3,90.4,35.2,XL
Male,1830,901,1091,980,350,417,1213,922,604,388,1160,109.1,98.0,35.0,XL
Male,1755,961,1157,1049,368,418,1235,887,666,416,1109,115.7,104.9,36.8,XXL
Male,1865,1017,1143,962,367,423,1220,934,685,422,1181,114.3,96.2,36.7,XL
Male,1806,897,1038,966,341,417,1188,891,628,387,1091,103.8,96.6,34.1,XL
Male,1792,916,1116,1073,352,374,1153,906,674,374,1164,111.6,107.3,35.2,XXL
Male,1777,744,1026,874,330,380,1154,886,567,348,1088,102.6,87.4,33.0,L
Male,1854,828,1039,815,319,406,1262,963,553,400,1188,103.9,81.5,31.9,L
Male,1819,806,1011,900,343,394,1183,900,604,398,1122,101.1,90.0,34.3,L
Male,1810,841,969,841,311,388,1194,916,607,395,1131,96.9,84.1,31.1,M
Male,1682,794,1002,946,349,377,1152,850,628,399,1056,100.2,94.6,34.9,L
Male,1845,992,1097,1087,386,398,1174,925,678,423,1156,109.7,108.7,38.6,XXL
Male,1852,1063,1181,1079,383,435,1250,930,696,446,1177,118.1,107.9,38.3,XXL
Male,1691,749,999,906,331,372,1136,878,597,358,1100,99.9,90.6,33.1,L
Male,1738,804,1011,907,338,396,1200,919,606,374,1087,101.1,90.7,33.8,L
Male,1711,726,1041,902,323,387,1120,857,553,362,1085,104.1,90.2,32.3,L
Male,1752,756,1010,899,335,379,1188,905,589,353,1097,101.0,89.9,33.5,L
Male,1729,783,1037,892,327,372,1202,873,599,364,1070,103.7,89.2,32.7,L
Male,1640,639,933,850,306,356,1065,810,560,360,988,93.3,85.0,30.6,M
Male,1670,643,908,792,320,385,1091,850,545,350,1058,90.8,79.2,32.0,S
Male,1759,846,1034,934,344,395,1174,862,624,398,1085,103.4,93.4,34.4,L
Male,1828,920,1026,1074,363,386,1207,940,647,407,1148,102.6,107.4,36.3,XXL
Male,1651,740,1017,880,326,370,1181,843,628,380,1064,101.7,88.0,32.6,L
Male,1785,916,1112,1006,363,395,1244,947,657,388,1183,111.2,100.6,36.3,XL
Male,1871,1051,1161,1103,365,441,1296,986,658,402,1168,116.1,110.3,36.5,XXL
Male,1694,754,1072,931,333,397,1210,899,605,333,1120,107.2,93.1,33.3,L
Male,1785,956,1146,1065,359,409,1195,890,661,391,1189,114.6,106.5,35.9,XXL
Male,1706,684,943,801,313,361,1097,849,564,358,1070,94.3,80.1,31.3,M
Male,1700,726,1006,962,332,375,1111,844,552,363,1035,100.6,96.2,33.2,XL
Male,1597,721,1021,928,317,385,1106,830,612,389,1009,102.1,92.8,31.7,L
Male,1827,962,1096,964,381,380,1219,950,675,418,1140,109.6,96.4,38.1,XL
Male,1736,650,929,766,321,379,1158,828,536,366,1027,92.9,76.6,32.1,S
Male,1798,967,1144,1022,350,441,1251,922,668,407,1126,114.4,102.2,35.0,XL
Male,1707,975,1143,1061,353,448,1217,872,668,424,1078,114.3,106.1,35.3,XXL
Male,1781,992,1182,1051,357,426,1208,887,662,416,1119,118.2,105.1,35.7,XXL
Male,1700,798,1043,942,322,394,1148,864,598,380,1068,104.3,94.2,32.2,L
Male,1828,1017,1111,1087,362,423,1264,985,671,403,1171,111.1,108.7,36.2,XXL
Male,1714,1082,1237,1136,377,411,1280,895,744,456,1082,123.7,113.6,37.7,XXXL
Male,1842,1077,1119,1025,407,385,1246,945,772,444,1177,111.9,102.5,40.7,XL
Male,1909,1292,1258,1136,421,456,1323,990,788,434,1202,125.8,113.6,42.1,XXXL
Male,1726,661,938,864,323,367,1085,862,551,343,1057,93.8,86.4,32.3,M
Male,1726,728,985,831,317,372,1202,898,564,376,1094,98.5,83.1,31.7,M
Male,1670,657,985,842,319,370,1138,869,559,332,1080,98.5,84.2,31.9,M
Male,1900,792,961,900,353,363,1126,918,612,375,1196,96.1,90.0,35.3,L
Male,1630,781,1046,947,334,384,1147,823,640,393,1009,104.6,94.7,33.4,L
Male,1779,1145,1213,1137,372,461,1327,931,721,433,1107,121.3,113.7,37.2,XXXL
Male,1849,1151,1203,1097,383,473,1318,932,726,453,1203,120.3,109.7,38.3,XXL
Male,1796,916,1114,947,352,420,1258,917,649,381,1133,111.4,94.7,35.2,XL
Male,1822,1044,1158,1040,382,415,1227,938,675,440,1140,115.8,104.0,38.2,XXL
Male,1635,664,952,748,316,366,1132,855,574,389,1034,95.2,74.8,31.6,M
Male,1710,884,1095,1026,342,425,1202,872,608,399,1090,109.5,102.6,34.2,XL
Male,1703,866,1088,971,343,402,1201,875,630,418,1062,108.8,97.1,34.3,XL
Male,1749,912,1086,976,353,408,1248,942,650,402,1079,108.6,97.6,35.3,XL
Male,1742,802,1008,919,338,416,1176,903,577,400,1101,100.8,91.9,33.8,L
Male,1687,796,1046,910,360,387,1203,870,628,394,1042,104.6,91.0,36.0,L
Male,1731,717,968,906,344,365,1115,887,597,355,1109,96.8,90.6,34.4,L
Male,1931,821,1021,836,372,366,1163,944,586,383,1222,102.1,83.6,37.2,L
Male,1775,916,1116,1022,352,397,1194,891,633,384,1164,111.6,102.2,35.2,XL
Male,1830,809,1025,895,341,383,1187,940,588,360,1150,102.5,89.5,34.1,L
Male,1740,997,1213,1080,351,400,1194,916,644,431,1161,121.3,108.0,35.1,XXL
Male,1847,895,1082,916,341,382,1217,930,623,406,1148,108.2,91.6,34.1,L
Male,1647,919,1143,1084,337,429,1222,855,669,387,1089,114.3,108.4,33.7,XXL
Male,1928,963,1121,975,376,388,1230,955,640,373,1220,112.1,97.5,37.6,XL
Male,1782,820,975,847,357,366,1129,904,640,407,1113,97.5,84.7,35.7,M
Male,1781,719,919,808,325,387,1128,901,543,370,1130,91.9,80.8,32.5,M
Male,1761,828,1038,868,357,405,1195,854,614,383,1097,103.8,86.8,35.7,L
Male,1728,683,926,837,322,367,1094,850,526,373,1050,92.6,83.7,32.2,M
Male,1705,828,1036,960,346,415,1142,845,620,404,1082,103.6,96.0,34.6,XL
Male,1729,628,877,774,318,369,1027,851,519,372,1090,87.7,77.4,31.8,S
Male,1752,894,1105,1004,348,413,1200,891,651,393,1135,110.5,100.4,34.8,XL
Male,1776,928,1061,1077,329,415,1201,864,643,406,1145,106.1,107.7,32.9,XXL
Male,1643,555,948,701,296,361,1094,817,490,332,1099,94.8,70.1,29.6,M
Male,1570,618,990,892,319,385,1115,768,544,331,1026,99.0,89.2,31.9,L
Male,1725,834,1074,942,351,411,1155,888,622,365,1130,107.4,94.2,35.1,L
Male,1810,806,1018,800,361,382,1176,926,596,369,1111,101.8,80.0,36.1,M
Male,1814,955,1069,1064,368,404,1260,915,637,404,1164,106.9,106.4,36.8,XXL
Male,1744,1041,1174,1109,378,418,1279,945,691,440,1179,117.4,110.9,37.8,XXL
Male,1776,1012,1141,1034,361,458,1266,941,683,407,1170,114.1,103.4,36.1,XL
Male,1819,1345,1291,1308,422,451,1284,915,792,498,1225,129.1,130.8,42.2,XXXL
Male,1715,937,1131,1057,366,431,1256,839,694,378,1081,113.1,105.7,36.6,XXL
Male,1826,751,1000,844,325,384,1165,901,569,367,1184,100.0,84.4,32.5,M
Male,1763,808,1011,909,347,415,1130,851,644,386,1071,101.1,90.9,34.7,L
Male,1842,764,974,808,336,407,1163,908,543,372,1210,97.4,80.8,33.6,M
Male,1728,1027,1192,1115,367,422,1252,920,734,419,1195,119.2,111.5,36.7,XXL
Male,1827,879,1034,859,351,386,1199,932,637,400,1219,103.4,85.9,35.1,L
Male,1680,874,1046,990,352,404,1218,878,675,411,1099,104.6,99.0,35.2,XL
Male,1822,1008,1105,965,377,380,1217,922,716,423,1148,110.5,96.5,37.7,XL
Male,1614,714,1024,828,318,386,1145,832,615,363,985,102.4,82.8,31.8,L
Male,1757,702,1005,832,336,370,1158,847,565,344,1100,100.5,83.2,33.6,M
Male,1743,927,1134,1002,362,404,1187,890,665,387,1110,113.4,100.2,36.2,XL
Male,1777,806,1052,900,340,392,1196,904,609,383,1126,105.2,90.0,34.0,L
Male,1775,944,1171,1030,364,382,1211,947,628,424,1128,117.1,103.0,36.4,XL
Male,1889,857,1019,895,354,382,1164,915,591,388,1185,101.9,89.5,35.4,L
Male,1788,638,943,788,310,381,1136,865,541,344,1110,94.3,78.8,31.0,M
Male,1657,736,1035,892,322,387,1134,825,600,363,1056,103.5,89.2,32.2,L
Male,1713,769,988,907,338,366,1115,827,607,385,1086,98.8,90.7,33.8,L
Male,1685,927,1197,1077,365,410,1227,891,617,398,1103,119.7,107.7,36.5,XXL
Male,1774,937,1128,994,378,375,1195,905,701,395,1187,112.8,99.4,37.8,XL
Male,1737,940,1132,1032,351,418,1200,890,645,413,1101,113.2,103.2,35.1,XL
Male,1790,1060,1095,1037,374,433,1222,909,738,470,1155,109.5,103.7,37.4,XL
Male,1747,799,1054,842,318,403,1176,919,651,371,1157,105.4,84.2,31.8,L
Male,1877,954,1082,995,394,382,1201,958,649,435,1229,108.2,99.5,39.4,XL
Male,1854,1103,1267,1115,368,438,1315,975,678,408,1219,126.7,111.5,36.8,XXXL
Male,1854,974,1131,1014,366,401,1185,934,671,390,1195,113.1,101.4,36.6,XL
Male,1799,1180,1248,1142,372,466,1324,956,755,454,1240,124.8,114.2,37.2,XXXL
Male,1642,760,1032,905,338,385,1123,842,605,372,1038,103.2,90.5,33.8,L
Male,1784,997,1167,1082,360,464,1216,927,622,390,1180,116.7,108.2,36.0,XXL
Male,1739,918,1114,1016,358,417,1255,873,635,387,1088,111.4,101.6,35.8,XL
Male,1730,870,1054,967,347,412,1211,894,683,380,1125,105.4,96.7,34.7,XL
Male,1756,873,1096,915,351,387,1228,926,667,392,1160,109.6,91.5,35.1,L
Male,1757,717,1005,879,351,376,1128,877,589,355,1143,100.5,87.9,35.1,M
Male,1768,992,1170,1043,352,426,1273,906,672,411,1164,117.0,104.3,35.2,XXL
Male,1688,779,987,887,322,378,1130,884,639,362,1109,98.7,88.7,32.2,L
Male,1805,1193,1257,1152,396,458,1304,973,722,440,1192,125.7,115.2,39.6,XXXL
Male,1725,803,1031,938,334,394,1153,851,631,393,1101,103.1,93.8,33.4,L
Male,1817,916,1058,963,351,418,1177,899,653,402,1147,105.8,96.3,35.1,XL
Male,1879,908,1077,992,376,398,1175,895,647,392,1205,107.7,99.2,37.6,XL
Male,1734,861,1095,999,362,410,1185,873,623,377,1147,109.5,99.9,36.2,XL
Male,1788,1011,1205,1097,362,406,1234,929,662,395,1178,120.5,109.7,36.2,XXL
Male,1807,769,1035,865,342,382,1188,913,571,369,1126,103.5,86.5,34.2,L
Male,1727,630,912,791,311,362,1075,843,507,342,1072,91.2,79.1,31.1,S
Male,1755,984,1114,1073,354,397,1256,894,670,430,1199,111.4,107.3,35.4,XXL
Male,1872,835,1034,907,345,377,1195,926,599,393,1198,103.4,90.7,34.5,L
Male,1717,651,936,798,311,358,1087,862,553,371,1079,93.6,79.8,31.1,S
Male,1810,1115,1223,1108,417,395,1221,909,749,423,1209,122.3,110.8,41.7,XXL
Male,1703,780,1019,975,341,368,1130,869,603,374,1058,101.9,97.5,34.1,XL
Male,1790,891,1059,992,343,392,1160,893,637,381,1149,105.9,99.2,34.3,XL
Male,1705,920,1088,1040,366,411,1215,882,668,418,1130,108.8,104.0,36.6,XXL
Male,1833,741,998,857,320,355,1119,893,561,366,1142,99.8,85.7,32.0,M
Male,1829,1161,1198,1197,372,471,1313,956,709,426,1170,119.8,119.7,37.2,XXXL
Male,1842,902,1023,961,372,394,1183,900,660,386,1214,102.3,96.1,37.2,XL
Male,1620,710,989,879,319,397,1117,832,589,363,1040,98.9,87.9,31.9,M
Male,1721,704,944,770,325,373,1141,871,576,379,1085,94.4,77.0,32.5,M
Male,1728,653,932,763,314,380,1124,860,541,326,1091,93.2,76.3,31.4,S
Male,1767,646,922,789,329,349,1076,872,540,354,1091,92.2,78.9,32.9,S
Male,1697,823,1083,975,332,397,1192,881,610,394,1140,108.3,97.5,33.2,XL
Male,1634,655,1008,862,317,352,1079,850,568,351,1063,100.8,86.2,31.7,M
Male,1772,921,1128,974,355,415,1226,896,634,389,1158,112.8,97.4,35.5,XL
Male,1877,741,1013,804,332,381,1166,900,538,359,1135,101.3,80.4,33.2,M
Male,1782,737,1009,838,336,381,1143,894,556,393,1139,100.9,83.8,33.6,M
Male,1800,1035,1197,986,361,422,1324,953,653,426,1136,119.7,98.6,36.1,XXL
Male,1754,811,1054,890,341,398,1216,889,611,379,1099,105.4,89.0,34.1,L
Male,1910,1253,1182,1125,403,443,1344,942,778,500,1213,118.2,112.5,40.3,XXXL
Male,1723,821,1109,963,328,402,1161,889,607,387,1082,110.9,96.3,32.8,XL
Male,1651,695,1000,826,306,375,1150,857,593,393,1070,100.0,82.6,30.6,M
Male,1886,1176,1257,1118,365,467,1271,990,686,453,1316,125.7,111.8,36.5,XXL
Male,1668,796,1047,917,336,397,1138,827,638,393,1043,104.7,91.7,33.6,L
Male,1688,761,1023,939,328,383,1097,826,605,387,1061,102.3,93.9,32.8,L
Male,1795,701,995,799,318,368,1098,874,543,375,1128,99.5,79.9,31.8,M
Male,1744,824,1029,935,342,393,1171,878,641,390,1122,102.9,93.5,34.2,L
Male,1693,953,1123,1081,352,436,1221,889,658,439,1109,112.3,108.1,35.2,XXL
Male,1678,610,931,821,303,370,1095,845,543,340,1062,93.1,82.1,30.3,M
Male,1740,972,1088,1050,388,437,1182,874,688,396,1083,108.8,105.0,38.8,XXL
Male,1723,881,1113,1057,341,414,1175,873,634,377,1118,111.3,105.7,34.1,XXL
Male,1734,749,1026,874,324,390,1111,824,562,378,1076,102.6,87.4,32.4,L
Male,1868,998,1107,1056,361,404,1220,943,663,409,1237,110.7,105.6,36.1,XXL
Male,1677,939,1138,1047,374,410,1239,864,675,405,1110,113.8,104.7,37.4,XXL
Male,1678,1030,1253,1062,378,431,1315,862,687,414,1100,125.3,106.2,37.8,XXL
Male,1779,1194,1260,1195,406,449,1267,940,759,466,1195,126.0,119.5,40.6,XXXL
Male,1753,886,1134,1048,362,429,1205,897,624,382,1139,113.4,104.8,36.2,XXL
Male,1829,908,1031,969,358,392,1201,916,649,383,1198,103.1,96.9,35.8,XL
Male,1900,1040,1116,1040,366,399,1238,1032,693,405,1258,111.6,104.0,36.6,XXL
Male,1816,831,1024,863,353,381,1169,933,610,390,1140,102.4,86.3,35.3,L
Male,1871,1240,1243,1181,408,442,1267,942,735,446,1210,124.3,118.1,40.8,XXXL
Male,1702,697,1075,882,323,368,1137,883,557,365,1085,107.5,88.2,32.3,L
Male,1754,757,980,809,318,399,1158,890,583,352,1121,98.0,80.9,31.8,M
Male,1659,932,1190,1023,381,420,1302,873,665,400,1040,119.0,102.3,38.1,XXL
Male,1725,735,1017,848,317,375,1138,865,567,384,1079,101.7,84.8,31.7,M
Male,1717,1116,1239,1136,372,441,1277,922,742,457,1119,123.9,113.6,37.2,XXXL
Male,1770,920,1119,984,369,413,1245,870,658,397,1114,111.9,98.4,36.9,XL
Male,1850,700,939,820,324,361,1092,892,551,343,1173,93.9,82.0,32.4,M
Male,1779,906,1094,1002,367,420,1168,889,667,423,1114,109.4,100.2,36.7,XL
Male,1849,1025,1196,1023,384,444,1345,1002,632,411,1202,119.6,102.3,38.4,XXL
Male,1809,1099,1219,1114,366,432,1312,965,674,441,1179,121.9,111.4,36.6,XXL
Male,1710,765,1008,894,327,388,1136,852,625,383,1084,100.8,89.4,32.7,L
Male,1715,990,1146,1077,383,415,1200,875,727,381,1162,114.6,107.7,38.3,XXL
Male,1629,780,1016,880,343,398,1180,865,613,405,1057,101.6,88.0,34.3,L
Male,1674,825,1074,992,332,401,1205,825,602,384,1071,107.4,99.2,33.2,XL
Male,1834,1028,1147,1063,372,429,1204,901,677,422,1179,114.7,106.3,37.2,XXL
Male,1813,958,1092,1014,351,417,1174,918,672,435,1146,109.2,101.4,35.1,XL
Male,1769,918,1096,994,351,427,1215,897,641,394,1115,109.6,99.4,35.1,XL
Male,1853,1127,1260,1148,373,450,1317,960,678,432,1137,126.0,114.8,37.3,XXXL
Male,1750,781,976,859,337,382,1116,870,596,408,1105,97.6,85.9,33.7,M
Male,1721,634,906,790,318,356,1103,853,541,361,1064,90.6,79.0,31.8,S
Male,1706,998,1172,1081,349,437,1239,931,673,408,1136,117.2,108.1,34.9,XXL
Male,1673,647,947,781,324,373,1053,812,552,374,1060,94.7,78.1,32.4,M
Male,1715,690,949,810,322,368,1117,868,591,354,1068,94.9,81.0,32.2,M
Male,1770,835,1063,865,343,404,1212,922,626,389,1112,106.3,86.5,34.3,L
Male,1682,661,962,843,307,380,1103,833,533,338,1086,96.2,84.3,30.7,M
Male,1782,844,994,895,343,383,1181,891,623,402,1109,99.4,89.5,34.3,L
Male,1748,839,1026,914,341,378,1150,884,653,394,1132,102.6,91.4,34.1,L
Male,1895,1371,1285,1265,439,451,1299,951,814,487,1259,128.5,126.5,43.9,XXXL
Male,1782,888,1023,990,366,384,1189,872,695,392,1132,102.3,99.0,36.6,XL
Male,1699,647,952,868,325,372,1070,842,529,354,1070,95.2,86.8,32.5,M
Male,1859,719,931,852,339,378,1108,878,535,359,1202,93.1,85.2,33.9,M
Male,1763,827,1062,875,322,386,1175,883,577,406,1162,106.2,87.5,32.2,L
Male,1790,903,1058,961,354,380,1153,859,646,433,1183,105.8,96.1,35.4,XL
Male,1799,1057,1165,1055,356,448,1316,915,711,447,1157,116.5,105.5,35.6,XXL
Male,1819,1162,1204,1144,409,450,1286,920,756,419,1180,120.4,114.4,40.9,XXXL
Male,1716,860,1048,1006,353,393,1167,885,637,394,1087,104.8,100.6,35.3,XL
Male,1732,963,1199,1049,371,433,1201,928,640,416,1182,119.9,104.9,37.1,XXL
Male,1823,1045,1135,1108,363,417,1258,931,703,404,1205,113.5,110.8,36.3,XXL
Male,1641,882,1108,1021,368,402,1204,865,688,407,1107,110.8,102.1,36.8,XL
Male,1704,874,1037,877,326,407,1194,913,653,432,1138,103.7,87.7,32.6,L
Male,1890,1225,1289,1147,376,427,1330,1004,722,444,1248,128.9,114.7,37.6,XXXL
Male,1653,723,991,831,323,383,1125,837,592,378,1064,99.1,83.1,32.3,M
Male,1803,773,949,843,333,369,1161,918,621,364,1148,94.9,84.3,33.3,M
Male,1683,786,1072,1017,353,376,1136,904,605,374,1091,107.2,101.7,35.3,XL
Male,1822,972,1085,965,367,430,1267,927,618,437,1074,108.5,96.5,36.7,XL
Male,1812,1052,1141,1016,347,426,1291,910,678,416,1218,114.1,101.6,34.7,XL
Male,1790,855,1063,875,337,399,1258,952,619,408,1100,106.3,87.5,33.7,L
Male,1797,982,1117,1051,343,414,1220,885,652,393,1157,111.7,105.1,34.3,XXL
Male,1796,694,922,790,317,367,1132,883,546,362,1109,92.2,79.0,31.7,S
Male,1654,968,1143,1050,382,446,1247,860,741,402,1068,114.3,105.0,38.2,XXL
Male,1714,821,1032,947,341,401,1131,867,636,412,1096,103.2,94.7,34.1,L
Male,1774,910,1029,994,369,411,1154,898,671,430,1117,102.9,99.4,36.9,XL
Male,1744,940,1119,1058,345,413,1248,919,665,414,1185,111.9,105.8,34.5,XXL
Male,1863,1041,1084,960,374,436,1192,945,712,439,1188,108.4,96.0,37.4,XL
Male,1772,996,1143,1060,366,443,1226,925,667,411,1177,114.3,106.0,36.6,XXL
Male,1788,996,1156,950,358,421,1280,916,682,408,1206,115.6,95.0,35.8,XL
Male,1709,705,990,768,310,399,1153,879,542,367,1043,99.0,76.8,31.0,M
Male,1692,670,978,853,328,383,1101,813,552,343,1068,97.8,85.3,32.8,M
Male,1809,1073,1128,1041,407,439,1277,929,720,433,1167,112.8,104.1,40.7,XXL
Male,1708,961,1151,1030,353,433,1241,887,672,428,1151,115.1,103.0,35.3,XL
Male,1710,599,887,731,294,376,1060,825,528,333,1045,88.7,73.1,29.4,S
Male,1746,859,1074,958,356,401,1215,896,623,385,1119,107.4,95.8,35.6,L
Male,1798,971,1114,1062,390,430,1229,916,687,395,1187,111.4,106.2,39.0,XXL
Male,1765,906,1085,1000,352,418,1175,895,662,407,1164,108.5,100.0,35.2,XL
Male,1772,721,925,840,317,388,1119,889,552,383,1105,92.5,84.0,31.7,M
Male,1842,981,1142,1031,354,421,1216,927,662,386,1199,114.2,103.1,35.4,XL
Male,1792,886,1116,956,348,407,1258,938,618,396,1079,111.6,95.6,34.8,XL
Male,1728,689,993,768,326,389,1103,869,516,367,1067,99.3,76.8,32.6,M
Male,1825,818,1034,895,348,367,1135,882,563,377,1085,103.4,89.5,34.8,L
Male,1732,952,1153,1146,376,398,1190,886,688,377,1135,115.3,114.6,37.6,XXXL
Male,1870,882,1069,907,356,412,1195,928,627,384,1171,106.9,90.7,35.6,L
Male,1649,905,1140,917,344,452,1282,885,644,398,1107,114.0,91.7,34.4,XL
Male,1701,941,1106,1023,378,414,1178,848,723,425,1060,110.6,102.3,37.8,XL
Male,1800,670,904,771,308,362,1057,852,545,353,1120,90.4,77.1,30.8,S
Male,1745,848,1054,973,345,398,1139,878,664,391,1119,105.4,97.3,34.5,XL
Male,1654,833,1020,924,376,382,1132,828,655,404,1066,102.0,92.4,37.6,L
Male,1847,861,1005,918,352,385,1196,938,628,393,1136,100.5,91.8,35.2,L
Male,1735,832,1076,971,353,405,1161,897,623,357,1144,107.6,97.1,35.3,XL
Male,1734,848,1038,932,331,416,1224,876,615,388,1132,103.8,93.2,33.1,L
Male,1942,972,1047,938,365,424,1248,979,669,401,1287,104.7,93.8,36.5,L
Male,1919,847,938,830,328,371,1112,943,618,393,1240,93.8,83.0,32.8,M
Male,1742,977,1078,1010,370,428,1235,897,720,418,1159,107.8,101.0,37.0,XL
Male,1766,1195,1275,1177,378,484,1318,913,768,438,1238,127.5,117.7,37.8,XXXL
Male,1686,585,936,733,315,364,1101,874,501,350,1066,93.6,73.3,31.5,S
Male,1890,1144,1194,1013,382,425,1323,976,700,475,1250,119.4,101.3,38.2,XXL
Male,1751,975,1127,1097,370,417,1232,876,691,421,1111,112.7,109.7,37.0,XXL
Male,1752,775,1022,867,322,397,1161,908,596,392,1159,102.2,86.7,32.2,L
Male,1847,897,1018,948,371,381,1133,892,665,407,1172,101.8,94.8,37.1,L
Male,1774,938,1117,1045,352,395,1187,892,618,398,1173,111.7,104.5,35.2,XXL
Male,1882,1106,1237,1060,366,437,1359,973,647,408,1224,123.7,106.0,36.6,XXL
Male,1794,894,1027,932,362,405,1220,919,649,413,1160,102.7,93.2,36.2,L
Male,1940,1011,1082,1059,375,395,1155,949,638,426,1267,108.2,105.9,37.5,XXL
Male,1911,1180,1167,1162,422,422,1192,957,768,445,1305,116.7,116.2,42.2,XXXL
Male,1788,791,978,912,347,386,1114,862,596,388,1144,97.8,91.2,34.7,L
Male,1774,1273,1241,1238,452,431,1341,932,825,469,1132,124.1,123.8,45.2,XXXL
Male,1660,854,1095,995,339,445,1173,847,608,407,1053,109.5,99.5,33.9,XL
Male,1713,768,1079,932,337,392,1202,901,582,364,1116,107.9,93.2,33.7,L
Male,1767,837,1042,950,339,380,1175,906,614,402,1127,104.2,95.0,33.9,L
Male,1781,859,1028,975,382,391,1182,925,663,400,1168,102.8,97.5,38.2,XL
Male,1773,940,1101,1113,357,407,1122,861,677,386,1201,110.1,111.3,35.7,XXL
Male,1804,966,1124,946,352,405,1252,940,631,458,1177,112.4,94.6,35.2,XL
Male,1702,653,959,823,317,390,1100,862,558,340,1101,95.9,82.3,31.7,M
Male,1809,773,1006,862,336,375,1157,911,598,361,1135,100.6,86.2,33.6,M
Male,1797,1235,1327,1211,400,451,1343,912,748,440,1160,132.7,121.1,40.0,XXXL
Male,1879,842,1011,855,347,400,1218,938,605,386,1218,101.1,85.5,34.7,M
Male,1862,1012,1114,970,371,399,1220,927,661,428,1191,111.4,97.0,37.1,XL
Male,1767,775,1000,855,336,408,1149,893,607,380,1168,100.0,85.5,33.6,M
Male,1771,940,1167,1012,376,417,1217,908,645,409,1141,116.7,101.2,37.6,XL
Male,1748,958,1088,1057,374,410,1220,912,721,407,1208,108.8,105.7,37.4,XXL
Male,1703,760,1062,974,338,410,1142,865,564,356,1094,106.2,97.4,33.8,XL
Male,1743,906,1123,974,356,437,1236,898,653,392,1151,112.3,97.4,35.6,XL
Male,1798,973,1090,1004,386,433,1226,911,685,463,1185,109.0,100.4,38.6,XL
Male,1889,1129,1226,1120,393,406,1265,952,714,404,1215,122.6,112.0,39.3,XXXL
Male,1792,895,1108,940,353,395,1218,921,625,409,1159,110.8,94.0,35.3,XL
Male,1741,640,922,825,327,375,1045,798,552,350,1103,92.2,82.5,32.7,M
Male,1679,745,1031,881,338,382,1160,865,621,376,1077,103.1,88.1,33.8,L
Male,1803,823,1095,794,338,380,1240,902,598,388,1143,109.5,79.4,33.8,L
Male,1702,882,1067,1016,344,428,1157,883,656,376,1098,106.7,101.6,34.4,XL
Male,1707,582,935,761,307,369,1091,859,482,320,1064,93.5,76.1,30.7,S
Male,1807,1026,1169,1137,399,400,1260,920,694,410,1206,116.9,113.7,39.9,XXXL
Male,1774,825,1016,875,348,377,1135,854,614,407,1145,101.6,87.5,34.8,M
Male,1774,722,981,874,338,380,1137,913,557,352,1185,98.1,87.4,33.8,M
Male,1795,896,1104,988,362,398,1172,899,674,407,1200,110.4,98.8,36.2,XL
Male,1787,572,908,687,312,342,1021,835,472,341,1062,90.8,68.7,31.2,S
Male,1743,958,1146,973,382,403,1270,903,709,436,1155,114.6,97.3,38.2,XL
Male,1835,808,997,882,348,377,1141,918,602,387,1199,99.7,88.2,34.8,L
Male,1838,824,1032,908,343,376,1176,935,604,397,1174,103.2,90.8,34.3,L
Male,1745,761,977,832,340,403,1162,884,602,385,1115,97.7,83.2,34.0,M
Male,1798,887,1016,900,346,405,1178,911,649,420,1176,101.6,90.0,34.6,L
Male,1720,682,942,796,314,372,1118,853,552,366,1063,94.2,79.6,31.4,M
Male,1687,1025,1232,1091,401,412,1259,890,735,393,1101,123.2,109.1,40.1,XXL
Male,1844,860,1037,960,371,405,1176,936,580,399,1177,103.7,96.0,37.1,XL
Male,1693,645,933,813,314,367,1095,818,527,356,1067,93.3,81.3,31.4,M
Male,1674,743,987,842,318,400,1135,865,596,372,1158,98.7,84.2,31.8,M
Male,1786,825,972,907,330,382,1140,851,646,402,1110,97.2,90.7,33.0,L
Male,1740,688,957,838,334,358,1111,902,564,374,1106,95.7,83.8,33.4,M
Male,1827,889,1057,978,356,390,1205,883,633,395,1190,105.7,97.8,35.6,XL
Male,1783,1007,1145,1110,387,393,1208,905,693,386,1121,114.5,111.0,38.7,XXL
Male,1868,846,1023,956,361,373,1159,894,597,382,1187,102.3,95.6,36.1,L
Male,1858,892,1076,1036,358,388,1187,937,638,373,1190,107.6,103.6,35.8,XL
Male,1696,773,986,917,326,386,1126,848,591,387,1063,98.6,91.7,32.6,L
Male,1836,1005,1136,983,383,399,1230,925,726,437,1164,113.6,98.3,38.3,XL
Male,1721,875,1069,993,343,407,1171,900,637,387,1148,106.9,99.3,34.3,XL
Male,1767,650,926,769,306,372,1087,857,514,348,1102,92.6,76.9,30.6,S
Male,1769,611,922,746,298,377,1109,913,498,363,1145,92.2,74.6,29.8,S
Male,1638,721,988,880,352,362,1158,838,614,369,1075,98.8,88.0,35.2,L
Male,1572,592,981,827,304,370,1148,833,528,348,1014,98.1,82.7,30.4,M
Male,1878,1186,1224,1110,398,414,1300,955,716,468,1208,122.4,111.0,39.8,XXL
Male,1730,613,886,771,308,362,1056,863,494,356,1075,88.6,77.1,30.8,S
Male,1714,901,1123,1016,348,413,1167,853,662,402,1106,112.3,101.6,34.8,XL
Male,1722,832,1065,957,355,379,1187,890,645,380,1115,106.5,95.7,35.5,L
Male,1710,895,1126,912,363,415,1277,935,658,403,1129,112.6,91.2,36.3,XL
Male,1838,670,906,785,337,367,1067,902,528,362,1142,90.6,78.5,33.7,S
Male,1830,1016,1137,1075,368,419,1185,920,688,407,1194,113.7,107.5,36.8,XXL
Male,1822,833,1018,910,336,388,1172,897,636,383,1159,101.8,91.0,33.6,L
Male,1836,1051,1207,1056,389,437,1258,920,701,436,1218,120.7,105.6,38.9,XXL
Male,1720,704,988,827,345,374,1125,848,568,366,1060,98.8,82.7,34.5,M
Male,1765,836,1064,963,336,384,1198,879,623,402,1155,106.4,96.3,33.6,XL
Male,1760,682,936,797,318,389,1171,894,552,345,1152,93.6,79.7,31.8,S
Male,1793,775,985,843,309,390,1170,875,552,371,1147,98.5,84.3,30.9,M
Male,1725,851,1128,966,342,391,1219,915,601,385,1095,112.8,96.6,34.2,XL
Male,1783,817,1008,875,323,385,1193,890,601,413,1097,100.8,87.5,32.3,M
Male,1832,922,1141,991,371,394,1207,907,622,387,1203,114.1,99.1,37.1,XL
Male,1774,883,1094,1033,348,404,1183,906,609,410,1112,109.4,103.3,34.8,XL
Male,1735,761,1043,995,332,395,1140,901,570,340,1121,104.3,99.5,33.2,XL
Male,1773,806,1035,872,322,398,1208,905,608,377,1172,103.5,87.2,32.2,L
Male,1810,918,1100,960,334,428,1236,928,657,394,1114,110.0,96.0,33.4,XL
Male,1641,888,1118,1065,358,422,1167,838,673,383,1075,111.8,106.5,35.8,XXL
Male,1762,686,962,812,307,373,1154,888,542,344,1120,96.2,81.2,30.7,M
Male,1730,720,941,781,330,356,1138,881,566,407,1058,94.1,78.1,33.0,M
Male,1742,920,1098,1064,343,378,1202,910,655,400,1118,109.8,106.4,34.3,XXL
Male,1756,698,968,767,309,353,1117,893,563,364,1127,96.8,76.7,30.9,M
Male,1713,828,993,1019,371,381,1110,832,660,413,1112,99.3,101.9,37.1,XL
Male,1769,997,1092,1015,355,431,1257,887,702,422,1133,109.2,101.5,35.5,XL
Male,1850,880,1039,841,333,412,1221,933,628,367,1151,103.9,84.1,33.3,L
Male,1802,856,1056,914,366,395,1156,919,642,395,1144,105.6,91.4,36.6,L
Male,1753,634,922,786,329,363,1071,869,516,333,1090,92.2,78.6,32.9,S
Male,1694,677,988,807,317,393,1166,883,563,347,1060,98.8,80.7,31.7,M
Male,1740,842,1027,899,334,403,1207,894,605,388,1095,102.7,89.9,33.4,L
Male,1572,658,981,812,304,384,1065,785,568,385,977,98.1,81.2,30.4,M
Male,1696,724,1023,910,318,369,1099,838,589,370,1097,102.3,91.0,31.8,L
Male,1828,903,1064,967,346,425,1170,880,605,410,1141,106.4,96.7,34.6,XL
Male,1754,863,1093,1010,339,388,1121,847,631,366,1140,109.3,101.0,33.9,XL
Male,1682,778,1034,955,347,423,1107,845,593,368,1103,103.4,95.5,34.7,L
Male,1789,801,1020,948,341,374,1182,913,579,358,1141,102.0,94.8,34.1,L
Male,1890,1197,1224,1122,353,465,1395,1011,720,442,1253,122.4,112.2,35.3,XXXL
Male,1828,897,1077,973,352,390,1214,942,626,396,1175,107.7,97.3,35.2,XL
Male,1763,763,958,857,337,419,1113,857,584,374,1163,95.8,85.7,33.7,M
Male,1776,753,939,840,327,388,1127,871,608,363,1101,93.9,84.0,32.7,M
Male,1738,956,1141,993,366,415,1223,877,689,406,1086,114.1,99.3,36.6,XL
Male,1657,583,918,830,312,353,1058,851,505,334,1074,91.8,83.0,31.2,M
Male,1758,919,1112,1041,357,413,1222,885,674,388,1154,111.2,104.1,35.7,XXL
Male,1812,813,1005,829,339,389,1162,900,602,378,1148,100.5,82.9,33.9,M
Male,1691,745,1042,796,314,381,1142,803,605,385,1057,104.2,79.6,31.4,L
Male,1737,634,930,802,299,360,1070,823,542,337,1101,93.0,80.2,29.9,M
Male,1755,821,1000,938,342,397,1145,882,631,412,1157,100.0,93.8,34.2,L
Male,1662,565,866,742,311,360,1039,836,518,337,1053,86.6,74.2,31.1,S
Male,1725,945,1124,1037,369,418,1228,919,662,420,1157,112.4,103.7,36.9,XL
Male,1817,873,1072,958,343,376,1147,897,627,410,1185,107.2,95.8,34.3,L
Male,1807,995,1107,1063,352,424,1252,947,673,429,1168,110.7,106.3,35.2,XXL
Male,1830,926,1131,942,337,413,1194,916,628,397,1182,113.1,94.2,33.7,XL
Male,1831,694,923,773,336,361,1106,898,551,363,1098,92.3,77.3,33.6,S
Male,1693,578,892,729,316,344,1109,854,523,333,1029,89.2,72.9,31.6,S
Male,1792,816,1012,955,339,384,1139,894,634,389,1195,101.2,95.5,33.9,L
Male,1828,875,1021,861,342,388,1173,897,633,395,1134,102.1,86.1,34.2,L
Male,1747,952,1107,989,353,400,1219,893,677,416,1119,110.7,98.9,35.3,XL
Male,1840,900,1061,960,346,404,1190,895,623,397,1152,106.1,96.0,34.6,XL
Male,1828,910,1070,929,354,415,1233,937,627,402,1158,107.0,92.9,35.4,L
Male,1871,1258,1280,1135,399,441,1376,980,748,477,1213,128.0,113.5,39.9,XXXL
Male,1750,1031,1146,1088,381,437,1238,887,708,440,1113,114.6,108.8,38.1,XXL
Male,1763,729,994,859,319,391,1165,918,578,368,1101,99.4,85.9,31.9,M
Male,1687,864,1108,1008,344,415,1228,865,647,393,1091,110.8,100.8,34.4,XL
Male,1805,976,1146,1022,362,431,1254,923,626,397,1179,114.6,102.2,36.2,XL
Male,1728,765,1029,871,317,389,1152,886,608,383,1121,102.9,87.1,31.7,L
Male,1659,795,1046,930,332,401,1159,855,622,413,1103,104.6,93.0,33.2,L
Male,1690,737,988,814,317,385,1134,848,602,393,1056,98.8,81.4,31.7,M
Male,1769,722,971,874,326,373,1153,865,569,362,1166,97.1,87.4,32.6,M
Male,1835,841,1018,894,329,381,1180,896,608,429,1177,101.8,89.4,32.9,L
Male,1777,1130,1197,1194,398,439,1256,916,772,423,1185,119.7,119.4,39.8,XXXL
Male,1796,1110,1148,1143,371,481,1277,889,712,450,1193,114.8,114.3,37.1,XXXL
Male,1824,1083,1187,1119,371,446,1265,900,717,420,1235,118.7,111.9,37.1,XXL
Male,1819,789,963,877,325,395,1145,905,593,378,1199,96.3,87.7,32.5,M
Male,1729,812,1011,926,339,389,1173,886,629,389,1112,101.1,92.6,33.9,L
Male,1803,1063,1143,1116,381,416,1236,911,717,418,1152,114.3,111.6,38.1,XXL
Male,1735,695,973,891,328,376,1092,867,546,348,1166,97.3,89.1,32.8,L
Male,1794,902,1127,1085,366,384,1201,933,648,366,1191,112.7,108.5,36.6,XXL
Male,1844,1189,1249,1270,382,440,1302,1008,719,427,1253,124.9,127.0,38.2,XXXL
Male,1890,1251,1162,1171,393,449,1255,962,752,469,1230,116.2,117.1,39.3,XXXL
Male,1689,600,856,742,312,372,1051,819,512,349,1042,85.6,74.2,31.2,S
Male,1937,1337,1285,1306,374,450,1220,982,756,438,1316,128.5,130.6,37.4,XXXL
Male,1822,1012,1102,1030,356,416,1276,917,682,407,1159,110.2,103.0,35.6,XL
Male,1742,920,1041,1032,368,403,1210,860,668,417,1153,104.1,103.2,36.8,XL
Male,1773,1044,1108,1116,388,423,1188,918,706,429,1144,110.8,111.6,38.8,XXL
Male,1683,884,1107,1041,352,424,1194,844,633,390,1069,110.7,104.1,35.2,XXL
Male,1822,767,1005,807,327,402,1182,905,582,388,1083,100.5,80.7,32.7,M
Male,1763,951,1170,1070,366,410,1220,919,596,405,1158,117.0,107.0,36.6,XXL
Male,1708,771,978,839,311,389,1136,851,628,388,1067,97.8,83.9,31.1,M
Male,1639,819,1088,989,331,402,1165,804,606,407,1043,108.8,98.9,33.1,XL
Male,1728,970,1146,1046,352,437,1198,893,629,428,1086,114.6,104.6,35.2,XXL
Male,1714,734,997,851,328,382,1157,884,597,358,1126,99.7,85.1,32.8,M
Male,1853,1074,1195,1059,368,395,1287,954,691,416,1217,119.5,105.9,36.8,XXL
Male,1700,893,1154,1012,331,392,1215,850,615,394,1104,115.4,101.2,33.1,XL
Male,1749,801,1063,960,348,379,1155,900,598,376,1076,106.3,96.0,34.8,XL
Male,1855,1020,1183,988,377,404,1319,963,717,433,1205,118.3,98.8,37.7,XXL
Male,1748,951,1164,1082,352,414,1254,904,637,413,1107,116.4,108.2,35.2,XXL
Male,1734,587,861,745,308,363,1062,852,505,337,1078,86.1,74.5,30.8,S
Male,1767,888,1141,878,332,407,1247,943,630,394,1090,114.1,87.8,33.2,XL
Male,1784,921,1056,984,365,400,1207,890,674,408,1164,105.6,98.4,36.5,XL
Male,1754,761,1119,828,308,352,1205,930,570,376,1164,111.9,82.8,30.8,XL
Male,1727,802,1060,996,337,422,1141,877,601,391,1101,106.0,99.6,33.7,XL
Male,1706,876,1066,997,343,403,1177,882,680,384,1140,106.6,99.7,34.3,XL
Male,1830,1052,1172,1061,360,448,1274,922,668,404,1172,117.2,106.1,36.0,XXL
Male,1733,844,1062,929,348,406,1186,895,638,420,1127,106.2,92.9,34.8,L
Male,1847,931,1076,933,358,396,1252,942,662,403,1191,107.6,93.3,35.8,L
Male,1676,857,1117,992,363,401,1142,849,642,402,1109,111.7,99.2,36.3,XL
Male,1721,846,1025,940,347,395,1168,890,623,407,1093,102.5,94.0,34.7,L
Male,1694,749,990,848,320,391,1172,880,608,386,1099,99.0,84.8,32.0,M
Male,1763,756,946,819,295,377,1121,915,574,386,1137,94.6,81.9,29.5,M
Male,1779,916,1102,963,347,422,1178,841,651,414,1104,110.2,96.3,34.7,XL
Male,1793,892,1034,948,336,433,1181,896,601,394,1113,103.4,94.8,33.6,L
Male,1948,1127,1153,1080,369,439,1284,963,640,440,1263,115.3,108.0,36.9,XXL
Male,1875,983,1141,1012,382,379,1180,942,662,409,1233,114.1,101.2,38.2,XL
Male,1694,682,938,940,329,377,1095,870,557,368,1056,93.8,94.0,32.9,L
Male,1696,672,975,851,331,355,1119,842,557,372,1074,97.5,85.1,33.1,M
Male,1743,933,1141,1030,358,404,1180,903,627,393,1153,114.1,103.0,35.8,XL
Male,1835,744,968,852,323,392,1175,919,573,361,1141,96.8,85.2,32.3,M
Male,1668,889,1136,992,338,429,1211,835,661,398,1064,113.6,99.2,33.8,XL
Male,1687,684,1012,811,294,362,1109,845,564,379,1092,101.2,81.1,29.4,M
Male,1744,869,1091,960,352,411,1140,868,624,388,1110,109.1,96.0,35.2,XL
Male,1712,1076,1217,1123,379,429,1222,882,691,428,1149,121.7,112.3,37.9,XXXL
Male,1570,873,1106,1073,360,416,1129,785,683,413,990,110.6,107.3,36.0,XXL
Male,1686,830,1022,885,345,385,1174,836,648,438,1068,102.2,88.5,34.5,L
Male,1900,1072,1152,1120,353,436,1194,913,654,414,1235,115.2,112.0,35.3,XXXL
Male,1687,665,964,848,315,373,1108,830,547,359,1048,96.4,84.8,31.5,M
Male,1827,1160,1202,1221,389,419,1267,940,734,478,1213,120.2,122.1,38.9,XXXL
Male,1652,974,1162,1091,359,404,1197,890,698,437,1115,116.2,109.1,35.9,XXL
Male,1733,699,918,787,313,365,1114,881,568,366,1114,91.8,78.7,31.3,S
Male,1889,1003,1147,1041,378,410,1250,995,636,397,1219,114.7,104.1,37.8,XXL
Male,1722,768,973,944,344,377,1124,890,599,375,1104,97.3,94.4,34.4,L
Male,1758,882,1118,1027,329,428,1211,933,601,368,1124,111.8,102.7,32.9,XL
Male,1717,980,1161,1083,357,421,1231,887,684,402,1135,116.1,108.3,35.7,XXL
Male,1717,919,1115,1047,357,417,1211,875,664,402,1105,111.5,104.7,35.7,XXL
Male,1763,896,1068,1005,358,412,1182,890,643,397,1119,106.8,100.5,35.8,XL
Male,1815,814,962,937,362,375,1157,897,609,401,1166,96.2,93.7,36.2,L
Male,1735,902,1122,1027,351,420,1179,856,656,403,1083,112.2,102.7,35.1,XL
Male,1794,1046,1107,1128,362,427,1203,898,647,449,1179,110.7,112.8,36.2,XXXL
Male,1568,639,989,790,310,374,1117,820,574,360,1041,98.9,79.0,31.0,M
Male,1711,633,966,796,296,360,1116,875,549,335,1101,96.6,79.6,29.6,M
Male,1743,1082,1217,1160,384,423,1241,915,664,448,1117,121.7,116.0,38.4,XXXL
Male,1723,752,995,834,325,396,1177,863,587,370,1090,99.5,83.4,32.5,M
Male,1809,925,1080,1003,342,408,1171,899,637,401,1187,108.0,100.3,34.2,XL
Male,1830,830,1023,859,334,391,1177,897,595,386,1149,102.3,85.9,33.4,L
Male,1760,822,1108,925,331,392,1183,929,575,379,1130,110.8,92.5,33.1,XL
Male,1714,737,980,855,325,379,1142,858,608,375,1120,98.0,85.5,32.5,M
Male,1710,927,1093,1057,365,427,1232,899,669,386,1061,109.3,105.7,36.5,XXL
Male,1731,890,1057,1000,358,402,1183,857,625,404,1118,105.7,100.0,35.8,XL
Male,1724,662,939,812,321,376,1142,837,546,357,1122,93.9,81.2,32.1,M
Male,1638,616,914,795,306,379,1122,823,517,355,1058,91.4,79.5,30.6,S
Male,1649,851,1083,991,347,415,1186,835,622,406,1058,108.3,99.1,34.7,XL
Male,1768,1028,1182,1116,362,460,1252,920,673,405,1144,118.2,111.6,36.2,XXL
Male,1818,990,1146,1025,354,438,1240,886,659,418,1139,114.6,102.5,35.4,XL
Male,1840,1074,1213,1102,369,434,1264,965,667,436,1248,121.3,110.2,36.9,XXL
Male,1727,1122,1216,1180,351,435,1233,905,670,432,1117,121.6,118.0,35.1,XXXL
Male,1742,805,1031,895,332,395,1160,862,599,409,1043,103.1,89.5,33.2,L
Male,1700,691,968,811,318,366,1112,808,579,358,1086,96.8,81.1,31.8,M
Male,1722,842,1074,978,339,402,1195,877,604,393,1137,107.4,97.8,33.9,XL
Male,1809,849,1066,963,328,400,1168,885,576,376,1172,106.6,96.3,32.8,XL
Male,1695,664,1002,800,324,357,1153,896,557,367,1070,100.2,80.0,32.4,M
Male,1649,585,913,692,286,361,1120,838,502,344,1026,91.3,69.2,28.6,S
Male,1719,809,1046,1010,341,382,1113,872,602,385,1098,104.6,101.0,34.1,XL
Male,1731,871,1081,921,346,402,1210,907,662,418,1164,108.1,92.1,34.6,L
Male,1773,1189,1284,1222,387,427,1339,963,769,437,1173,128.4,122.2,38.7,XXXL
Male,1770,1029,1194,1086,354,420,1240,885,674,412,1163,119.4,108.6,35.4,XXL
Male,1773,1026,1158,1075,368,453,1302,920,681,457,1168,115.8,107.5,36.8,XXL
Male,1763,940,1086,1011,359,395,1207,919,663,414,1187,108.6,101.1,35.9,XL
Male,1814,944,1103,996,349,410,1246,929,644,403,1127,110.3,99.6,34.9,XL
Male,1805,856,1037,890,332,416,1210,937,612,383,1145,103.7,89.0,33.2,L
Male,1838,1000,1147,1016,366,405,1235,951,659,439,1217,114.7,101.6,36.6,XL
Male,1884,883,1047,970,358,381,1200,972,603,383,1239,104.7,97.0,35.8,XL
Male,1811,1005,1164,1066,358,424,1239,930,665,425,1230,116.4,106.6,35.8,XXL
Male,1669,938,1139,1115,348,412,1224,865,675,427,1090,113.9,111.5,34.8,XXL
Male,1787,804,1022,918,347,369,1177,892,622,388,1154,102.2,91.8,34.7,L
Male,1780,867,1020,930,322,376,1163,880,644,423,1145,102.0,93.0,32.2,L
Male,1732,1063,1209,1075,380,424,1336,874,704,437,1113,120.9,107.5,38.0,XXL
Male,1604,705,932,835,330,393,1117,835,594,373,951,93.2,83.5,33.0,M
Male,1770,1021,1181,1170,377,415,1187,897,702,425,1138,118.1,117.0,37.7,XXXL
Male,1732,707,975,811,336,353,1088,861,590,390,1119,97.5,81.1,33.6,M
Male,1688,859,1098,947,326,414,1231,898,645,390,1119,109.8,94.7,32.6,L
Male,1710,643,952,798,298,376,1116,849,533,356,1051,95.2,79.8,29.8,M
Male,1792,623,879,753,299,347,1053,870,492,337,1088,87.9,75.3,29.9,S
Male,1867,997,1054,990,337,398,1271,918,663,417,1188,105.4,99.0,33.7,XL
Male,1825,851,1059,858,312,391,1205,972,620,373,1212,105.9,85.8,31.2,L
Male,1808,812,999,869,308,406,1166,889,583,357,1154,99.9,86.9,30.8,M
Male,1789,972,1104,1011,404,405,1186,899,699,420,1200,110.4,101.1,40.4,XL
Male,1754,737,939,835,299,372,1141,891,582,364,1141,93.9,83.5,29.9,M
Male,1742,816,1016,850,337,401,1180,870,596,412,1103,101.6,85.0,33.7,M
Male,1715,714,962,818,320,383,1168,884,574,375,1049,96.2,81.8,32.0,M
Male,1585,627,959,780,296,350,1108,841,546,372,984,95.9,78.0,29.6,M
Male,1897,847,1042,853,337,387,1220,962,624,386,1219,104.2,85.3,33.7,L
Male,1772,609,855,711,304,345,1066,876,511,347,1123,85.5,71.1,30.4,XS
Male,1738,675,957,801,320,378,1137,864,544,356,1082,95.7,80.1,32.0,M
Male,1738,802,1072,904,322,388,1157,890,610,376,1069,107.2,90.4,32.2,L
Male,1705,1020,1203,1146,358,426,1229,859,667,423,1060,120.3,114.6,35.8,XXXL
Male,1764,618,895,766,326,369,1071,868,526,344,1134,89.5,76.6,32.6,S
Male,1733,802,1002,877,332,395,1158,863,628,380,1111,100.2,87.7,33.2,M
Male,1756,708,1024,811,313,385,1197,948,559,355,1160,102.4,81.1,31.3,L
Male,1820,852,1059,929,331,396,1205,927,602,387,1169,105.9,92.9,33.1,L
Male,1608,813,1078,950,320,415,1198,825,604,407,1022,107.8,95.0,32.0,L
Male,1741,883,1074,942,344,410,1216,886,625,407,1117,107.4,94.2,34.4,L
Male,1902,1268,1213,1222,402,455,1271,1002,782,445,1267,121.3,122.2,40.2,XXXL
Male,1680,631,910,805,303,353,1064,833,532,354,1021,91.0,80.5,30.3,M
Male,1790,621,915,743,321,363,1088,904,500,338,1128,91.5,74.3,32.1,S
Male,1825,1076,1209,1156,379,416,1251,982,679,416,1229,120.9,115.6,37.9,XXXL
Male,1801,1162,1202,1160,423,407,1290,898,759,469,1169,120.2,116.0,42.3,XXXL
Male,1752,922,1073,996,366,400,1161,896,696,418,1090,107.3,99.6,36.6,XL
Male,1689,743,995,944,337,370,1091,846,605,386,1079,99.5,94.4,33.7,L
Male,1845,866,1056,978,355,398,1185,912,606,389,1190,105.6,97.8,35.5,XL
Male,1638,728,1050,838,339,374,1206,844,561,373,1015,105.0,83.8,33.9,L
Male,1663,780,1017,945,340,367,1163,848,616,416,1074,101.7,94.5,34.0,L
Male,1807,836,1071,1010,329,421,1225,904,597,375,1149,107.1,101.0,32.9,XL
Male,1758,729,963,846,338,364,1100,875,590,386,1085,96.3,84.6,33.8,M
Male,1718,860,1072,1019,333,427,1149,878,597,383,1111,107.2,101.9,33.3,XL
Male,1746,1006,1094,1079,389,389,1211,900,739,447,1131,109.4,107.9,38.9,XXL
Male,1646,731,984,931,322,362,1100,834,616,378,1048,98.4,93.1,32.2,L
Male,1757,947,1078,973,344,417,1217,882,672,430,1099,107.8,97.3,34.4,XL
Male,1853,720,895,785,325,379,1098,906,544,363,1172,89.5,78.5,32.5,S
Male,1703,882,1106,957,337,416,1197,887,623,423,1087,110.6,95.7,33.7,XL
Male,1850,830,1008,857,347,375,1091,931,635,367,1153,100.8,85.7,34.7,M
Male,1684,1065,1256,1158,354,464,1293,917,668,451,1101,125.6,115.8,35.4,XXXL
Male,1745,904,1084,960,357,396,1234,879,689,412,1090,108.4,96.0,35.7,XL
Male,1814,724,953,781,305,380,1105,890,537,353,1160,95.3,78.1,30.5,M
Male,1642,659,937,778,329,375,1122,805,578,387,1010,93.7,77.8,32.9,S
Male,1875,996,1144,1059,378,410,1210,959,655,395,1244,114.4,105.9,37.8,XXL
Male,1761,734,925,844,323,376,1095,899,600,362,1144,92.5,84.4,32.3,M
Male,1788,777,968,823,325,377,1132,891,585,384,1159,96.8,82.3,32.5,M
Male,1726,621,926,791,310,358,1082,850,512,348,1121,92.6,79.1,31.0,S
Male,1660,766,998,919,332,394,1143,839,607,397,1024,99.8,91.9,33.2,L
Male,1598,693,1016,876,333,388,1162,820,582,370,1004,101.6,87.6,33.3,M
Male,1719,867,1065,962,366,392,1146,885,654,394,1092,106.5,96.2,36.6,XL
Male,1692,906,1170,1006,328,416,1204,883,607,398,1103,117.0,100.6,32.8,XL
Male,1741,851,1067,991,371,422,1157,928,630,387,1135,106.7,99.1,37.1,XL
Male,1760,781,1008,943,324,370,1120,898,567,403,1110,100.8,94.3,32.4,L
Male,1746,994,1199,1110,362,462,1237,883,636,396,1144,119.9,111.0,36.2,XXL
Male,1739,932,1129,998,372,413,1220,879,680,417,1139,112.9,99.8,37.2,XL
Male,1760,1028,1250,1066,354,472,1308,953,638,407,1121,125.0,106.6,35.4,XXL
Male,1750,822,1072,990,357,401,1171,880,548,362,1132,107.2,99.0,35.7,XL
Male,1742,932,1122,1018,359,438,1200,915,634,427,1098,112.2,101.8,35.9,XL
Male,1803,1260,1269,1150,379,500,1345,999,727,460,1191,126.9,115.0,37.9,XXXL
Male,1766,779,1020,965,355,399,1160,914,554,399,1148,102.0,96.5,35.5,XL
Male,1830,901,1067,1002,338,387,1130,904,579,382,1137,106.7,100.2,33.8,XL
Male,1748,1157,1248,1238,387,451,1265,891,734,424,1197,124.8,123.8,38.7,XXXL
Male,1762,925,1130,1042,351,426,1207,920,606,394,1142,113.0,104.2,35.1,XXL
Male,1714,828,1076,889,366,392,1155,875,659,395,1058,107.6,88.9,36.6,L
Male,1716,798,1035,961,348,372,1126,869,628,385,1077,103.5,96.1,34.8,XL
Male,1677,1092,1213,1235,387,440,1270,885,739,448,1157,121.3,123.5,38.7,XXXL
Male,1714,1001,1178,1101,372,426,1241,905,692,419,1149,117.8,110.1,37.2,XXL
Male,1820,873,1096,970,332,406,1191,940,567,379,1187,109.6,97.0,33.2,XL
Male,1753,894,1122,1007,346,415,1183,954,604,417,1138,112.2,100.7,34.6,XL
Male,1784,1052,1162,1102,370,442,1270,950,673,411,1136,116.2,110.2,37.0,XXL
Male,1758,847,1006,924,358,400,1164,851,635,385,1101,100.6,92.4,35.8,L
Male,1659,744,1051,957,332,393,1179,874,594,367,1091,105.1,95.7,33.2,L
Male,1793,820,1003,880,358,403,1162,942,601,369,1179,100.3,88.0,35.8,L
Male,1727,1119,1202,1024,373,420,1260,908,724,451,1122,120.2,102.4,37.3,XXL
Male,1777,1287,1285,1254,404,466,1366,944,783,470,1196,128.5,125.4,40.4,XXXL
Male,1885,1050,1166,1108,374,413,1242,976,646,412,1219,116.6,110.8,37.4,XXL
Male,1716,694,957,839,320,387,1131,880,566,359,1129,95.7,83.9,32.0,M
Male,1634,662,957,862,298,375,1111,795,542,376,1014,95.7,86.2,29.8,M
Male,1763,1307,1374,1282,387,505,1366,950,742,454,1170,137.4,128.2,38.7,XXXL
Male,1775,953,1117,1035,349,441,1230,895,662,426,1154,111.7,103.5,34.9,XL
Male,1823,781,917,787,336,365,1097,870,600,420,1088,91.7,78.7,33.6,S
Male,1816,868,1066,938,356,403,1220,965,571,411,1144,106.6,93.8,35.6,L
Male,1886,923,979,933,359,387,1189,882,655,430,1204,97.9,93.3,35.9,L
Male,1700,850,1064,986,344,406,1155,878,622,383,1098,106.4,98.6,34.4,XL
Male,1759,835,1031,946,343,361,1116,901,658,397,1187,103.1,94.6,34.3,L
Male,1720,646,919,748,320,352,1061,842,544,355,1077,91.9,74.8,32.0,S
Male,1716,858,1098,934,351,390,1196,860,651,422,1083,109.8,93.4,35.1,L
Male,1741,742,1000,802,311,392,1146,918,574,368,1115,100.0,80.2,31.1,M
Male,1730,887,1112,968,354,403,1208,885,645,392,1123,111.2,96.8,35.4,XL
Male,1773,1057,1124,1144,380,425,1193,908,738,430,1188,112.4,114.4,38.0,XXXL
Male,1665,736,965,883,325,376,1141,838,599,375,1050,96.5,88.3,32.5,L
Male,1747,696,997,795,314,371,1132,858,564,357,1074,99.7,79.5,31.4,M
Male,1779,1137,1192,1143,393,430,1291,907,767,442,1185,119.2,114.3,39.3,XXXL
Male,1629,584,910,778,312,352,1046,790,553,351,986,91.0,77.8,31.2,S
Male,1656,720,998,818,322,412,1124,855,575,365,1047,99.8,81.8,32.2,M
Male,1749,1009,1145,1054,382,411,1235,960,704,454,1167,114.5,105.4,38.2,XXL
Male,1858,816,961,862,335,394,1129,912,611,393,1172,96.1,86.2,33.5,M
Male,1769,921,1120,1003,341,431,1227,884,622,417,1160,112.0,100.3,34.1,XL
Male,1837,907,1083,972,364,414,1245,980,596,385,1157,108.3,97.2,36.4,XL
Male,1691,813,1062,914,349,389,1195,842,632,409,1090,106.2,91.4,34.9,L
Male,1775,914,1058,1094,373,394,1168,855,656,393,1147,105.8,109.4,37.3,XXL
Male,1743,918,1067,1004,363,411,1172,921,663,405,1122,106.7,100.4,36.3,XL
Male,1721,957,1127,1026,364,401,1245,905,682,425,1100,112.7,102.6,36.4,XL
Male,1629,675,985,811,314,371,1092,805,570,345,1025,98.5,81.1,31.4,M
Male,1672,752,1044,948,324,387,1145,851,570,383,1055,104.4,94.8,32.4,L
Male,1659,814,1025,958,320,391,1150,856,617,397,1086,102.5,95.8,32.0,L
Male,1896,771,939,853,354,353,1110,948,602,355,1235,93.9,85.3,35.4,M
Male,1730,774,1005,882,347,386,1130,926,616,368,1132,100.5,88.2,34.7,L
Male,1684,712,974,800,317,380,1146,860,571,383,1058,97.4,80.0,31.7,M
Male,1757,844,1082,870,351,387,1212,893,618,394,1146,108.2,87.0,35.1,L
Male,1747,946,1179,1019,357,411,1157,876,637,410,1139,117.9,101.9,35.7,XL
Male,1646,674,967,829,313,362,1111,847,596,368,1054,96.7,82.9,31.3,M
Male,1744,890,1051,982,347,402,1216,902,652,433,1134,105.1,98.2,34.7,XL
Male,1798,902,1082,919,349,416,1190,910,661,385,1165,108.2,91.9,34.9,L
Male,1883,1354,1313,1266,426,432,1289,965,826,464,1255,131.3,126.6,42.6,XXXL
Male,1837,1020,1162,966,386,396,1221,914,739,425,1213,116.2,96.6,38.6,XL
Male,1663,646,928,857,307,352,1096,832,557,347,1012,92.8,85.7,30.7,M
Male,1832,831,1007,863,351,371,1171,942,624,380,1141,100.7,86.3,35.1,M
Male,1845,888,1074,926,350,377,1190,915,638,383,1174,107.4,92.6,35.0,L
Male,1754,850,1069,985,370,409,1249,944,615,377,1108,106.9,98.5,37.0,XL
Male,1867,870,1081,849,357,393,1231,967,627,403,1154,108.1,84.9,35.7,L
Male,1819,1030,1162,970,368,423,1247,950,690,444,1160,116.2,97.0,36.8,XL
Male,1771,909,1055,1019,361,397,1185,902,654,400,1188,105.5,101.9,36.1,XL
Male,1814,691,1004,862,307,359,1091,890,519,370,1178,100.4,86.2,30.7,M
Male,1790,778,994,854,329,385,1185,921,597,373,1114,99.4,85.4,32.9,M
Male,1823,778,974,891,330,366,1127,900,600,367,1162,97.4,89.1,33.0,L
Male,1807,866,1034,940,357,380,1173,923,620,410,1190,103.4,94.0,35.7,L
Male,1871,1001,1085,1038,382,400,1233,905,683,394,1212,108.5,103.8,38.2,XL
Male,1645,620,952,757,300,367,1117,825,532,373,1016,95.2,75.7,30.0,M
Male,1762,692,934,752,305,387,1133,879,533,370,1152,93.4,75.2,30.5,S
Male,1735,660,938,723,282,366,1083,873,541,338,1084,93.8,72.3,28.2,S
Male,1797,1129,1214,1108,361,436,1285,944,728,450,1209,121.4,110.8,36.1,XXL
Male,1751,797,1024,792,298,392,1216,918,579,380,1133,102.4,79.2,29.8,L
Male,1745,732,969,798,306,384,1157,867,551,358,1106,96.9,79.8,30.6,M
Male,1778,751,977,879,302,385,1107,883,582,373,1191,97.7,87.9,30.2,M
Male,1723,713,964,851,296,365,1114,865,554,388,1081,96.4,85.1,29.6,M
Male,1692,912,1156,1043,354,392,1272,880,663,401,1093,115.6,104.3,35.4,XXL
Male,1749,932,1100,926,328,437,1277,978,659,394,1138,110.0,92.6,32.8,XL
Male,1725,766,1012,886,329,388,1230,897,590,384,1117,101.2,88.6,32.9,L
Male,1777,771,994,835,318,389,1163,898,577,363,1120,99.4,83.5,31.8,M
Male,1728,794,1016,844,316,416,1207,907,591,395,1108,101.6,84.4,31.6,M
Male,1658,789,1061,936,344,391,1211,852,597,377,1071,106.1,93.6,34.4,L
Male,1656,761,1031,916,328,364,1177,849,603,388,1082,103.1,91.6,32.8,L
Male,1698,753,1036,866,319,382,1148,889,576,401,1073,103.6,86.6,31.9,L
Male,1765,981,1183,1051,351,418,1266,905,671,417,1138,118.3,105.1,35.1,XXL
Male,1710,858,1044,967,328,389,1206,925,664,424,1134,104.4,96.7,32.8,XL
Male,1766,866,1084,952,342,409,1209,902,624,390,1131,108.4,95.2,34.2,L
Male,1743,1010,1222,1088,363,412,1249,905,669,385,1162,122.2,108.8,36.3,XXL
Male,1744,1240,1214,1270,418,440,1295,866,817,490,1135,121.4,127.0,41.8,XXXL
Male,1805,1014,1144,1105,368,395,1205,916,665,394,1173,114.4,110.5,36.8,XXL
Male,1783,1138,1197,1104,382,438,1329,945,718,480,1154,119.7,110.4,38.2,XXL
Male,1701,898,1104,1066,356,423,1152,860,648,392,1110,110.4,106.6,35.6,XXL
Male,1955,1178,1143,1086,384,420,1326,984,752,411,1247,114.3,108.6,38.4,XXL
Male,1823,1263,1288,1210,383,420,1345,970,748,499,1165,128.8,121.0,38.3,XXXL
Male,1816,1054,1161,1094,379,415,1261,927,708,428,1177,116.1,109.4,37.9,XXL
Male,1762,727,949,866,327,373,1159,881,574,366,1120,94.9,86.6,32.7,M
Male,1619,660,936,816,314,373,1126,844,567,361,1032,93.6,81.6,31.4,M
Male,1614,746,982,981,319,391,1125,809,578,368,1055,98.2,98.1,31.9,XL
Male,1654,713,1012,892,331,381,1140,847,551,411,1092,101.2,89.2,33.1,L
Male,1791,838,1039,960,347,397,1169,860,605,370,1130,103.9,96.0,34.7,XL
Male,1737,708,937,886,321,385,1103,840,546,345,1089,93.7,88.6,32.1,L
Male,1694,906,1137,1011,347,418,1252,890,642,400,1095,113.7,101.1,34.7,XL
Male,1774,754,982,754,303,401,1195,910,578,377,1111,98.2,75.4,30.3,M
Male,1798,930,1152,1034,333,418,1217,925,600,365,1180,115.2,103.4,33.3,XL
Male,1834,1111,1228,1065,367,469,1300,926,684,419,1163,122.8,106.5,36.7,XXL
Male,1860,895,1027,859,356,395,1225,990,655,388,1180,102.7,85.9,35.6,L
Male,1664,694,978,891,347,357,1072,839,587,353,1023,97.8,89.1,34.7,L
Male,1803,935,1152,931,362,406,1300,952,678,411,1176,115.2,93.1,36.2,XL
Male,1774,680,983,832,317,353,1121,880,557,347,1160,98.3,83.2,31.7,M
Male,1748,942,1047,1061,384,392,1203,895,699,400,1171,104.7,106.1,38.4,XXL
Male,1859,896,1091,859,346,401,1203,945,601,409,1186,109.1,85.9,34.6,L
Male,1655,762,1073,902,319,382,1205,906,587,365,1093,107.3,90.2,31.9,L
Male,1634,799,1062,901,344,381,1192,890,621,427,1097,106.2,90.1,34.4,L
Male,1774,1096,1174,1083,392,407,1243,945,703,479,1205,117.4,108.3,39.2,XXL
Male,1762,976,1112,1071,402,396,1185,949,719,406,1135,111.2,107.1,40.2,XXL
Male,1757,890,1066,910,340,384,1215,909,661,417,1229,106.6,91.0,34.0,L
Male,1785,762,986,840,340,378,1155,920,573,381,1154,98.6,84.0,34.0,M
Male,1746,756,986,785,332,385,1155,889,597,388,1143,98.6,78.5,33.2,M
Male,1622,717,998,864,329,382,1085,824,619,380,1064,99.8,86.4,32.9,M
Male,1712,822,1056,940,351,416,1175,895,632,375,1080,105.6,94.0,35.1,L
Male,1657,951,1112,1047,363,425,1232,883,715,411,1102,111.2,104.7,36.3,XXL
Male,1784,867,1042,902,338,405,1194,913,635,400,1131,104.2,90.2,33.8,L
Male,1750,761,1017,825,339,371,1212,916,609,398,1145,101.7,82.5,33.9,M
Male,1760,772,996,896,343,374,1143,924,592,376,1145,99.6,89.6,34.3,L
Male,1790,941,1147,972,385,371,1185,912,708,380,1214,114.7,97.2,38.5,XL
Male,1721,708,959,852,341,379,1135,858,598,366,1159,95.9,85.2,34.1,M
Male,1820,922,1080,955,366,427,1220,940,637,400,1135,108.0,95.5,36.6,L
Male,1809,1096,1201,1144,410,425,1210,923,727,413,1195,120.1,114.4,41.0,XXXL
Male,1749,668,947,737,312,372,1132,889,530,375,1069,94.7,73.7,31.2,M
Male,1771,1103,1139,1144,398,440,1266,961,765,464,1241,113.9,114.4,39.8,XXXL
Male,1707,897,1084,920,333,395,1192,888,676,424,1130,108.4,92.0,33.3,L
Male,1622,655,953,815,338,369,1085,830,621,354,1076,95.3,81.5,33.8,M
Male,1714,630,907,731,322,367,1115,898,533,363,1111,90.7,73.1,32.2,S
Male,1739,770,975,862,336,381,1137,888,634,391,1143,97.5,86.2,33.6,M
Male,1803,951,1133,968,354,399,1239,911,631,399,1204,113.3,96.8,35.4,XL
Male,1801,696,944,837,336,363,1114,919,552,346,1145,94.4,83.7,33.6,M
Male,1827,941,1115,937,341,415,1215,956,636,444,1165,111.5,93.7,34.1,XL
Male,1750,644,932,726,314,372,1118,895,570,326,1114,93.2,72.6,31.4,S
Male,1844,1012,1164,956,366,414,1285,973,682,411,1192,116.4,95.6,36.6,XL
Male,1846,765,920,811,308,369,1112,920,603,367,1190,92.0,81.1,30.8,M
Male,1854,901,1046,925,362,377,1173,933,675,377,1237,104.6,92.5,36.2,L
Male,1604,685,1017,798,325,387,1117,839,589,356,1042,101.7,79.8,32.5,M
Male,1687,607,907,744,302,355,1058,878,538,343,1099,90.7,74.4,30.2,S
Male,1659,702,1030,910,324,401,1135,860,552,342,1111,103.0,91.0,32.4,L
Male,1736,595,918,770,286,364,1032,874,482,335,1094,91.8,77.0,28.6,S
Male,1713,705,989,787,329,377,1114,855,567,370,1097,98.9,78.7,32.9,M
Male,1682,704,973,779,330,374,1130,889,600,398,1074,97.3,77.9,33.0,M
Male,1729,894,1083,969,354,394,1172,899,654,404,1147,108.3,96.9,35.4,XL
Male,1662,804,1058,888,349,403,1126,842,622,410,1039,105.8,88.8,34.9,L
Male,1766,924,1184,1029,343,389,1242,915,647,401,1220,118.4,102.9,34.3,XXL
Male,1692,978,1123,1017,348,439,1256,948,713,427,1188,112.3,101.7,34.8,XL
Male,1790,867,1034,953,362,391,1170,914,644,387,1218,103.4,95.3,36.2,L
Male,1738,775,1000,816,334,359,1125,882,649,374,1190,100.0,81.6,33.4,M
Male,1602,760,1066,980,338,392,1178,879,599,363,1066,106.6,98.0,33.8,XL
Male,1839,844,1058,896,341,382,1172,932,614,411,1175,105.8,89.6,34.1,L
Male,1794,872,1054,897,341,392,1208,894,654,392,1201,105.4,89.7,34.1,L
Male,1704,907,1116,1000,341,409,1219,878,638,408,1125,111.6,100.0,34.1,XL
Male,1845,848,1002,880,340,404,1190,955,592,380,1241,100.2,88.0,34.0,L
Male,1796,1017,1131,1090,368,398,1204,925,697,394,1224,113.1,109.0,36.8,XXL
Male,1640,829,1091,955,332,420,1140,852,652,383,1059,109.1,95.5,33.2,L
Male,1748,840,1102,946,326,412,1212,913,608,356,1173,110.2,94.6,32.6,XL
Male,1799,957,1079,978,370,405,1203,910,685,420,1192,107.9,97.8,37.0,XL
Male,1970,1205,1188,1076,375,439,1298,995,695,432,1252,118.8,107.6,37.5,XXL
Male,1717,781,998,933,325,438,1151,879,622,370,1153,99.8,93.3,32.5,L
Male,1697,639,894,732,294,355,1049,819,533,380,1086,89.4,73.2,29.4,S
Male,1604,855,1139,1065,351,405,1202,839,651,394,1114,113.9,106.5,35.1,XXL
Male,1856,1301,1198,1234,444,479,1296,980,843,453,1312,119.8,123.4,44.4,XXXL
Male,1611,698,978,857,321,367,1114,839,608,393,1107,97.8,85.7,32.1,M
Male,1727,992,1140,1030,378,431,1271,922,705,402,1161,114.0,103.0,37.8,XL
Male,1728,1130,1159,1076,384,437,1280,882,791,455,1172,115.9,107.6,38.4,XXL
Male,1760,810,976,892,340,386,1169,896,635,386,1146,97.6,89.2,34.0,L
Male,1661,581,868,763,319,343,1039,820,542,328,1086,86.8,76.3,31.9,S
Male,1772,1001,1157,1035,351,419,1217,936,667,420,1192,115.7,103.5,35.1,XL
Male,1707,729,977,862,329,368,1141,856,620,382,1130,97.7,86.2,32.9,M
Male,1690,779,1031,868,336,387,1150,903,638,378,1167,103.1,86.8,33.6,L
Male,1727,791,1029,985,344,380,1105,892,631,394,1155,102.9,98.5,34.4,XL
Male,1775,1042,1216,1130,404,388,1262,938,677,398,1211,121.6,113.0,40.4,XXXL
Male,1681,862,1009,1006,367,394,1137,819,657,419,1113,100.9,100.6,36.7,XL
Male,1757,948,1129,1056,356,402,1202,916,653,394,1187,112.9,105.6,35.6,XXL
Male,1749,859,1081,920,330,366,1184,925,638,395,1176,108.1,92.0,33.0,L
Male,1685,829,985,1013,376,372,1076,830,680,401,1108,98.5,101.3,37.6,XL
Male,1724,870,1070,1000,355,400,1169,880,688,383,1135,107.0,100.0,35.5,XL
Male,1846,724,953,765,328,351,1137,925,527,392,1147,95.3,76.5,32.8,M
Male,1754,992,1122,1127,404,375,1230,936,737,391,1209,112.2,112.7,40.4,XXXL
Male,1763,769,969,841,334,381,1125,913,608,407,1196,96.9,84.1,33.4,M
Male,1783,1200,1278,1188,423,458,1295,978,760,430,1213,127.8,118.8,42.3,XXXL
Male,1630,694,986,860,334,381,1111,825,597,358,1046,98.6,86.0,33.4,M
Male,1694,894,1102,1010,352,404,1183,880,659,407,1146,110.2,101.0,35.2,XL
Male,1750,903,1127,1012,362,401,1173,896,644,380,1220,112.7,101.2,36.2,XL
Male,1703,677,890,831,315,374,1070,885,577,374,1117,89.0,83.1,31.5,M
Male,1711,811,996,907,348,405,1142,907,645,401,1158,99.6,90.7,34.8,L
Male,1754,753,1043,803,334,379,1111,866,566,383,1138,104.3,80.3,33.4,L
Male,1837,869,1049,940,346,393,1152,917,626,380,1178,104.9,94.0,34.6,L
Male,1828,975,1100,1012,362,399,1190,937,653,401,1225,110.0,101.2,36.2,XL
Male,1762,852,1020,851,335,401,1133,910,626,397,1193,102.0,85.1,33.5,L
Male,1654,803,1055,910,331,380,1120,860,642,383,1095,105.5,91.0,33.1,L
Male,1761,749,962,834,326,361,1115,872,597,413,1135,96.2,83.4,32.6,M
Male,1720,810,1019,940,347,406,1149,866,617,372,1163,101.9,94.0,34.7,L
Male,1737,696,918,760,313,373,1102,894,574,368,1144,91.8,76.0,31.3,S
Male,1648,644,968,818,326,375,1053,818,572,354,1092,96.8,81.8,32.6,M
Male,1741,736,1014,880,341,389,1173,919,605,371,1144,101.4,88.0,34.1,L
Male,1675,730,984,827,309,375,1171,915,572,393,1085,98.4,82.7,30.9,M
Male,1695,772,1007,821,327,414,1149,900,608,387,1110,100.7,82.1,32.7,M
Male,1772,868,1026,875,344,385,1165,908,635,427,1170,102.6,87.5,34.4,L
Male,1747,1015,1173,1045,377,438,1257,920,674,432,1166,117.3,104.5,37.7,XXL
Male,1690,802,1058,923,352,391,1206,870,631,394,1150,105.8,92.3,35.2,L
Male,1784,840,984,844,345,400,1135,920,614,409,1226,98.4,84.4,34.5,M
Male,1823,807,1010,882,336,390,1190,920,605,375,1209,101.0,88.2,33.6,L
Male,1814,1202,1161,1096,397,429,1234,968,814,466,1282,116.1,109.6,39.7,XXL
Male,1923,962,1131,920,343,402,1246,978,639,373,1241,113.1,92.0,34.3,XL
Male,1802,676,922,787,326,359,1117,874,531,354,1152,92.2,78.7,32.6,S
Male,1730,880,1108,900,351,409,1240,920,678,400,1151,110.8,90.0,35.1,XL
Male,1712,784,1028,1012,340,390,1129,876,617,354,1106,102.8,101.2,34.0,XL
Male,1725,615,957,752,297,365,1085,870,517,342,1140,95.7,75.2,29.7,M
Male,1700,752,966,906,344,375,1099,842,615,365,1134,96.6,90.6,34.4,L
Male,1770,657,917,773,314,369,1087,896,531,344,1090,91.7,77.3,31.4,S
Male,1899,686,902,730,311,357,1105,960,541,355,1243,90.2,73.0,31.1,S
Male,1825,865,1101,882,331,391,1159,914,610,388,1193,110.1,88.2,33.1,XL
Male,1779,746,956,819,321,370,1151,885,568,355,1178,95.6,81.9,32.1,M
Male,1760,775,1007,855,335,395,1146,914,605,341,1178,100.7,85.5,33.5,M
Male,1806,720,955,735,314,372,1115,885,553,373,1164,95.5,73.5,31.4,M
Male,1734,641,971,781,316,347,1100,855,522,346,1061,97.1,78.1,31.6,M
Male,1813,842,993,870,344,397,1150,930,649,381,1207,99.3,87.0,34.4,M
Male,1823,733,960,807,328,360,1150,889,568,357,1172,96.0,80.7,32.8,M
Male,1768,955,1121,972,351,399,1233,959,668,398,1205,112.1,97.2,35.1,XL
Male,1741,1219,1255,1224,387,436,1305,935,755,467,1198,125.5,122.4,38.7,XXXL
Male,1804,847,1007,905,345,382,1167,930,607,418,1187,100.7,90.5,34.5,L
Male,1831,896,1071,920,373,374,1160,922,678,399,1219,107.1,92.0,37.3,L
Male,1819,1158,1172,1105,368,425,1262,929,728,452,1225,117.2,110.5,36.8,XXL
Male,1739,857,1053,917,328,408,1190,925,651,394,1182,105.3,91.7,32.8,L
Male,1716,672,984,752,304,352,1133,855,542,367,1087,98.4,75.2,30.4,M
Male,1664,893,1071,911,349,425,1208,903,675,417,1140,107.1,91.1,34.9,L
Male,1674,977,1163,1082,354,422,1245,932,692,408,1135,116.3,108.2,35.4,XXL
Male,1763,822,1085,875,314,395,1221,904,602,382,1216,108.5,87.5,31.4,L
Male,1761,830,1019,904,340,445,1171,889,636,378,1130,101.9,90.4,34.0,L
Male,1751,869,1058,946,348,384,1172,900,635,402,1139,105.8,94.6,34.8,L
Male,1738,760,993,885,341,389,1171,900,598,374,1159,99.3,88.5,34.1,L
Male,1610,801,1034,915,334,402,1135,835,639,403,1066,103.4,91.5,33.4,L
Male,1767,689,909,739,327,375,1145,906,548,378,1176,90.9,73.9,32.7,S
Male,1649,695,1028,776,309,389,1132,854,572,350,1109,102.8,77.6,30.9,L
Male,1660,793,1047,961,342,397,1136,825,618,376,1057,104.7,96.1,34.2,XL
Male,1863,994,1129,1042,362,393,1227,980,672,413,1260,112.9,104.2,36.2,XXL
Male,1688,869,1044,1028,367,404,1145,868,703,411,1162,104.4,102.8,36.7,XL
Male,1861,806,1021,828,327,393,1234,989,559,376,1223,102.1,82.8,32.7,L
Male,1725,986,1101,952,369,412,1227,927,718,429,1207,110.1,95.2,36.9,XL
Male,1702,868,1066,1012,363,407,1160,848,628,408,1119,106.6,101.2,36.3,XL
Male,1721,761,996,860,301,384,1116,888,594,390,1166,99.6,86.0,30.1,M
Male,1853,719,934,761,317,363,1129,940,572,358,1185,93.4,76.1,31.7,S
Male,1652,727,987,802,309,378,1136,874,582,381,1059,98.7,80.2,30.9,M
Male,1827,1265,1302,1142,418,452,1314,960,788,440,1238,130.2,114.2,41.8,XXXL
Male,1709,818,1121,1061,334,384,1154,898,596,336,1143,112.1,106.1,33.4,XXL
Male,1727,875,1100,1053,361,421,1163,895,631,400,1121,110.0,105.3,36.1,XXL
Male,1721,801,1071,916,320,385,1142,875,563,387,1110,107.1,91.6,32.0,L
Male,1833,1123,1163,1103,358,439,1225,941,730,428,1276,116.3,110.3,35.8,XXL
Male,1786,725,951,900,324,371,1088,882,573,346,1179,95.1,90.0,32.4,L
Male,1639,775,1016,899,331,397,1120,864,599,403,1092,101.6,89.9,33.1,L
Male,1689,637,890,822,310,366,1066,817,525,357,1048,89.0,82.2,31.0,M
Male,1720,819,1042,880,308,426,1259,928,604,394,1197,104.2,88.0,30.8,L
Male,1751,1013,1148,1062,351,466,1250,906,677,439,1190,114.8,106.2,35.1,XXL
Male,1633,932,1077,1050,336,421,1192,846,698,437,1094,107.7,105.0,33.6,XXL
Male,1687,956,1149,1007,346,449,1272,889,689,402,1151,114.9,100.7,34.6,XL
Male,1816,1078,1158,1065,365,430,1250,970,705,396,1298,115.8,106.5,36.5,XXL
Male,1777,820,1003,841,337,371,1137,892,625,397,1148,100.3,84.1,33.7,M
Male,1796,814,1011,916,339,420,1190,925,595,355,1191,101.1,91.6,33.9,L
Male,1818,1040,1158,1048,362,439,1255,954,634,412,1175,115.8,104.8,36.2,XXL
Male,1767,908,1074,997,362,402,1200,898,658,417,1183,107.4,99.7,36.2,XL
Male,1669,927,1068,988,367,403,1160,876,681,421,1120,106.8,98.8,36.7,XL
Male,1689,775,1036,981,348,382,1130,879,618,381,1160,103.6,98.1,34.8,XL
Male,1713,764,980,811,309,392,1182,944,623,359,1096,98.0,81.1,30.9,M
Male,1781,702,940,767,320,373,1131,899,573,374,1181,94.0,76.7,32.0,M
Male,1756,874,1044,966,344,408,1161,896,653,388,1185,104.4,96.6,34.4,XL
Male,1674,727,981,900,334,367,1113,871,603,402,1102,98.1,90.0,33.4,L
Male,1644,713,1006,897,324,379,1136,829,573,370,1090,100.6,89.7,32.4,L
Male,1838,714,1011,754,297,378,1195,980,542,348,1229,101.1,75.4,29.7,M
Male,1733,750,996,853,323,366,1146,857,617,383,1120,99.6,85.3,32.3,M
Male,1681,812,1072,915,320,386,1167,872,648,375,1118,107.2,91.5,32.0,L
Male,1821,1084,1158,1107,378,409,1193,906,725,429,1210,115.8,110.7,37.8,XXL
Male,1713,937,1181,1076,342,386,1212,888,698,400,1215,118.1,107.6,34.2,XXL
Male,1704,835,1032,950,351,410,1155,860,629,379,1092,103.2,95.0,35.1,L
Male,1785,1197,1204,1199,428,404,1245,939,827,437,1258,120.4,119.9,42.8,XXXL
Male,1793,1004,1084,1048,391,393,1248,967,759,425,1249,108.4,104.8,39.1,XXL
Male,1803,998,1086,1070,345,407,1172,930,644,436,1140,108.6,107.0,34.5,XXL
Male,1725,929,1058,966,356,402,1239,852,703,417,1131,105.8,96.6,35.6,XL
Male,1666,912,1081,1009,377,394,1150,866,727,441,1129,108.1,100.9,37.7,XL
Male,1687,786,985,880,331,393,1097,877,599,394,1149,98.5,88.0,33.1,L
Male,1768,780,970,849,344,383,1162,889,602,377,1143,97.0,84.9,34.4,M
Male,1626,663,942,850,318,375,1111,810,586,373,1080,94.2,85.0,31.8,M
Male,1684,642,943,788,310,363,1080,865,556,348,1124,94.3,78.8,31.0,M
Male,1751,913,1082,998,366,402,1191,892,661,411,1172,108.2,99.8,36.6,XL
Male,1852,858,1014,875,343,395,1232,920,581,412,1214,101.4,87.5,34.3,M
Male,1624,647,955,801,303,377,1100,812,556,371,1045,95.5,80.1,30.3,M
Male,1723,777,1005,850,323,385,1155,891,610,385,1112,100.5,85.0,32.3,M
Male,1775,1146,1201,1132,392,452,1345,925,762,425,1172,120.1,113.2,39.2,XXXL
Male,1784,591,858,759,309,347,1049,873,493,343,1103,85.8,75.9,30.9,S
Male,1662,552,848,740,287,341,1008,829,505,323,1088,84.8,74.0,28.7,S
Male,1719,858,1030,1015,315,440,1159,880,628,373,1191,103.0,101.5,31.5,XL
Male,1814,1143,1236,1128,400,436,1330,1012,753,400,1242,123.6,112.8,40.0,XXXL
Male,1877,1078,1148,1087,387,403,1230,972,722,408,1263,114.8,108.7,38.7,XXL
Male,1653,811,1033,1002,344,420,1106,860,624,395,1084,103.3,100.2,34.4,XL
Male,1757,837,1082,953,321,391,1131,887,591,388,1157,108.2,95.3,32.1,L
Male,1718,878,1063,1029,344,432,1180,910,618,375,1186,106.3,102.9,34.4,XL
Male,1842,732,949,789,297,373,1144,949,546,372,1169,94.9,78.9,29.7,M
Male,1863,732,982,848,318,355,1168,930,546,364,1244,98.2,84.8,31.8,M
Male,1966,873,1014,840,348,376,1168,1007,591,383,1308,101.4,84.0,34.8,M
Male,1786,1231,1290,1245,384,465,1312,964,774,426,1171,129.0,124.5,38.4,XXXL
Male,1689,685,933,856,323,355,1061,830,581,372,1065,93.3,85.6,32.3,M
Male,1700,916,1098,1100,337,416,1190,875,659,354,1103,109.8,110.0,33.7,XXL
Male,1730,786,1017,913,329,400,1119,860,619,358,1125,101.7,91.3,32.9,L
Male,1781,783,1036,919,343,370,1131,945,605,364,1187,103.6,91.9,34.3,L
Male,1647,690,944,825,320,367,1104,859,632,356,1045,94.4,82.5,32.0,M
Male,1698,633,909,826,315,364,1082,862,500,347,1069,90.9,82.6,31.5,M
Male,1671,800,980,888,332,415,1145,881,647,390,1103,98.0,88.8,33.2,L
Male,1812,749,949,817,345,392,1145,932,526,358,1139,94.9,81.7,34.5,M
Male,1715,721,964,912,321,370,1094,875,581,366,1130,96.4,91.2,32.1,L
Male,1807,845,997,891,365,405,1162,889,619,397,1166,99.7,89.1,36.5,L
Male,1748,759,1001,853,324,380,1153,862,583,371,1113,100.1,85.3,32.4,M
Male,1795,765,1025,845,316,364,1157,910,552,382,1116,102.5,84.5,31.6,L
Male,1688,1178,1221,1200,396,442,1320,920,812,438,1173,122.1,120.0,39.6,XXXL
Male,1854,835,1006,954,349,366,1150,948,612,370,1181,100.6,95.4,34.9,L
Male,1816,644,888,725,316,364,1098,858,519,348,1114,88.8,72.5,31.6,S
Male,1760,791,1043,1005,345,390,1128,910,579,379,1178,104.3,100.5,34.5,XL
Male,1694,919,1189,1061,352,433,1171,894,626,393,1135,118.9,106.1,35.2,XXL
Male,1757,744,998,860,329,372,1146,836,587,374,1065,99.8,86.0,32.9,M
Male,1799,819,1063,880,344,380,1191,930,615,388,1185,106.3,88.0,34.4,L
Male,1765,1181,1254,1148,383,454,1289,937,731,450,1192,125.4,114.8,38.3,XXXL
Male,1674,697,1009,857,308,399,1066,849,562,373,1114,100.9,85.7,30.8,M
Male,1819,1071,1155,1084,380,416,1240,941,722,421,1229,115.5,108.4,38.0,XXL
Male,1729,1090,1255,1175,355,470,1273,930,675,422,1131,125.5,117.5,35.5,XXXL
Male,1761,925,1055,1038,346,405,1099,861,642,416,1183,105.5,103.8,34.6,XL
Male,1899,1026,1065,920,370,394,1206,979,703,394,1288,106.5,92.0,37.0,L
Male,1864,1196,1233,1155,401,448,1319,984,728,426,1266,123.3,115.5,40.1,XXXL
Male,1881,882,1012,838,313,381,1170,950,654,377,1241,101.2,83.8,31.3,M
Male,1746,634,900,770,294,367,1078,892,527,333,1151,90.0,77.0,29.4,S
Male,1798,840,1042,881,326,409,1203,934,591,399,1206,104.2,88.1,32.6,L
Male,1773,991,1112,1010,362,428,1239,945,670,398,1172,111.2,101.0,36.2,XL
Male,1784,677,920,737,288,342,1086,920,534,365,1162,92.0,73.7,28.8,S
Male,1740,1047,1192,1084,362,414,1201,878,677,442,1158,119.2,108.4,36.2,XXL
Male,1979,922,1005,960,356,382,1111,936,656,372,1301,100.5,96.0,35.6,XL
Male,1744,822,1040,915,352,390,1117,855,626,397,1126,104.0,91.5,35.2,L
Male,1794,899,1102,914,324,402,1255,933,631,372,1154,110.2,91.4,32.4,XL
Male,1637,850,1120,960,329,431,1235,885,643,361,1096,112.0,96.0,32.9,XL
Male,1737,601,896,724,304,355,1077,887,484,331,1082,89.6,72.4,30.4,S
Male,1666,1206,1258,1238,393,432,1314,929,828,475,1140,125.8,123.8,39.3,XXXL
Male,1780,816,1045,878,341,399,1193,895,624,370,1137,104.5,87.8,34.1,L
Male,1740,783,1043,872,334,373,1180,875,606,381,1143,104.3,87.2,33.4,L
Male,1748,906,1092,1004,342,418,1195,930,655,403,1123,109.2,100.4,34.2,XL
Male,1667,817,1109,938,324,408,1205,870,608,366,1111,110.9,93.8,32.4,XL
Male,1781,872,1076,936,353,414,1203,898,643,390,1183,107.6,93.6,35.3,L
Male,1756,848,1037,963,357,384,1120,902,647,409,1137,103.7,96.3,35.7,XL
Male,1694,869,1047,950,331,409,1169,836,663,406,1074,104.7,95.0,33.1,L
Male,1790,1108,1202,1170,397,422,1282,940,754,445,1145,120.2,117.0,39.7,XXXL
Male,1736,974,1109,1078,390,401,1195,900,735,393,1158,110.9,107.8,39.0,XXL
Male,1836,1039,1129,1038,375,409,1206,943,722,425,1152,112.9,103.8,37.5,XL
Male,1740,776,994,862,324,391,1134,824,609,382,1075,99.4,86.2,32.4,M
Male,1750,718,974,870,341,376,1065,822,562,382,1058,97.4,87.0,34.1,M
Male,1770,884,1077,1010,358,415,1160,871,673,383,1204,107.7,101.0,35.8,XL
Male,1807,596,826,650,312,332,1054,936,509,355,1153,82.6,65.0,31.2,S
Male,1623,605,931,860,326,383,1090,843,553,363,1076,93.1,86.0,32.6,M
Male,1742,796,1032,902,349,388,1128,881,641,377,1168,103.2,90.2,34.9,L
Male,1806,786,1050,830,331,385,1160,905,612,377,1160,105.0,83.0,33.1,L
Male,1787,1021,1192,1067,372,413,1255,919,714,412,1219,119.2,106.7,37.2,XXL
Male,1750,955,1116,999,366,407,1215,914,689,444,1116,111.6,99.9,36.6,XL
Male,1652,629,953,839,298,349,1097,851,525,358,1053,95.3,83.9,29.8,M
Male,1840,760,979,802,334,381,1175,940,557,363,1162,97.9,80.2,33.4,M
Male,1782,687,928,730,308,385,1119,915,529,396,1144,92.8,73.0,30.8,S
Male,1779,922,1106,966,361,400,1237,900,660,420,1154,110.6,96.6,36.1,XL
Male,1665,678,993,838,318,379,1162,860,557,348,1099,99.3,83.8,31.8,M
Male,1690,715,976,866,308,370,1080,856,611,372,1120,97.6,86.6,30.8,M
Male,1609,785,1070,932,327,389,1195,856,592,413,1052,107.0,93.2,32.7,L
Male,1888,732,917,816,318,380,1109,900,564,347,1172,91.7,81.6,31.8,M
Male,1697,739,1023,808,319,380,1160,881,592,370,1153,102.3,80.8,31.9,L
Male,1818,723,934,836,331,363,1080,920,546,368,1195,93.4,83.6,33.1,M
Male,1780,857,1074,925,335,421,1185,910,601,354,1138,107.4,92.5,33.5,L
Male,1791,700,979,775,336,365,1171,895,565,347,1174,97.9,77.5,33.6,M
Male,1828,760,980,830,342,378,1184,902,574,373,1118,98.0,83.0,34.2,M
Male,1674,717,984,857,313,384,1120,810,584,360,1050,98.4,85.7,31.3,M
Male,1716,965,1161,1058,364,432,1228,919,664,408,1184,116.1,105.8,36.4,XXL
Male,1778,880,1077,937,359,411,1200,904,646,375,1153,107.7,93.7,35.9,L
Male,1797,765,1002,809,336,389,1146,894,578,383,1097,100.2,80.9,33.6,M
Male,1723,974,1141,1003,366,435,1245,898,669,421,1192,114.1,100.3,36.6,XL
Male,1784,846,1052,930,332,374,1175,891,638,397,1157,105.2,93.0,33.2,L
Male,1688,734,1059,866,308,382,1120,839,551,365,1095,105.9,86.6,30.8,L
Male,1745,804,1024,911,332,386,1147,916,624,394,1210,102.4,91.1,33.2,L
Male,1708,708,938,865,322,375,1062,880,556,390,1113,93.8,86.5,32.2,M
Male,1779,880,1106,868,332,404,1217,923,630,381,1163,110.6,86.8,33.2,XL
Male,1685,715,987,865,327,370,1142,865,601,370,1130,98.7,86.5,32.7,M
Male,1841,1014,1143,1030,347,412,1270,954,682,409,1278,114.3,103.0,34.7,XL
Male,1640,775,1097,925,316,403,1171,803,615,358,1064,109.7,92.5,31.6,L
Male,1762,1089,1233,1101,382,430,1285,928,707,445,1183,123.3,110.1,38.2,XXL
Male,1804,965,1063,927,352,421,1197,900,668,423,1241,106.3,92.7,35.2,L
Male,1736,864,1053,957,361,380,1132,871,668,418,1148,105.3,95.7,36.1,L
Male,1804,738,986,786,307,382,1126,895,568,365,1139,98.6,78.6,30.7,M
Male,1720,741,1011,849,317,394,1135,860,587,378,1144,101.1,84.9,31.7,M
Male,1779,934,1077,918,386,388,1178,862,705,414,1133,107.7,91.8,38.6,L
Male,1795,767,1004,851,343,363,1180,969,584,384,1157,100.4,85.1,34.3,M
Male,1703,809,1033,1011,344,348,1103,855,659,391,1097,103.3,101.1,34.4,XL
Male,1699,797,1027,905,342,382,1165,871,628,381,1099,102.7,90.5,34.2,L
Male,1809,1046,1142,1096,381,398,1164,900,718,453,1229,114.2,109.6,38.1,XXL
Male,1666,787,1017,891,341,380,1159,844,633,385,1091,101.7,89.1,34.1,L
Male,1777,798,1021,855,337,382,1186,910,588,395,1121,102.1,85.5,33.7,L
Male,1634,774,1037,940,354,371,1138,851,638,406,1072,103.7,94.0,35.4,L
Male,1822,766,994,880,329,377,1104,864,569,372,1184,99.4,88.0,32.9,L
Male,1722,808,1095,832,328,410,1218,891,588,398,1074,109.5,83.2,32.8,L
Male,1640,690,1012,817,321,365,1144,866,568,369,1049,101.2,81.7,32.1,M
Male,1577,695,1029,929,321,380,1114,854,592,370,1022,102.9,92.9,32.1,L
Male,1650,726,1014,905,335,385,1135,825,572,375,1049,101.4,90.5,33.5,L
Male,1743,590,883,794,318,340,1040,838,522,312,1143,88.3,79.4,31.8,S
Male,1764,872,1024,941,344,392,1164,902,627,421,1147,102.4,94.1,34.4,L
Male,1945,1017,1098,1022,372,395,1211,955,653,427,1201,109.8,102.2,37.2,XL
Male,1765,873,1044,970,357,390,1155,887,639,402,1093,104.4,97.0,35.7,XL
Male,1725,771,1056,873,327,385,1160,873,592,393,1127,105.6,87.3,32.7,L
Male,1827,1146,1252,1127,375,417,1259,955,692,436,1153,125.2,112.7,37.5,XXXL
Male,1759,880,1083,918,357,380,1179,916,642,425,1116,108.3,91.8,35.7,L
Male,1781,1035,1162,1100,388,415,1246,922,725,412,1162,116.2,110.0,38.8,XXL
Male,1673,988,1162,1015,355,415,1240,884,710,435,1089,116.2,101.5,35.5,XL
Male,1787,992,1104,910,354,424,1285,941,708,444,1197,110.4,91.0,35.4,XL
Male,1798,884,1084,856,350,387,1244,917,650,394,1149,108.4,85.6,35.0,L
Male,1720,788,1002,945,340,385,1130,888,617,387,1146,100.2,94.5,34.0,L
Male,1790,750,966,783,308,371,1141,903,563,374,1175,96.6,78.3,30.8,M
Male,1678,753,1023,988,344,365,1096,829,594,347,1106,102.3,98.8,34.4,XL
Male,1757,935,1131,1014,380,410,1189,919,652,424,1153,113.1,101.4,38.0,XL
Male,1740,826,1042,967,352,390,1184,941,636,392,1142,104.2,96.7,35.2,XL
Male,1696,789,1138,961,331,393,1138,880,592,363,1083,113.8,96.1,33.1,XL
Male,1791,874,1052,942,350,384,1128,899,642,392,1173,105.2,94.2,35.0,L
Male,1694,797,1004,911,341,382,1134,845,617,407,1094,100.4,91.1,34.1,L
Male,1679,639,992,811,318,367,1120,855,538,333,1067,99.2,81.1,31.8,M
Male,1733,828,1008,875,342,415,1153,897,645,374,1133,100.8,87.5,34.2,M
Male,1814,722,933,789,338,370,1056,924,575,364,1168,93.3,78.9,33.8,S
Male,1709,967,1090,1021,394,427,1206,917,713,413,1153,109.0,102.1,39.4,XL
Male,1746,970,1183,1033,353,395,1190,889,655,454,1132,118.3,103.3,35.3,XXL
Male,1800,819,1024,775,306,380,1160,933,596,399,1212,102.4,77.5,30.6,L
Male,1716,946,1133,991,354,403,1244,914,687,407,1143,113.3,99.1,35.4,XL
Male,1735,775,1025,834,323,389,1196,856,589,416,1135,102.5,83.4,32.3,L
Male,1692,686,951,790,318,375,1117,886,579,354,1125,95.1,79.0,31.8,M
Male,1697,799,1023,1005,356,357,1180,881,633,375,1074,102.3,100.5,35.6,XL
Male,1826,719,962,739,302,357,1152,929,529,366,1190,96.2,73.9,30.2,M
Male,1740,841,1108,952,334,408,1145,865,619,393,1164,110.8,95.2,33.4,XL
Male,1752,643,955,789,327,353,1049,878,538,335,1165,95.5,78.9,32.7,M
Male,1828,948,1099,989,347,432,1221,902,634,400,1187,109.9,98.9,34.7,XL
Male,1707,669,920,820,326,365,1096,867,553,363,1064,92.0,82.0,32.6,M
Male,1721,823,1052,887,327,387,1194,905,598,380,1127,105.2,88.7,32.7,L
Male,1852,768,982,782,316,369,1142,926,571,398,1161,98.2,78.2,31.6,M
Male,1651,815,1054,943,334,399,1176,870,623,410,1046,105.4,94.3,33.4,L
Male,1707,838,1102,942,327,410,1200,901,643,395,1091,110.2,94.2,32.7,XL
Male,1795,768,988,814,316,373,1157,940,576,373,1151,98.8,81.4,31.6,M
Male,1707,695,963,832,321,375,1105,880,588,372,1142,96.3,83.2,32.1,M
Male,1679,692,952,796,338,372,1104,900,586,360,1167,95.2,79.6,33.8,M
Male,1735,959,1089,991,361,411,1249,932,686,429,1147,108.9,99.1,36.1,XL
Male,1731,830,1064,967,344,405,1165,909,618,368,1080,106.4,96.7,34.4,XL
Male,1709,937,1105,1022,374,405,1192,881,693,422,1103,110.5,102.2,37.4,XL
Male,1683,903,1097,1043,357,410,1180,845,681,408,1061,109.7,104.3,35.7,XXL
Male,1802,640,973,707,320,350,1108,925,504,350,1180,97.3,70.7,32.0,M
Male,1723,787,1035,879,334,380,1195,910,613,407,1126,103.5,87.9,33.4,L
Male,1721,1112,1176,1188,370,415,1230,880,773,418,1129,117.6,118.8,37.0,XXXL
Male,1783,837,1019,907,350,378,1181,882,655,380,1105,101.9,90.7,35.0,L
Male,1618,660,977,828,308,370,1112,832,557,370,1032,97.7,82.8,30.8,M
Male,1721,781,1014,960,324,381,1113,880,591,386,1111,101.4,96.0,32.4,XL
Male,1829,821,1032,871,336,381,1147,904,617,378,1134,103.2,87.1,33.6,L
Male,1653,922,1123,1037,370,445,1211,887,668,443,1069,112.3,103.7,37.0,XL
Male,1804,741,996,865,312,365,1155,918,567,356,1186,99.6,86.5,31.2,M
Male,1785,718,924,758,304,365,1150,925,548,372,1150,92.4,75.8,30.4,S
Male,1771,836,1009,884,332,416,1195,919,603,393,1123,100.9,88.4,33.2,L
Male,1676,725,934,865,324,381,1098,822,594,391,1065,93.4,86.5,32.4,M
Male,1646,645,976,791,292,388,1111,870,533,375,1033,97.6,79.1,29.2,M
Male,1859,766,964,849,343,362,1143,915,602,369,1188,96.4,84.9,34.3,M
Male,1710,744,957,776,314,377,1191,906,605,384,1076,95.7,77.6,31.4,M
Male,1789,633,938,825,320,365,1083,927,501,325,1183,93.8,82.5,32.0,M
Male,1737,775,992,877,338,385,1090,889,606,392,1135,99.2,87.7,33.8,M
Male,1624,535,890,741,291,340,1050,812,517,324,1043,89.0,74.1,29.1,S
Male,1670,770,1011,918,340,372,1118,855,619,383,1091,101.1,91.8,34.0,L
Male,1676,847,1084,950,357,395,1177,850,659,404,1049,108.4,95.0,35.7,L
Male,1692,963,1150,1032,368,394,1191,872,693,438,1067,115.0,103.2,36.8,XL
Male,1622,762,986,907,327,394,1164,829,622,381,1019,98.6,90.7,32.7,L
Male,1760,807,1082,795,327,407,1195,868,579,403,1140,108.2,79.5,32.7,L
Male,1687,1049,1263,1131,374,452,1306,949,661,422,1089,126.3,113.1,37.4,XXXL
Male,1705,667,923,775,316,365,1114,875,542,358,1069,92.3,77.5,31.6,S
Male,1810,869,1058,916,343,395,1220,956,634,385,1211,105.8,91.6,34.3,L
Male,1831,1007,1119,1076,366,390,1200,912,655,422,1142,111.9,107.6,36.6,XXL
Male,1663,758,993,965,341,393,1078,831,622,378,1071,99.3,96.5,34.1,XL
Male,1809,889,1038,891,333,410,1200,925,622,398,1211,103.8,89.1,33.3,L
Male,1791,902,1035,913,324,427,1200,916,622,405,1167,103.5,91.3,32.4,L
Male,1678,735,1019,891,325,383,1096,870,587,373,1095,101.9,89.1,32.5,L
Male,1832,930,1135,903,346,415,1235,938,629,387,1220,113.5,90.3,34.6,XL
Male,1726,766,1001,794,311,404,1168,922,583,420,1130,100.1,79.4,31.1,M
Male,1755,888,1078,935,358,401,1177,905,668,420,1131,107.8,93.5,35.8,L
Male,1813,788,1018,898,344,393,1160,918,590,353,1155,101.8,89.8,34.4,L
Male,1835,968,1092,966,352,402,1215,929,673,414,1179,109.2,96.6,35.2,XL
Male,1690,658,948,831,337,363,1068,858,588,340,1096,94.8,83.1,33.7,M
Male,1749,716,956,804,327,371,1123,862,580,371,1080,95.6,80.4,32.7,M
Male,1871,860,1076,924,337,384,1161,941,611,386,1222,107.6,92.4,33.7,L
Male,1875,852,1020,904,368,393,1104,930,620,382,1231,102.0,90.4,36.8,L
Male,1730,811,1064,928,336,385,1189,876,633,370,1129,106.4,92.8,33.6,L
Male,1850,1000,1121,1005,381,408,1244,980,687,426,1235,112.1,100.5,38.1,XL
Male,1663,784,1005,852,317,418,1150,855,623,405,1078,100.5,85.2,31.7,M
Male,1854,758,993,785,322,369,1118,925,565,357,1178,99.3,78.5,32.2,M
Male,1688,569,870,728,298,354,1062,849,485,362,1082,87.0,72.8,29.8,S
Male,1799,1081,1161,1093,376,406,1190,910,711,448,1177,116.1,109.3,37.6,XXL
Male,1772,933,1119,977,374,422,1221,923,676,394,1145,111.9,97.7,37.4,XL
Male,1826,1010,1110,1014,375,391,1143,909,671,438,1156,111.0,101.4,37.5,XL
Male,1733,750,991,833,312,386,1104,866,573,378,1111,99.1,83.3,31.2,M
Male,1673,736,1031,878,332,370,1167,861,592,363,1089,103.1,87.8,33.2,L
Male,1713,755,1004,862,338,370,1149,892,580,370,1087,100.4,86.2,33.8,M
Male,1700,796,1012,846,333,389,1124,911,615,382,1150,101.2,84.6,33.3,M
Male,1775,742,979,796,300,372,1102,920,578,388,1164,97.9,79.6,30.0,M
Male,1704,863,1043,956,354,395,1169,876,655,406,1073,104.3,95.6,35.4,L
Male,1838,795,989,810,325,395,1110,885,595,384,1186,98.9,81.0,32.5,M
Male,1752,753,977,828,335,374,1161,902,562,393,1133,97.7,82.8,33.5,M
Male,1790,900,1027,949,347,395,1146,870,661,411,1181,102.7,94.9,34.7,L
Male,1688,672,986,831,311,370,1111,850,576,350,1056,98.6,83.1,31.1,M
Male,1684,904,1141,1017,338,409,1227,883,682,406,1058,114.1,101.7,33.8,XL
Male,1759,1144,1195,1101,399,428,1360,945,773,437,1136,119.5,110.1,39.9,XXL
Male,1684,785,1053,835,332,394,1198,853,582,413,1088,105.3,83.5,33.2,L
Male,1755,754,968,824,327,375,1109,900,592,399,1100,96.8,82.4,32.7,M
Male,1718,952,1134,1002,370,485,1199,870,673,405,1076,113.4,100.2,37.0,XL
Male,1745,978,1194,1001,342,407,1184,915,677,398,1139,119.4,100.1,34.2,XXL
Male,1953,1069,1123,1007,364,412,1255,980,674,415,1299,112.3,100.7,36.4,XL
Male,1808,835,1039,905,335,387,1160,895,622,394,1162,103.9,90.5,33.5,L
Male,1779,690,982,786,319,363,1144,890,514,337,1097,98.2,78.6,31.9,M
Male,1779,660,929,744,299,370,1120,896,531,338,1135,92.9,74.4,29.9,S
Male,1767,786,997,855,335,406,1158,900,600,388,1122,99.7,85.5,33.5,M
Male,1657,729,1035,884,318,407,1122,846,565,359,1071,103.5,88.4,31.8,L
Male,1583,736,1025,928,320,395,1189,837,633,399,977,102.5,92.8,32.0,L
Male,1681,622,928,835,324,365,1068,831,560,348,1061,92.8,83.5,32.4,M
Male,1812,893,1065,972,341,419,1148,908,592,391,1123,106.5,97.2,34.1,XL
Male,1838,936,1105,900,332,416,1284,989,636,405,1203,110.5,90.0,33.2,XL
Male,1727,877,1084,934,340,414,1193,905,626,412,1116,108.4,93.4,34.0,L
Male,1673,785,1064,940,340,383,1098,864,621,380,1078,106.4,94.0,34.0,L
Male,1737,798,1113,907,337,393,1172,880,614,360,1116,111.3,90.7,33.7,XL
Male,1811,654,937,730,317,348,1072,876,534,358,1165,93.7,73.0,31.7,S
Male,1835,905,1029,961,343,385,1165,921,625,404,1198,102.9,96.1,34.3,XL
Male,1760,767,948,830,320,366,1104,875,562,374,1108,94.8,83.0,32.0,M
Male,1793,797,1012,932,359,389,1148,937,599,364,1170,101.2,93.2,35.9,L
Male,1824,779,1045,847,322,394,1204,935,575,375,1204,104.5,84.7,32.2,L
Male,1716,695,963,807,324,345,1100,852,587,400,1123,96.3,80.7,32.4,M
Male,1745,765,982,858,320,370,1085,895,612,380,1096,98.2,85.8,32.0,M
Male,1765,763,1030,837,332,371,1161,875,602,399,1140,103.0,83.7,33.2,L
Male,1761,797,1057,849,334,392,1167,920,589,372,1185,105.7,84.9,33.4,L
Male,1647,632,952,755,300,365,1009,841,522,361,1066,95.2,75.5,30.0,M
Male,1715,906,1079,934,357,402,1170,860,664,435,1069,107.9,93.4,35.7,L
Male,1756,726,955,830,310,369,1074,881,576,378,1113,95.5,83.0,31.0,M
Male,1637,645,953,786,291,370,1114,840,543,365,1020,95.3,78.6,29.1,M
Male,1704,743,1002,850,324,387,1159,880,597,393,1084,100.2,85.0,32.4,M
Male,1822,1122,1139,1031,368,437,1264,954,716,481,1158,113.9,103.1,36.8,XL
Male,1767,775,1018,870,338,366,1141,902,596,372,1137,101.8,87.0,33.8,M
Male,1809,769,986,818,321,364,1130,920,576,392,1190,98.6,81.8,32.1,M
Male,1776,962,1065,928,358,397,1209,925,705,446,1141,106.5,92.8,35.8,L
Male,1798,916,1028,985,348,372,1133,926,657,420,1167,102.8,98.5,34.8,XL
Male,1758,848,1044,862,327,391,1171,930,659,409,1142,104.4,86.2,32.7,L
Male,1673,753,1053,875,327,376,1162,864,602,373,1050,105.3,87.5,32.7,L
Male,1817,802,1022,836,335,390,1150,934,592,364,1172,102.2,83.6,33.5,L
Male,1745,929,1121,958,348,434,1226,890,645,417,1126,112.1,95.8,34.8,XL
Male,1736,746,1005,870,332,375,1153,886,588,381,1115,100.5,87.0,33.2,M
Male,1748,829,1047,850,331,361,1113,893,615,411,1098,104.7,85.0,33.1,L
Male,1774,827,1031,833,324,395,1230,909,587,403,1140,103.1,83.3,32.4,L
Male,1736,738,1023,895,334,355,1135,875,599,354,1116,102.3,89.5,33.4,L
Male,1745,764,1027,873,332,396,1161,880,594,352,1108,102.7,87.3,33.2,L
Male,1672,758,1042,919,351,388,1111,880,617,366,1043,104.2,91.9,35.1,L
Male,1612,741,1037,958,334,360,1105,825,624,377,1005,103.7,95.8,33.4,L
Male,1727,795,1077,942,334,395,1166,901,579,354,1113,107.7,94.2,33.4,L
Male,1706,797,1034,915,343,391,1199,899,640,400,1075,103.4,91.5,34.3,L
Male,1639,810,1075,968,344,401,1180,875,629,394,1052,107.5,96.8,34.4,XL
Male,1711,865,1088,985,335,407,1210,893,613,418,1099,108.8,98.5,33.5,XL
Male,1821,682,920,740,325,362,1137,950,522,344,1158,92.0,74.0,32.5,S
Male,1737,873,1060,862,344,401,1167,894,632,407,1061,106.0,86.2,34.4,L
Male,1830,869,1047,907,329,405,1253,941,640,362,1188,104.7,90.7,32.9,L
Male,1639,705,1026,849,326,372,1135,828,615,355,1038,102.6,84.9,32.6,L
Male,1854,873,1092,989,343,404,1214,940,594,372,1188,109.2,98.9,34.3,XL
Male,1846,1200,1151,1072,399,424,1320,1004,795,448,1259,115.1,107.2,39.9,XXL
Male,1725,762,1033,936,340,362,1120,852,597,357,1112,103.3,93.6,34.0,L
Male,1717,689,976,861,314,383,1064,855,552,366,1079,97.6,86.1,31.4,M
Male,1751,654,960,751,316,381,1136,874,534,365,1123,96.0,75.1,31.6,M
Male,1719,862,1053,1032,330,383,1121,860,638,411,1111,105.3,103.2,33.0,XL
Male,1717,620,918,780,314,386,1090,884,514,337,1075,91.8,78.0,31.4,S
Male,1718,651,895,705,315,368,1088,873,514,382,1072,89.5,70.5,31.5,S
Male,1716,833,1085,921,340,420,1172,901,608,400,1087,108.5,92.1,34.0,L
Male,1690,567,866,698,277,361,1086,871,485,318,1092,86.6,69.8,27.7,S
Male,1769,842,1075,922,340,378,1170,904,640,406,1195,107.5,92.2,34.0,L
Male,1905,938,1098,885,346,419,1203,1007,618,386,1197,109.8,88.5,34.6,L
Male,1716,764,1020,803,305,376,1191,865,602,362,1096,102.0,80.3,30.5,L
Male,1800,825,1064,902,356,385,1213,967,587,373,1184,106.4,90.2,35.6,L
Male,1836,886,1081,925,341,405,1218,927,623,389,1204,108.1,92.5,34.1,L
Male,1804,946,1142,1041,374,386,1218,935,676,396,1158,114.2,104.1,37.4,XXL
Male,1680,811,1014,912,343,395,1140,845,649,403,1101,101.4,91.2,34.3,L
Male,1794,828,1057,893,350,415,1199,940,588,367,1133,105.7,89.3,35.0,L
Male,1801,890,1086,922,361,405,1218,911,635,415,1166,108.6,92.2,36.1,L
Male,1787,640,898,800,308,365,1054,868,503,336,1120,89.8,80.0,30.8,M
Male,1836,938,1137,999,360,409,1202,962,648,411,1181,113.7,99.9,36.0,XL
Male,1743,1149,1258,1158,376,447,1327,874,747,452,1143,125.8,115.8,37.6,XXXL
Male,1746,895,1087,975,353,383,1155,873,647,403,1117,108.7,97.5,35.3,XL
Male,1785,742,950,788,295,376,1133,918,594,368,1133,95.0,78.8,29.5,M
Male,1726,998,1168,1036,368,413,1236,923,689,439,1136,116.8,103.6,36.8,XL
Male,1741,682,914,762,303,359,1072,845,547,370,1098,91.4,76.2,30.3,S
Male,1804,743,947,838,334,380,1090,885,593,363,1142,94.7,83.8,33.4,M
Male,1788,808,998,913,318,392,1139,901,601,408,1132,99.8,91.3,31.8,L
Male,1829,958,1133,988,362,417,1250,990,664,412,1207,113.3,98.8,36.2,XL
Male,1836,1124,1251,1182,359,455,1287,985,663,413,1196,125.1,118.2,35.9,XXXL
Male,1801,912,1081,984,352,403,1215,925,630,376,1111,108.1,98.4,35.2,XL
Male,1818,1116,1111,1060,365,447,1246,930,737,435,1204,111.1,106.0,36.5,XXL
Male,1612,606,905,770,311,366,1026,808,554,390,1047,90.5,77.0,31.1,S
Male,1659,639,942,819,323,373,1098,845,551,323,1028,94.2,81.9,32.3,M
Male,1776,816,1029,917,326,393,1125,854,609,363,1116,102.9,91.7,32.6,L
Male,1739,861,1068,940,362,385,1181,895,657,407,1099,106.8,94.0,36.2,L
Male,1836,1201,1278,1186,382,472,1345,952,742,440,1166,127.8,118.6,38.2,XXXL
Male,1702,901,1092,1019,353,372,1162,898,674,419,1128,109.2,101.9,35.3,XL
Male,1670,814,1085,957,342,375,1150,860,649,377,1035,108.5,95.7,34.2,L
Male,1742,754,1000,931,339,383,1144,892,598,346,1121,100.0,93.1,33.9,L
Male,1800,868,1082,926,338,390,1249,936,638,401,1130,108.2,92.6,33.8,L
Male,1831,894,1088,935,357,382,1196,956,673,386,1217,108.8,93.5,35.7,L
Male,1770,692,949,796,325,385,1145,876,538,351,1123,94.9,79.6,32.5,M
Male,1697,865,1117,1034,347,399,1200,912,636,387,1085,111.7,103.4,34.7,XL
Male,1778,1060,1100,980,353,433,1262,952,727,457,1139,110.0,98.0,35.3,XL
Male,1707,898,1124,1011,354,400,1121,869,613,392,1088,112.4,101.1,35.4,XL
Male,1735,792,1005,880,334,397,1155,885,586,387,1112,100.5,88.0,33.4,L
Male,1654,833,1079,1013,331,419,1111,827,600,369,1036,107.9,101.3,33.1,XL
Male,1794,810,1026,953,329,395,1175,923,608,353,1147,102.6,95.3,32.9,L
Male,1799,975,1113,1105,365,415,1180,900,648,397,1154,111.3,110.5,36.5,XXL
Male,1872,734,951,791,317,372,1092,957,548,365,1215,95.1,79.1,31.7,M
Male,1589,584,895,757,305,358,1060,765,522,365,976,89.5,75.7,30.5,S
Male,1755,701,910,812,317,374,1113,897,558,387,1127,91.0,81.2,31.7,M
Male,1795,719,971,869,345,371,1085,948,555,363,1186,97.1,86.9,34.5,M
Male,1722,764,989,847,326,404,1135,886,609,383,1088,98.9,84.7,32.6,M
Male,1864,702,925,768,321,352,1039,870,558,348,1184,92.5,76.8,32.1,S
Male,1660,713,983,856,323,374,1127,830,576,384,1027,98.3,85.6,32.3,M
Male,1802,843,1003,880,344,370,1114,885,635,403,1178,100.3,88.0,34.4,L
Male,1831,791,963,858,334,375,1035,872,591,403,1153,96.3,85.8,33.4,M
Male,1696,691,929,800,311,384,1124,856,566,377,1093,92.9,80.0,31.1,M
Male,1772,743,971,796,331,383,1171,880,586,360,1164,97.1,79.6,33.1,M
Male,1693,611,963,792,320,366,1105,835,535,333,1085,96.3,79.2,32.0,M
Male,1713,630,894,716,290,371,1101,902,515,352,1097,89.4,71.6,29.0,S
Male,1652,673,961,822,316,372,1109,820,589,382,1049,96.1,82.2,31.6,M
Male,1715,764,997,794,328,400,1166,907,618,394,1101,99.7,79.4,32.8,M
Male,1713,811,1022,835,326,390,1155,925,651,404,1116,102.2,83.5,32.6,L
Male,1710,775,1028,891,335,382,1159,895,608,375,1082,102.8,89.1,33.5,L
Male,1751,867,1026,829,318,415,1219,887,627,397,1109,102.6,82.9,31.8,L
Male,1668,567,842,720,291,365,1040,843,502,330,1049,84.2,72.0,29.1,S
Male,1720,935,1093,922,363,414,1210,913,681,443,1132,109.3,92.2,36.3,L
Male,1665,648,897,741,323,354,1050,850,562,349,1086,89.7,74.1,32.3,S
Male,1670,774,1082,832,331,358,1162,915,608,398,1063,108.2,83.2,33.1,L
Male,1869,758,975,768,335,373,1160,935,561,373,1188,97.5,76.8,33.5,M
Male,1681,716,985,780,306,375,1111,865,566,375,1102,98.5,78.0,30.6,M
Male,1559,639,940,812,300,382,1065,774,570,363,1013,94.0,81.2,30.0,M
Male,1798,882,1057,845,327,403,1180,965,640,410,1154,105.7,84.5,32.7,L
Male,1682,694,932,762,318,362,1143,863,610,395,1089,93.2,76.2,31.8,S
Male,1681,728,1001,932,348,370,1102,884,602,378,1049,100.1,93.2,34.8,L
Male,1817,765,1000,840,322,370,1160,920,562,378,1186,100.0,84.0,32.2,M
Male,1792,1096,1201,1012,370,430,1220,971,719,463,1175,120.1,101.2,37.0,XXL
Male,1806,710,924,781,331,373,1064,887,543,358,1128,92.4,78.1,33.1,S
Male,1766,902,1080,901,352,401,1220,912,647,433,1126,108.0,90.1,35.2,L
Male,1738,773,968,787,307,409,1165,897,588,378,1102,96.8,78.7,30.7,M
Male,1684,686,982,837,324,368,1101,875,574,373,1073,98.2,83.7,32.4,M
Male,1674,560,894,701,283,365,1047,840,497,324,1071,89.4,70.1,28.3,S
Male,1786,782,994,788,320,369,1088,903,584,397,1153,99.4,78.8,32.0,M
Male,1697,703,957,783,343,377,1137,867,605,370,1082,95.7,78.3,34.3,M
Male,1830,950,1063,991,383,394,1166,920,659,408,1172,106.3,99.1,38.3,XL
Male,1697,614,885,755,293,349,1090,860,521,348,1065,88.5,75.5,29.3,S
Male,1816,756,982,836,327,383,1140,908,597,367,1167,98.2,83.6,32.7,M
Male,1660,735,968,855,328,374,1120,904,604,345,1072,96.8,85.5,32.8,M
Male,1681,781,1046,874,351,383,1157,899,605,404,1082,104.6,87.4,35.1,L
Male,1866,918,1083,958,341,395,1178,928,618,408,1207,108.3,95.8,34.1,L
Male,1635,667,949,776,314,354,1152,860,599,385,1065,94.9,77.6,31.4,M
Male,1717,691,951,748,296,381,1160,910,541,334,1118,95.1,74.8,29.6,M
Male,1803,1001,1114,937,379,401,1228,964,698,417,1192,111.4,93.7,37.9,XL
Male,1623,706,967,767,321,385,1121,867,613,394,1065,96.7,76.7,32.1,M
Male,1745,777,1023,837,316,388,1160,895,620,395,1122,102.3,83.7,31.6,L
Male,1800,819,978,843,334,375,1227,947,607,367,1148,97.8,84.3,33.4,M
Male,1673,888,1055,962,369,382,1145,861,677,428,1087,105.5,96.2,36.9,XL
Male,1760,823,1018,911,368,391,1168,845,638,382,1145,101.8,91.1,36.8,L
Male,1874,763,975,790,358,368,1156,989,572,361,1235,97.5,79.0,35.8,M
Male,1739,947,1125,930,347,424,1249,915,687,449,1159,112.5,93.0,34.7,XL
Male,1753,797,1017,856,333,396,1174,896,610,402,1173,101.7,85.6,33.3,M
Male,1839,918,1061,944,369,398,1226,957,624,403,1215,106.1,94.4,36.9,L
Male,1803,825,1016,837,334,383,1126,886,612,404,1178,101.6,83.7,33.4,M
Male,1720,761,1071,840,332,412,1172,872,592,370,1107,107.1,84.0,33.2,L
Male,1788,821,1016,826,321,375,1156,911,611,393,1156,101.6,82.6,32.1,M
Male,1771,703,944,831,342,363,1093,909,570,359,1132,94.4,83.1,34.2,M
Male,1691,608,896,766,311,357,1083,861,514,359,1049,89.6,76.6,31.1,S
Male,1723,697,978,782,322,371,1121,862,552,383,1073,97.8,78.2,32.2,M
Male,1840,779,989,817,345,398,1160,978,568,350,1185,98.9,81.7,34.5,M
Male,1793,888,1095,900,366,383,1185,925,653,433,1157,109.5,90.0,36.6,L
Male,1778,794,1011,833,339,372,1167,910,621,390,1164,101.1,83.3,33.9,M
Male,1821,843,1031,841,351,405,1223,914,590,397,1197,103.1,84.1,35.1,L
Male,1685,707,963,821,323,367,1073,853,584,357,1070,96.3,82.1,32.3,M
Male,1722,885,1094,974,358,390,1182,895,662,395,1082,109.4,97.4,35.8,XL
Male,1786,1093,1148,1156,403,410,1280,933,757,413,1157,114.8,115.6,40.3,XXXL
Male,1780,754,965,861,329,366,1108,882,577,378,1163,96.5,86.1,32.9,M
Male,1811,826,1036,897,350,373,1152,894,613,378,1182,103.6,89.7,35.0,L
Male,1787,894,1101,850,331,422,1223,950,617,409,1225,110.1,85.0,33.1,XL
Male,1748,772,1005,832,336,380,1165,891,597,383,1128,100.5,83.2,33.6,M
Male,1830,716,930,783,323,358,1081,879,549,405,1186,93.0,78.3,32.3,S
Male,1656,681,962,864,310,383,1137,845,568,372,997,96.2,86.4,31.0,M
Male,1816,888,1040,902,349,387,1204,944,635,417,1169,104.0,90.2,34.9,L
Male,1741,735,945,788,323,376,1150,905,565,399,1101,94.5,78.8,32.3,M
Male,1745,791,990,877,345,392,1125,890,604,384,1132,99.0,87.7,34.5,M
Male,1795,813,990,927,360,367,1097,921,614,388,1147,99.0,92.7,36.0,L
Male,1748,815,1081,918,327,403,1145,875,587,370,1124,108.1,91.8,32.7,L
Male,1806,830,1006,858,338,395,1140,904,632,395,1155,100.6,85.8,33.8,M
Male,1698,724,972,860,333,380,1106,853,584,383,1089,97.2,86.0,33.3,M
Male,1791,676,912,765,314,377,1106,886,557,349,1141,91.2,76.5,31.4,S
Male,1703,667,925,835,318,367,1075,870,553,359,1054,92.5,83.5,31.8,M
Male,1744,740,992,854,322,369,1095,916,593,383,1133,99.2,85.4,32.2,M
Male,1677,606,934,753,311,370,1025,828,551,334,1059,93.4,75.3,31.1,S
Male,1736,826,1046,877,330,367,1176,902,637,402,1131,104.6,87.7,33.0,L
Male,1786,747,993,825,325,378,1147,922,562,377,1154,99.3,82.5,32.5,M
Male,1858,1071,1152,1056,371,418,1240,967,686,467,1187,115.2,105.6,37.1,XXL
Male,1833,862,1027,851,340,396,1226,950,612,417,1185,102.7,85.1,34.0,L
Male,1900,932,1008,865,355,395,1184,971,637,439,1198,100.8,86.5,35.5,M
Male,1743,726,979,814,315,371,1153,899,573,391,1100,97.9,81.4,31.5,M
Male,1733,677,979,785,314,372,1058,850,561,358,1118,97.9,78.5,31.4,M
Male,1745,866,1002,893,334,402,1157,921,648,410,1138,100.2,89.3,33.4,L
Male,1803,725,982,766,320,390,1109,902,543,360,1171,98.2,76.6,32.0,M
Male,1713,775,1019,936,341,374,1178,890,607,380,1110,101.9,93.6,34.1,L
Male,1491,478,841,715,286,360,960,745,474,323,943,84.1,71.5,28.6,XS
Male,1765,766,996,901,341,371,1131,907,586,374,1144,99.6,90.1,34.1,L
Male,1767,897,1066,942,362,397,1167,906,648,417,1147,106.6,94.2,36.2,L
Male,1773,703,1002,858,317,375,1074,905,539,360,1172,100.2,85.8,31.7,M
Male,1760,750,975,817,346,378,1166,866,597,376,1102,97.5,81.7,34.6,M
Male,1745,846,1057,892,341,394,1185,885,602,419,1092,105.7,89.2,34.1,L
Male,1769,629,952,754,297,351,1028,881,524,343,1122,95.2,75.4,29.7,M
Male,1653,638,943,818,318,386,1106,865,564,348,1099,94.3,81.8,31.8,M
Male,1851,892,1056,898,329,376,1184,919,645,379,1134,105.6,89.8,32.9,L
Male,1768,674,902,795,323,368,1106,875,558,370,1149,90.2,79.5,32.3,S
Male,1798,721,921,815,320,359,1075,927,562,376,1179,92.1,81.5,32.0,M
Male,1656,689,983,770,308,390,1158,866,574,375,1097,98.3,77.0,30.8,M
Male,1763,737,955,783,331,386,1088,894,585,370,1162,95.5,78.3,33.1,M
Male,1781,765,1004,846,334,378,1188,920,590,371,1172,100.4,84.6,33.4,M
Male,1764,817,992,867,332,389,1150,926,593,413,1190,99.2,86.7,33.2,M
Male,1704,828,1061,913,377,370,1182,893,643,403,1111,106.1,91.3,37.7,L
Male,1715,681,980,830,314,370,1074,891,546,377,1110,98.0,83.0,31.4,M
Male,1774,888,1067,935,362,380,1152,876,643,430,1130,106.7,93.5,36.2,L
Male,1681,793,1074,934,331,422,1124,856,581,384,1089,107.4,93.4,33.1,L
Male,1786,858,1062,967,337,394,1132,885,609,400,1137,106.2,96.7,33.7,XL
Male,1681,669,979,763,306,354,1146,844,571,379,1089,97.9,76.3,30.6,M
Male,1808,722,917,797,342,358,1100,910,584,371,1167,91.7,79.7,34.2,M
Male,1650,699,964,852,318,365,1066,847,581,397,1056,96.4,85.2,31.8,M
Male,1674,889,995,883,344,412,1191,891,674,461,1078,99.5,88.3,34.4,L
Male,1604,705,998,903,318,375,1075,805,604,383,1013,99.8,90.3,31.8,L
Male,1672,665,953,843,310,371,1086,850,562,353,1048,95.3,84.3,31.0,M
Male,1766,783,980,862,333,364,1130,889,612,392,1133,98.0,86.2,33.3,M
Male,1865,972,1069,926,370,429,1213,922,639,413,1208,106.9,92.6,37.0,L
Male,1806,835,1113,954,341,385,1142,925,612,387,1156,111.3,95.4,34.1,XL
Male,1740,816,1080,974,349,398,1137,909,604,365,1153,108.0,97.4,34.9,XL
Male,1713,816,1088,908,341,362,1168,873,625,401,1078,108.8,90.8,34.1,L
Male,1740,685,951,796,317,367,1071,847,550,360,1095,95.1,79.6,31.7,M
Male,1740,850,1002,832,337,418,1200,888,625,427,1100,100.2,83.2,33.7,M
Male,1776,723,962,772,326,398,1174,944,573,366,1140,96.2,77.2,32.6,M
Male,1852,935,1088,957,360,411,1175,980,615,423,1168,108.8,95.7,36.0,L
Male,1853,722,949,801,334,345,1129,935,553,348,1227,94.9,80.1,33.4,M
Male,1916,1113,1133,1062,374,429,1252,953,714,446,1234,113.3,106.2,37.4,XXL
Male,1842,1135,1194,1097,391,450,1272,943,716,448,1186,119.4,109.7,39.1,XXL
Male,1753,787,994,889,334,408,1157,890,598,375,1077,99.4,88.9,33.4,L
Male,1764,671,976,779,325,379,1122,883,544,348,1131,97.6,77.9,32.5,M
Male,1807,949,1095,976,362,415,1190,898,662,394,1132,109.5,97.6,36.2,XL
Male,1810,909,1063,984,370,398,1143,918,649,409,1175,106.3,98.4,37.0,XL
Male,1643,604,956,801,313,362,1095,866,547,347,1047,95.6,80.1,31.3,M
Male,1764,824,1038,890,343,392,1183,907,601,388,1146,103.8,89.0,34.3,L
Male,1773,885,1057,939,340,435,1172,883,639,428,1154,105.7,93.9,34.0,L
Male,1777,780,1001,855,337,375,1156,892,601,377,1123,100.1,85.5,33.7,M
Male,1714,717,940,802,332,342,1087,897,605,404,1106,94.0,80.2,33.2,M
Male,1790,773,994,833,340,388,1148,895,600,377,1184,99.4,83.3,34.0,M
Male,1867,807,998,841,346,381,1164,919,594,394,1186,99.8,84.1,34.6,M
Male,1697,776,1062,906,348,382,1131,821,644,369,1067,106.2,90.6,34.8,L
Male,1796,939,1028,1049,389,387,1150,896,685,427,1136,102.8,104.9,38.9,XXL
Male,1834,965,1082,1010,358,415,1219,915,673,398,1173,108.2,101.0,35.8,XL
Male,1727,814,1022,874,344,377,1146,886,626,440,1121,102.2,87.4,34.4,L
Male,1819,943,1079,915,337,401,1247,962,651,418,1233,107.9,91.5,33.7,L
Male,1788,831,1044,842,326,385,1186,910,604,400,1183,104.4,84.2,32.6,L
Male,1747,821,1044,911,316,401,1153,924,617,340,1158,104.4,91.1,31.6,L
Male,1742,922,1056,948,338,433,1242,918,676,427,1122,105.6,94.8,33.8,L
Male,1797,1039,1205,1046,353,452,1257,920,659,435,1172,120.5,104.6,35.3,XXL
Male,1783,764,977,835,323,383,1114,870,610,415,1165,97.7,83.5,32.3,M
Male,1724,661,905,797,293,383,1080,824,535,372,1087,90.5,79.7,29.3,S
Male,1867,972,1097,978,354,428,1261,939,655,426,1226,109.7,97.8,35.4,XL
Male,1680,615,942,769,320,368,1066,831,512,336,1053,94.2,76.9,32.0,M
Male,1754,727,987,853,328,376,1103,902,568,385,1128,98.7,85.3,32.8,M
Male,1624,657,932,816,328,364,1082,790,576,385,1009,93.2,81.6,32.8,M
Male,1629,686,968,803,320,372,1098,840,576,381,1057,96.8,80.3,32.0,M
Male,1794,691,939,766,324,369,1097,901,549,372,1152,93.9,76.6,32.4,S
Male,1588,730,1017,912,318,389,1085,820,627,405,1027,101.7,91.2,31.8,L
Male,1738,738,964,802,304,394,1174,951,553,389,1121,96.4,80.2,30.4,M
Male,1806,864,1010,909,347,391,1164,934,646,378,1173,101.0,90.9,34.7,L
Male,1798,781,971,814,353,372,1188,931,621,369,1172,97.1,81.4,35.3,M
Male,1625,787,1032,978,318,407,1156,868,602,394,1039,103.2,97.8,31.8,XL
Male,1708,1058,1183,1168,401,438,1238,885,748,426,1074,118.3,116.8,40.1,XXXL
Male,1679,861,1044,932,344,395,1162,876,673,426,1089,104.4,93.2,34.4,L
Male,1750,839,1044,913,343,373,1155,898,648,402,1150,104.4,91.3,34.3,L
Male,1796,954,1149,966,350,386,1257,938,652,430,1166,114.9,96.6,35.0,XL
Male,1843,752,976,833,327,363,1143,942,551,363,1189,97.6,83.3,32.7,M
Male,1742,845,1078,1016,359,394,1170,868,580,375,1097,107.8,101.6,35.9,XL
Male,1667,771,1039,961,343,359,1071,838,637,392,1052,103.9,96.1,34.3,XL
Male,1689,723,1024,899,329,398,1160,850,571,381,1095,102.4,89.9,32.9,L
Male,1843,807,1021,828,326,392,1159,960,568,405,1248,102.1,82.8,32.6,L
Male,1891,977,1075,962,354,405,1255,982,670,380,1219,107.5,96.2,35.4,XL
Male,1925,1008,1068,941,378,425,1210,957,653,424,1208,106.8,94.1,37.8,L
Male,1717,1059,1161,1080,367,407,1253,913,733,439,1131,116.1,108.0,36.7,XXL
Male,1799,954,1156,950,378,400,1215,920,672,397,1177,115.6,95.0,37.8,XL
Male,1695,956,1129,1095,371,426,1174,888,693,399,1132,112.9,109.5,37.1,XXL
Male,1773,1205,1266,1116,363,452,1343,959,771,454,1175,126.6,111.6,36.3,XXXL
Male,1806,876,1059,990,343,385,1140,872,637,425,1159,105.9,99.0,34.3,XL
Male,1725,941,1188,1030,350,403,1205,887,664,396,1105,118.8,103.0,35.0,XXL
Male,1676,838,1109,970,343,412,1243,881,645,398,1063,110.9,97.0,34.3,XL
Male,1716,860,1058,999,338,389,1175,875,625,423,1134,105.8,99.9,33.8,XL
Male,1819,1002,1153,988,359,428,1279,956,642,420,1166,115.3,98.8,35.9,XL
Male,1739,798,1027,932,346,364,1145,862,612,390,1114,102.7,93.2,34.6,L
Male,1778,813,980,938,341,390,1116,892,602,383,1124,98.0,93.8,34.1,L
Male,1919,1312,1201,1192,387,422,1334,974,777,470,1272,120.1,119.2,38.7,XXXL
Male,1728,937,1091,978,365,407,1226,906,672,407,1173,109.1,97.8,36.5,XL
Male,1669,763,1011,787,328,381,1152,900,628,383,1104,101.1,78.7,32.8,M
Male,1697,626,953,786,305,376,1104,808,540,367,1041,95.3,78.6,30.5,M
Male,1773,887,1123,1000,343,414,1230,909,621,417,1144,112.3,100.0,34.3,XL
Male,1764,710,963,883,328,378,1081,857,556,368,1144,96.3,88.3,32.8,L
Male,1716,887,1079,1021,351,425,1198,866,663,390,1127,107.9,102.1,35.1,XL
Male,1802,817,1004,926,360,385,1152,888,608,374,1145,100.4,92.6,36.0,L
Male,1707,782,1052,811,317,385,1240,960,602,395,1134,105.2,81.1,31.7,L
Male,1806,841,1004,943,362,364,1138,915,649,387,1147,100.4,94.3,36.2,L
Male,1712,549,869,745,298,352,1020,842,489,309,1101,86.9,74.5,29.8,S
Male,1870,1092,1197,1020,366,390,1262,982,717,438,1219,119.7,102.0,36.6,XXL
Male,1772,663,900,775,313,375,1093,877,515,352,1165,90.0,77.5,31.3,S
Male,1805,1072,1213,1128,374,420,1251,923,689,443,1148,121.3,112.8,37.4,XXXL
Male,1820,1147,1237,1094,389,420,1340,923,713,427,1186,123.7,109.4,38.9,XXL
Male,1579,546,879,730,284,366,1022,736,508,342,1030,87.9,73.0,28.4,S
Male,1678,859,1172,976,330,422,1235,890,620,388,1069,117.2,97.6,33.0,XL
Male,1858,976,1141,1002,355,402,1207,945,622,400,1217,114.1,100.2,35.5,XL
Male,1773,870,1054,883,351,392,1148,920,644,405,1158,105.4,88.3,35.1,L
Male,1821,697,876,806,338,354,1105,920,566,350,1178,87.6,80.6,33.8,M
Male,1846,942,1060,997,373,427,1264,938,632,408,1189,106.0,99.7,37.3,XL
Male,1737,620,910,741,305,343,1070,844,558,355,1098,91.0,74.1,30.5,S
Male,1737,940,1131,1029,360,430,1168,865,648,439,1079,113.1,102.9,36.0,XL
Male,1693,735,986,895,334,392,1137,878,605,367,1066,98.6,89.5,33.4,L
Male,1782,809,1029,944,345,387,1177,886,599,383,1101,102.9,94.4,34.5,L
Male,1759,1045,1202,1147,411,410,1216,916,721,388,1123,120.2,114.7,41.1,XXXL
Male,1732,1069,1217,1139,380,428,1319,890,729,426,1117,121.7,113.9,38.0,XXXL
Male,1707,826,1086,1032,357,398,1142,840,623,375,1092,108.6,103.2,35.7,XL
Male,1751,713,967,771,336,376,1141,899,560,352,1137,96.7,77.1,33.6,M
Male,1763,907,1052,957,363,400,1194,892,678,424,1116,105.2,95.7,36.3,L
Male,1804,876,1058,938,356,383,1220,888,636,394,1165,105.8,93.8,35.6,L
Male,1742,1128,1197,1159,387,455,1313,910,741,433,1101,119.7,115.9,38.7,XXXL
Male,1823,1063,1237,1153,373,413,1235,875,709,401,1166,123.7,115.3,37.3,XXXL
Male,1807,673,946,800,317,370,1044,852,537,352,1131,94.6,80.0,31.7,M
Male,1775,893,1177,1013,338,415,1211,920,590,388,1176,117.7,101.3,33.8,XL
Male,1797,784,1030,874,325,380,1167,920,584,388,1148,103.0,87.4,32.5,L
Male,1731,717,970,871,316,383,1130,880,564,359,1138,97.0,87.1,31.6,M
Male,1744,776,921,857,343,385,1164,870,623,397,1112,92.1,85.7,34.3,M
Male,1673,749,1017,828,331,404,1184,863,621,383,1071,101.7,82.8,33.1,M
Male,1648,694,948,793,318,364,1113,847,586,417,1045,94.8,79.3,31.8,M
Male,1868,801,988,772,328,375,1200,979,562,387,1192,98.8,77.2,32.8,M
Male,1773,778,1017,890,338,372,1125,912,582,407,1153,101.7,89.0,33.8,L
Male,1923,924,1066,893,337,380,1192,962,648,413,1248,106.6,89.3,33.7,L
Male,1779,885,1066,981,367,406,1145,940,679,398,1145,106.6,98.1,36.7,XL
Male,1811,757,977,840,337,393,1106,928,573,381,1152,97.7,84.0,33.7,M
Male,1715,938,1108,1035,348,412,1192,885,668,432,1104,110.8,103.5,34.8,XL
Male,1747,924,1127,1133,366,413,1184,888,673,359,1176,112.7,113.3,36.6,XXXL
Male,1744,888,1111,988,346,440,1228,903,601,403,1159,111.1,98.8,34.6,XL
Male,1783,661,940,825,330,373,1092,886,546,352,1188,94.0,82.5,33.0,M
Male,1764,910,1145,967,343,411,1226,931,647,409,1146,114.5,96.7,34.3,XL
Male,1701,809,1091,982,326,402,1171,914,569,374,1112,109.1,98.2,32.6,XL
Male,1724,621,880,825,341,353,1049,876,558,337,1084,88.0,82.5,34.1,M
Male,1765,796,1038,879,333,401,1153,905,595,376,1131,103.8,87.9,33.3,L
Male,1630,636,914,752,295,364,1140,845,542,353,996,91.4,75.2,29.5,S
Male,1713,608,892,719,302,365,1116,911,514,352,1135,89.2,71.9,30.2,S
Male,1838,1210,1226,1084,427,416,1295,978,792,437,1157,122.6,108.4,42.7,XXL
Male,1704,855,1152,959,335,402,1196,858,617,384,1076,115.2,95.9,33.5,XL
Male,1772,744,982,873,332,372,1116,860,588,346,1140,98.2,87.3,33.2,M
Male,1846,1114,1259,1083,364,418,1347,990,692,417,1177,125.9,108.3,36.4,XXL
Male,1805,913,1106,920,353,398,1198,918,649,420,1156,110.6,92.0,35.3,XL
Male,1805,1074,1159,1052,359,460,1261,926,674,440,1189,115.9,105.2,35.9,XXL
Male,1680,713,999,897,331,382,1098,870,598,363,1047,99.9,89.7,33.1,L
Male,1839,902,1011,926,350,402,1152,968,621,429,1177,101.1,92.6,35.0,L
Male,1723,829,1060,901,352,409,1145,913,614,395,1131,106.0,90.1,35.2,L
Male,1800,869,1057,936,360,397,1190,880,642,374,1174,105.7,93.6,36.0,L
Male,1861,866,997,864,367,374,1117,939,641,385,1177,99.7,86.4,36.7,M
Male,1724,772,1073,859,328,390,1195,883,589,385,1037,107.3,85.9,32.8,L
Male,1812,801,1002,836,347,393,1191,915,606,381,1151,100.2,83.6,34.7,M
Male,1664,725,994,886,324,407,1150,860,612,355,1067,99.4,88.6,32.4,L
Male,1706,667,941,722,307,365,1086,866,553,383,1079,94.1,72.2,30.7,M
Male,1687,680,942,820,323,371,1079,850,587,372,1050,94.2,82.0,32.3,M
Male,1858,1079,1157,1075,374,430,1256,983,679,435,1217,115.7,107.5,37.4,XXL
Male,1629,745,991,1003,352,376,1158,847,638,369,1063,99.1,100.3,35.2,XL
Male,1856,792,975,842,344,378,1123,910,608,377,1233,97.5,84.2,34.4,M
Male,1757,1052,1167,1062,360,448,1274,924,712,431,1167,116.7,106.2,36.0,XXL
Male,1750,663,929,765,323,356,1104,897,570,361,1092,92.9,76.5,32.3,S
Male,1735,905,1126,1011,366,402,1179,910,644,404,1116,112.6,101.1,36.6,XL
Male,1739,587,864,750,324,353,1042,858,543,332,1087,86.4,75.0,32.4,S
Male,1634,687,972,899,323,396,1101,827,571,354,1016,97.2,89.9,32.3,L
Male,1772,1090,1235,1166,382,433,1281,906,678,405,1166,123.5,116.6,38.2,XXXL
Male,1600,576,890,744,301,347,1058,815,544,338,1005,89.0,74.4,30.1,S
Male,1657,922,1058,1048,362,432,1165,855,720,430,1044,105.8,104.8,36.2,XXL
Male,1898,815,983,913,337,382,1181,975,562,382,1189,98.3,91.3,33.7,L
Male,1830,912,1019,902,337,388,1155,968,658,385,1241,101.9,90.2,33.7,L
Male,1712,850,1084,973,348,420,1194,860,636,382,1069,108.4,97.3,34.8,XL
Male,1693,920,1104,1011,362,453,1250,889,669,411,1085,110.4,101.1,36.2,XL
Male,1910,1442,1279,1328,443,484,1314,971,812,459,1262,127.9,132.8,44.3,XXXL
Male,1817,739,1017,850,334,357,1126,897,594,351,1208,101.7,85.0,33.4,M
Male,1790,1062,1175,1089,363,452,1268,945,691,451,1187,117.5,108.9,36.3,XXL
Male,1789,1049,1206,1071,373,407,1306,930,692,406,1151,120.6,107.1,37.3,XXL
Male,1728,660,953,825,344,360,1145,910,533,358,1128,95.3,82.5,34.4,M
Male,1684,622,914,864,316,371,1058,843,541,338,1099,91.4,86.4,31.6,M
Male,1861,1022,1101,1003,334,436,1252,953,676,427,1216,110.1,100.3,33.4,XL
Male,1763,697,915,785,337,367,1129,912,550,366,1117,91.5,78.5,33.7,S
Male,1952,939,1034,890,357,390,1227,984,616,412,1243,103.4,89.0,35.7,L
Male,1750,793,986,830,358,383,1136,911,657,388,1084,98.6,83.0,35.8,M
Male,1763,899,1088,1017,343,379,1176,917,648,409,1118,108.8,101.7,34.3,XL
Male,1854,727,948,785,337,361,1121,911,549,357,1172,94.8,78.5,33.7,M
Male,1669,690,963,791,318,385,1109,866,572,365,1085,96.3,79.1,31.8,M
Male,1858,1140,1211,1071,370,474,1350,961,690,427,1209,121.1,107.1,37.0,XXL
Male,1786,995,1162,1028,357,450,1187,904,665,399,1178,116.2,102.8,35.7,XL
Male,1712,887,1091,976,362,408,1224,915,640,403,1091,109.1,97.6,36.2,XL
Male,1752,894,1069,960,352,392,1144,888,637,423,1132,106.9,96.0,35.2,XL
Male,1653,842,1077,976,349,381,1159,868,657,396,1072,107.7,97.6,34.9,XL
Male,1687,804,1006,900,338,392,1170,885,643,397,1059,100.6,90.0,33.8,L
Male,1689,760,997,943,345,372,1124,865,619,368,1090,99.7,94.3,34.5,L
Male,1674,913,1090,1046,355,410,1254,913,690,413,1063,109.0,104.6,35.5,XXL
Male,1819,673,931,754,310,355,1070,890,557,364,1152,93.1,75.4,31.0,S
Male,1788,857,1037,905,329,413,1165,868,644,360,1138,103.7,90.5,32.9,L
Male,1679,688,964,767,311,390,1127,900,562,361,1066,96.4,76.7,31.1,M
Male,1763,885,1087,964,342,382,1194,907,638,399,1118,108.7,96.4,34.2,XL
Male,1733,708,964,753,300,368,1135,900,576,386,1119,96.4,75.3,30.0,M
Male,1703,743,1011,817,325,405,1135,850,574,359,1097,101.1,81.7,32.5,M
Male,1814,985,1081,1010,379,392,1206,890,704,430,1130,108.1,101.0,37.9,XL
Male,1825,902,1095,1005,361,410,1184,920,639,382,1174,109.5,100.5,36.1,XL
Male,1815,852,981,836,323,388,1194,958,605,407,1192,98.1,83.6,32.3,M
Male,1778,851,1020,882,347,392,1177,897,628,402,1131,102.0,88.2,34.7,L
Male,1744,685,963,863,311,367,1065,849,547,365,1129,96.3,86.3,31.1,M
Male,1781,1065,1205,1151,381,448,1215,882,701,425,1131,120.5,115.1,38.1,XXXL
Male,1716,1044,1181,1052,368,459,1229,905,721,450,1119,118.1,105.2,36.8,XXL
Male,1766,968,1149,982,344,444,1210,910,637,429,1162,114.9,98.2,34.4,XL
Male,1736,902,1092,951,360,415,1266,937,637,405,1089,109.2,95.1,36.0,L
Male,1810,938,1157,935,370,397,1259,960,626,421,1198,115.7,93.5,37.0,XL
Male,1839,928,1084,999,347,404,1212,920,662,379,1185,108.4,99.9,34.7,XL
Male,1668,873,1084,974,365,396,1180,880,656,419,1072,108.4,97.4,36.5,XL
Male,1784,769,1048,928,338,378,1108,890,559,352,1128,104.8,92.8,33.8,L
Male,1757,892,1083,915,356,390,1214,917,680,392,1172,108.3,91.5,35.6,L
Male,1777,963,1184,1070,355,422,1216,919,611,380,1126,118.4,107.0,35.5,XXL
Male,1749,947,1115,994,346,400,1240,915,670,418,1160,111.5,99.4,34.6,XL
Male,1842,665,946,812,347,350,1080,890,510,322,1194,94.6,81.2,34.7,M
Male,1782,754,980,822,325,378,1113,890,565,384,1129,98.0,82.2,32.5,M
Male,1734,935,1123,1024,354,429,1234,890,659,412,1106,112.3,102.4,35.4,XL
Male,1897,950,1121,964,353,393,1241,951,633,384,1200,112.1,96.4,35.3,XL
Male,1650,822,1127,963,334,376,1232,830,625,361,1027,112.7,96.3,33.4,XL
Male,1760,1052,1167,1020,382,433,1258,946,720,435,1113,116.7,102.0,38.2,XL
Male,1837,747,992,830,298,403,1194,966,583,326,1177,99.2,83.0,29.8,M
Male,1718,845,1042,883,328,384,1187,924,657,405,1142,104.2,88.3,32.8,L
Male,1654,843,1102,1031,345,397,1174,877,613,384,1074,110.2,103.1,34.5,XL
Male,1834,925,1106,1048,365,407,1159,910,673,400,1231,110.6,104.8,36.5,XXL
Male,1810,926,1044,992,370,396,1160,922,658,382,1125,104.4,99.2,37.0,XL
Male,1722,750,967,904,332,388,1087,864,577,387,1072,96.7,90.4,33.2,L
Male,1646,733,1015,920,322,403,1084,857,582,380,1054,101.5,92.0,32.2,L
Male,1728,815,1057,992,347,384,1145,860,598,374,1116,105.7,99.2,34.7,XL
Male,1761,875,1077,915,344,392,1194,873,636,414,1097,107.7,91.5,34.4,L
Male,1780,770,966,930,338,364,1117,889,599,367,1146,96.6,93.0,33.8,L
Male,1719,869,1152,1024,358,414,1154,880,632,382,1101,115.2,102.4,35.8,XL
Male,1830,850,983,861,331,404,1170,896,626,400,1165,98.3,86.1,33.1,M
Male,1751,962,1182,1026,342,430,1224,930,602,404,1129,118.2,102.6,34.2,XXL
Male,1758,811,1029,884,353,413,1204,906,579,416,1125,102.9,88.4,35.3,L
Male,1681,857,1122,983,328,397,1204,880,592,389,1066,112.2,98.3,32.8,XL
Male,1805,879,1042,957,357,387,1135,931,624,398,1135,104.2,95.7,35.7,L
Male,1766,882,1112,981,337,431,1225,916,622,407,1107,111.2,98.1,33.7,XL
Male,1740,712,928,826,313,367,1120,847,572,370,1117,92.8,82.6,31.3,M
Male,1768,832,1036,925,339,400,1122,886,614,398,1138,103.6,92.5,33.9,L
Male,1703,742,1006,863,321,394,1100,832,594,382,1053,100.6,86.3,32.1,M
Male,1845,833,1043,850,349,383,1220,932,600,388,1144,104.3,85.0,34.9,L
Male,1853,1151,1195,1072,370,442,1312,954,694,428,1242,119.5,107.2,37.0,XXL
Male,1756,792,1072,878,347,370,1169,878,626,387,1095,107.2,87.8,34.7,L
Male,1858,862,992,915,360,395,1135,924,636,404,1203,99.2,91.5,36.0,L
Male,1763,753,1038,812,345,375,1133,856,595,383,1091,103.8,81.2,34.5,L
Male,1758,823,998,933,352,385,1125,912,643,384,1141,99.8,93.3,35.2,L
Male,1768,837,1017,847,349,380,1195,907,623,405,1109,101.7,84.7,34.9,M
Male,1801,932,1118,987,343,434,1180,893,642,389,1128,111.8,98.7,34.3,XL
Male,1761,879,1051,956,338,399,1224,904,655,368,1160,105.1,95.6,33.8,L
Male,1756,819,1067,942,357,412,1157,865,595,373,1118,106.7,94.2,35.7,L
Male,1830,1061,1192,1087,365,409,1268,961,691,421,1232,119.2,108.7,36.5,XXL
Male,1726,733,992,865,337,379,1113,853,583,362,1095,99.2,86.5,33.7,M
Male,1718,818,1031,965,348,399,1155,865,646,402,1111,103.1,96.5,34.8,XL
Male,1717,907,1118,991,362,400,1118,894,661,398,1097,111.8,99.1,36.2,XL
Male,1811,875,1116,974,364,382,1200,945,623,360,1154,111.6,97.4,36.4,XL
Male,1780,902,1078,903,337,421,1230,913,622,423,1138,107.8,90.3,33.7,L
Male,1664,663,1008,761,311,374,1142,824,533,365,1007,100.8,76.1,31.1,M
Male,1751,740,984,773,316,388,1143,902,611,380,1143,98.4,77.3,31.6,M
Male,1972,1093,1143,1066,406,430,1209,1007,702,425,1258,114.3,106.6,40.6,XXL
Male,1699,661,945,750,300,383,1123,901,540,346,1134,94.5,75.0,30.0,M
Male,1819,993,1116,983,358,431,1253,925,676,437,1142,111.6,98.3,35.8,XL
Male,1665,766,1037,945,331,392,1106,816,576,377,1036,103.7,94.5,33.1,L
Male,1567,619,961,828,307,350,1054,786,544,370,993,96.1,82.8,30.7,M
Male,1686,792,1082,847,330,416,1231,918,602,357,1146,108.2,84.7,33.0,L
Male,1771,984,1116,1065,364,433,1167,922,649,413,1133,111.6,106.5,36.4,XXL
Male,1800,774,1009,798,322,392,1153,920,583,374,1170,100.9,79.8,32.2,M
Male,1783,879,1174,980,349,394,1251,910,609,388,1176,117.4,98.0,34.9,XL
Male,1756,928,1094,1044,354,412,1231,896,668,401,1124,109.4,104.4,35.4,XXL
Male,1722,803,972,876,358,375,1146,871,654,390,1122,97.2,87.6,35.8,M
Male,1761,884,1078,957,364,401,1216,935,636,395,1176,107.8,95.7,36.4,L
Male,1850,836,990,830,357,377,1166,930,591,388,1159,99.0,83.0,35.7,M
Male,1816,810,1043,895,335,372,1166,880,596,367,1183,104.3,89.5,33.5,L
Male,1772,936,1109,933,358,420,1237,944,646,393,1126,110.9,93.3,35.8,XL
Male,1735,619,908,784,294,369,1089,877,516,352,1120,90.8,78.4,29.4,S
Male,1705,772,1042,840,328,388,1132,882,619,409,1101,104.2,84.0,32.8,L
Male,1803,908,1018,973,365,393,1162,895,675,386,1181,101.8,97.3,36.5,XL
Male,1750,661,949,815,337,362,1133,875,549,360,1147,94.9,81.5,33.7,M
Male,1777,1090,1167,1112,392,409,1250,933,746,440,1185,116.7,111.2,39.2,XXL
Male,1759,957,1120,1022,374,422,1211,910,656,421,1118,112.0,102.2,37.4,XL
Male,1787,877,1094,896,343,377,1168,915,632,373,1167,109.4,89.6,34.3,L
Male,1766,991,1123,1076,362,422,1214,911,684,415,1120,112.3,107.6,36.2,XXL
Male,1762,603,888,720,298,330,1047,868,493,358,1161,88.8,72.0,29.8,S
Male,1688,791,988,921,337,400,1100,843,658,393,1107,98.8,92.1,33.7,L
Male,1850,791,991,813,340,385,1168,980,565,408,1253,99.1,81.3,34.0,M
Male,1764,771,976,821,308,372,1147,925,589,397,1162,97.6,82.1,30.8,M
Male,1798,927,1037,935,368,405,1199,887,668,426,1122,103.7,93.5,36.8,L
Male,1678,801,1062,897,352,378,1142,858,643,413,1082,106.2,89.7,35.2,L
Male,1738,969,1175,1028,342,427,1277,916,671,422,1175,117.5,102.8,34.2,XL
Male,1739,775,1018,958,344,383,1165,880,596,392,1155,101.8,95.8,34.4,L
Male,1577,564,858,735,305,346,1025,798,551,346,1020,85.8,73.5,30.5,S
Male,1707,728,993,823,323,366,1126,907,599,366,1126,99.3,82.3,32.3,M
Male,1863,1033,1109,1018,374,424,1196,956,676,437,1204,110.9,101.8,37.4,XL
Male,1820,710,949,867,348,353,1082,929,555,351,1168,94.9,86.7,34.8,M
Male,1816,948,1092,938,353,391,1205,900,667,395,1161,109.2,93.8,35.3,L
Male,1856,1020,1112,1011,399,382,1188,930,742,416,1210,111.2,101.1,39.9,XL
Male,1806,935,1038,916,333,407,1180,900,659,409,1197,103.8,91.6,33.3,L
Male,1934,1007,1112,1000,397,403,1225,980,658,418,1274,111.2,100.0,39.7,XL
Male,1774,688,945,777,332,392,1116,886,529,385,1134,94.5,77.7,33.2,M
Male,1800,941,1126,984,360,420,1267,924,637,393,1215,112.6,98.4,36.0,XL
Male,1673,690,977,820,317,373,1119,872,557,365,1116,97.7,82.0,31.7,M
Male,1944,1126,1151,980,343,416,1341,1058,710,437,1268,115.1,98.0,34.3,XL
Male,1841,935,1067,941,356,400,1210,943,648,400,1183,106.7,94.1,35.6,L
Male,1761,932,1094,943,331,376,1176,895,696,414,1156,109.4,94.3,33.1,L
Male,1872,979,1076,914,362,394,1230,949,670,412,1233,107.6,91.4,36.2,L
Male,1726,917,1172,1081,354,429,1144,900,672,385,1148,117.2,108.1,35.4,XXL
Male,1764,850,1076,978,338,410,1152,883,621,395,1125,107.6,97.8,33.8,XL
Male,1670,542,878,677,295,341,1059,850,483,354,1048,87.8,67.7,29.5,S
Male,1765,948,1110,1062,379,411,1160,913,647,429,1134,111.0,106.2,37.9,XXL
Male,1720,858,1146,990,342,384,1127,906,613,413,1080,114.6,99.0,34.2,XL
Male,1718,913,1138,1040,342,413,1172,890,609,402,1108,113.8,104.0,34.2,XXL
Male,1784,834,1066,921,341,368,1141,890,628,403,1131,106.6,92.1,34.1,L
Male,1651,891,1112,1024,346,420,1175,829,658,436,1044,111.2,102.4,34.6,XL
Male,1808,988,1112,1073,350,422,1219,901,649,420,1160,111.2,107.3,35.0,XXL
Male,1740,801,1014,908,346,388,1147,880,641,396,1113,101.4,90.8,34.6,L
Male,1710,940,1143,1072,344,438,1210,870,647,408,1069,114.3,107.2,34.4,XXL
Male,1804,1002,1188,1016,369,426,1302,956,678,427,1163,118.8,101.6,36.9,XXL
Male,1719,898,1109,1002,358,407,1199,892,627,402,1050,110.9,100.2,35.8,XL
Male,1794,645,902,772,309,346,1086,881,538,348,1142,90.2,77.2,30.9,S
Male,1736,623,886,787,316,349,1087,850,536,343,1076,88.6,78.7,31.6,S
Male,1616,769,1047,918,347,381,1200,854,628,393,1022,104.7,91.8,34.7,L
Male,1744,627,917,725,303,366,1120,916,539,350,1121,91.7,72.5,30.3,S
Male,1816,855,1047,952,358,380,1160,937,634,410,1202,104.7,95.2,35.8,L
Male,1749,855,1076,985,332,362,1207,890,639,383,1125,107.6,98.5,33.2,XL
Male,1749,881,1143,951,365,398,1220,900,638,380,1124,114.3,95.1,36.5,XL
Male,1668,765,1082,893,327,378,1215,880,591,383,1046,108.2,89.3,32.7,L
Male,1575,628,991,860,310,372,1103,782,561,352,985,99.1,86.0,31.0,M
Male,1708,756,1034,883,338,390,1155,893,575,370,1116,103.4,88.3,33.8,L
Male,1645,813,1048,896,353,399,1215,860,639,380,1074,104.8,89.6,35.3,L
Male,1825,956,1083,918,359,402,1215,945,659,418,1188,108.3,91.8,35.9,L
Male,1800,765,1004,891,353,370,1108,902,577,385,1152,100.4,89.1,35.3,L
Male,1810,823,1044,843,346,390,1180,933,607,390,1196,104.4,84.3,34.6,L
Male,1718,825,1041,896,344,386,1130,844,638,414,1102,104.1,89.6,34.4,L
Male,1808,1100,1138,1022,397,427,1257,950,751,436,1195,113.8,102.2,39.7,XL
Male,1814,773,991,870,326,386,1187,907,596,387,1134,99.1,87.0,32.6,M
Male,1649,807,1073,975,338,395,1152,843,627,384,1049,107.3,97.5,33.8,XL
Male,1857,1099,1176,1097,381,415,1237,932,694,411,1202,117.6,109.7,38.1,XXL
Male,1765,1059,1238,1187,369,414,1258,913,715,406,1146,123.8,118.7,36.9,XXXL
Male,1748,1044,1165,1055,395,401,1260,920,721,459,1136,116.5,105.5,39.5,XXL
Male,1730,846,1057,1028,357,392,1125,882,603,387,1122,105.7,102.8,35.7,XL
Male,1870,1223,1238,1217,398,424,1250,944,721,452,1194,123.8,121.7,39.8,XXXL
Male,1870,1000,1059,1036,346,399,1175,957,664,438,1213,105.9,103.6,34.6,XL
Male,1780,835,978,874,347,392,1156,900,623,420,1133,97.8,87.4,34.7,M
Male,1761,690,982,850,332,363,1117,866,588,353,1139,98.2,85.0,33.2,M
Male,1793,1002,1125,1011,372,412,1206,896,667,433,1137,112.5,101.1,37.2,XL
Male,1781,941,1053,953,375,385,1195,915,690,420,1146,105.3,95.3,37.5,L
Male,1705,834,1134,975,338,433,1194,874,583,359,1076,113.4,97.5,33.8,XL
Male,1761,1145,1223,1164,383,419,1277,881,763,443,1134,122.3,116.4,38.3,XXXL
Male,1836,833,1056,947,352,392,1213,956,612,373,1202,105.6,94.7,35.2,L
Male,1639,945,1213,1093,366,408,1202,850,659,421,1010,121.3,109.3,36.6,XXL
Male,1809,868,1109,956,347,400,1180,917,620,378,1184,110.9,95.6,34.7,XL
Male,1738,938,1137,1041,357,453,1210,881,647,405,1139,113.7,104.1,35.7,XXL
Male,1751,966,1104,1086,358,442,1228,889,653,416,1097,110.4,108.6,35.8,XXL
Male,1741,1008,1127,1058,331,435,1235,855,672,420,1121,112.7,105.8,33.1,XXL
Male,1707,921,1119,1049,358,455,1205,890,694,395,1091,111.9,104.9,35.8,XXL
Male,1736,1023,1127,1053,357,451,1248,885,712,416,1108,112.7,105.3,35.7,XXL
Male,1649,949,1185,1024,376,429,1149,860,657,408,1099,118.5,102.4,37.6,XXL
Male,1767,950,1126,1038,353,426,1196,905,655,378,1098,112.6,103.8,35.3,XL
Male,1831,1135,1166,1088,422,399,1267,936,758,453,1166,116.6,108.8,42.2,XXL
Male,1621,735,1058,977,337,376,1114,845,572,383,1057,105.8,97.7,33.7,XL
Male,1747,748,1018,790,339,367,1173,910,582,366,1088,101.8,79.0,33.9,M
Male,1728,765,1002,796,338,389,1171,872,592,412,1091,100.2,79.6,33.8,M
Male,1801,842,1029,868,330,386,1180,923,608,394,1169,102.9,86.8,33.0,L
Male,1814,886,1054,873,356,393,1220,920,648,397,1147,105.4,87.3,35.6,L
Male,1870,726,957,820,349,372,1118,950,558,357,1180,95.7,82.0,34.9,M
Male,1861,829,1021,946,337,391,1167,922,583,376,1214,102.1,94.6,33.7,L
Male,1806,828,1012,895,366,399,1171,908,607,376,1160,101.2,89.5,36.6,L
Male,1794,917,1128,980,372,370,1185,888,654,397,1162,112.8,98.0,37.2,XL
Male,1805,1064,1174,1073,375,442,1283,916,693,416,1132,117.4,107.3,37.5,XXL
Male,1843,804,1012,854,337,377,1157,905,612,388,1157,101.2,85.4,33.7,M
Male,1993,947,1034,899,354,382,1177,997,644,407,1273,103.4,89.9,35.4,L
Male,1847,951,1112,994,372,412,1237,976,673,406,1168,111.2,99.4,37.2,XL
Male,1694,714,996,860,331,370,1140,826,587,346,1089,99.6,86.0,33.1,M
Male,1673,578,899,722,308,348,1080,832,516,345,1045,89.9,72.2,30.8,S
Male,1874,803,1017,845,348,382,1123,940,604,397,1221,101.7,84.5,34.8,M
Male,1736,775,1076,906,328,421,1114,905,587,362,1113,107.6,90.6,32.8,L
Male,1789,938,1133,942,366,409,1265,960,656,416,1171,113.3,94.2,36.6,XL
Male,1672,962,1177,1070,391,402,1236,865,709,408,1048,117.7,107.0,39.1,XXL
Male,1721,822,1017,932,342,408,1106,846,636,376,1067,101.7,93.2,34.2,L
Male,1864,880,1074,906,343,384,1234,959,605,385,1213,107.4,90.6,34.3,L
Male,1840,955,1151,980,372,386,1218,939,656,404,1196,115.1,98.0,37.2,XL
Male,1774,596,857,725,318,353,1053,850,484,330,1112,85.7,72.5,31.8,S
Male,1664,794,1060,921,344,391,1141,888,624,393,1100,106.0,92.1,34.4,L
Male,1781,682,904,774,325,364,1115,917,538,363,1133,90.4,77.4,32.5,S
Male,1778,863,1034,926,342,380,1162,908,611,413,1111,103.4,92.6,34.2,L
Male,1760,801,1007,825,320,379,1199,930,628,398,1160,100.7,82.5,32.0,M
Male,1730,723,962,833,320,388,1165,882,603,359,1170,96.2,83.3,32.0,M
Male,1890,1023,1114,891,351,412,1339,938,662,431,1240,111.4,89.1,35.1,XL
Male,1926,1010,1048,918,341,417,1292,982,684,419,1254,104.8,91.8,34.1,L
Male,1795,830,1068,902,327,375,1176,880,597,366,1127,106.8,90.2,32.7,L
Male,1730,784,1027,876,337,380,1135,897,632,391,1065,102.7,87.6,33.7,L
Male,1785,1069,1151,1011,381,431,1280,962,708,464,1140,115.1,101.1,38.1,XL
Male,1805,809,1039,835,332,411,1201,915,597,372,1153,103.9,83.5,33.2,L
Male,1638,794,1047,931,341,412,1155,867,644,399,1078,104.7,93.1,34.1,L
Male,1789,606,906,731,317,348,1044,865,495,343,1135,90.6,73.1,31.7,S
Male,1685,654,961,798,320,365,1101,865,561,333,1068,96.1,79.8,32.0,M
Male,1693,748,1040,860,333,397,1117,853,626,392,1070,104.0,86.0,33.3,L
Male,1700,682,968,742,315,396,1120,827,532,358,1051,96.8,74.2,31.5,M
Male,1738,833,1041,925,343,390,1133,855,628,403,1115,104.1,92.5,34.3,L
Male,1862,1025,1173,1000,379,419,1220,946,659,426,1217,117.3,100.0,37.9,XL
Male,1696,828,1051,860,347,401,1171,860,663,406,1083,105.1,86.0,34.7,L
Male,1798,891,1061,893,354,397,1199,933,653,407,1121,106.1,89.3,35.4,L
Male,1768,949,1128,995,366,414,1240,937,661,410,1161,112.8,99.5,36.6,XL
Male,1629,702,979,920,331,385,1081,823,598,357,1022,97.9,92.0,33.1,L
Male,1866,1223,1277,1110,378,456,1296,1000,704,443,1190,127.7,111.0,37.8,XXXL
Male,1894,954,1159,1032,367,415,1230,977,607,396,1216,115.9,103.2,36.7,XL
Male,1648,727,1041,868,327,410,1076,845,588,363,1056,104.1,86.8,32.7,L
Male,1788,1008,1187,1064,362,429,1326,944,681,403,1163,118.7,106.4,36.2,XXL
Male,1808,880,1115,1002,368,395,1160,914,613,393,1186,111.5,100.2,36.8,XL
Male,1847,1103,1158,1137,378,414,1222,931,692,436,1152,115.8,113.7,37.8,XXXL
Male,1676,700,933,799,309,376,1113,864,611,377,1077,93.3,79.9,30.9,S
Male,1774,861,1076,912,349,395,1190,888,631,383,1137,107.6,91.2,34.9,L
Male,1660,786,1053,894,361,378,1168,871,634,383,1037,105.3,89.4,36.1,L
Male,1760,792,1004,813,332,402,1155,882,630,412,1097,100.4,81.3,33.2,M
Male,1757,785,991,897,357,379,1157,892,603,393,1139,99.1,89.7,35.7,L
Male,1698,533,862,703,301,360,1031,873,472,320,1094,86.2,70.3,30.1,S
Male,1761,677,906,788,323,363,1089,890,545,363,1148,90.6,78.8,32.3,S
Male,1678,843,1068,991,363,405,1177,880,668,393,1067,106.8,99.1,36.3,XL
Male,1796,908,1093,860,338,410,1245,915,662,412,1170,109.3,86.0,33.8,L
Male,1641,757,987,945,344,385,1085,826,607,387,1036,98.7,94.5,34.4,L
Male,1857,629,940,776,307,368,1051,921,507,334,1169,94.0,77.6,30.7,M
Male,1708,551,837,703,324,354,1032,857,496,327,1094,83.7,70.3,32.4,S
Male,1816,962,1137,1046,350,403,1230,920,628,398,1153,113.7,104.6,35.0,XXL
Male,1680,751,973,940,343,389,1081,828,624,393,1037,97.3,94.0,34.3,L
Male,1758,939,1132,994,389,400,1226,925,691,407,1197,113.2,99.4,38.9,XL
Male,1898,1055,1091,1000,414,378,1164,932,728,442,1246,109.1,100.0,41.4,XL
Male,1733,633,928,785,313,350,1070,873,502,326,1073,92.8,78.5,31.3,S
Male,1680,704,1006,905,322,377,1109,853,573,353,1048,100.6,90.5,32.2,L
Male,1906,1239,1244,1178,401,428,1315,969,744,461,1242,124.4,117.8,40.1,XXXL
Male,1834,714,960,823,342,386,1102,900,555,350,1189,96.0,82.3,34.2,M
Male,1667,859,1099,1018,350,394,1130,845,656,405,1075,109.9,101.8,35.0,XL
Male,1826,932,1089,1011,347,415,1206,930,648,392,1215,108.9,101.1,34.7,XL
Male,1803,802,1008,932,341,373,1143,890,576,389,1161,100.8,93.2,34.1,L
Male,1740,845,1087,1006,364,407,1126,883,626,395,1120,108.7,100.6,36.4,XL
Male,1777,687,931,865,322,377,1128,923,550,370,1156,93.1,86.5,32.2,M
Male,1678,823,1106,1001,346,411,1190,900,633,398,1092,110.6,100.1,34.6,XL
Male,1726,924,1142,974,344,438,1250,920,652,398,1122,114.2,97.4,34.4,XL
Male,1689,804,1008,953,333,394,1180,903,647,383,1100,100.8,95.3,33.3,L
Male,1852,816,995,842,340,379,1165,940,628,382,1174,99.5,84.2,34.0,M
Male,1864,871,1072,888,349,414,1241,992,592,391,1202,107.2,88.8,34.9,L
Male,1790,797,1044,803,336,396,1171,925,574,373,1152,104.4,80.3,33.6,L
Male,1845,991,1146,984,372,407,1255,963,684,404,1222,114.6,98.4,37.2,XL
Male,1817,829,1011,851,357,394,1195,929,617,365,1150,101.1,85.1,35.7,M
Male,1951,1105,1179,1081,377,429,1245,972,688,395,1210,117.9,108.1,37.7,XXL
Male,1751,1038,1172,1027,387,424,1305,916,724,464,1127,117.2,102.7,38.7,XL
Male,1717,781,1085,825,322,381,1176,886,598,382,1127,108.5,82.5,32.2,L
Male,1711,718,1066,782,327,368,1131,901,573,360,1066,106.6,78.2,32.7,L
Male,1678,879,1179,1013,336,416,1209,902,634,412,1106,117.9,101.3,33.6,XL
Male,1738,799,1032,960,336,405,1120,861,588,366,1112,103.2,96.0,33.6,XL
Male,1783,809,1038,951,329,366,1135,886,609,386,1104,103.8,95.1,32.9,L
Male,1695,890,1117,960,340,404,1206,899,671,425,1110,111.7,96.0,34.0,XL
Male,1726,721,1006,842,318,380,1144,892,558,376,1078,100.6,84.2,31.8,M
Male,1651,910,1107,995,352,417,1210,848,688,439,1045,110.7,99.5,35.2,XL
Male,1690,789,1044,883,338,397,1155,869,617,373,1089,104.4,88.3,33.8,L
Male,1790,879,1083,1037,373,405,1138,891,639,379,1156,108.3,103.7,37.3,XL
Male,1744,893,1141,1048,347,436,1196,888,601,366,1136,114.1,104.8,34.7,XXL
Male,1765,889,1063,1019,353,404,1145,888,663,387,1141,106.3,101.9,35.3,XL
Male,1849,1007,1139,1060,347,391,1245,934,657,422,1193,113.9,106.0,34.7,XXL
Male,1790,1074,1196,1072,368,465,1238,957,660,428,1145,119.6,107.2,36.8,XXL
Male,1672,775,1057,951,355,360,1112,832,635,383,1052,105.7,95.1,35.5,L
Male,1740,779,1062,875,324,359,1153,914,610,372,1112,106.2,87.5,32.4,L
Male,1751,670,968,850,329,344,1090,888,563,354,1117,96.8,85.0,32.9,M
Male,1670,516,840,670,303,349,1029,828,482,323,1054,84.0,67.0,30.3,XS
Male,1768,887,1046,963,368,385,1194,881,652,435,1137,104.6,96.3,36.8,XL
Male,1664,644,959,876,311,368,1065,860,549,353,1072,95.9,87.6,31.1,M
Male,1855,949,1115,965,357,431,1229,959,613,410,1213,111.5,96.5,35.7,XL
Male,1675,710,947,874,346,360,1074,861,635,388,1013,94.7,87.4,34.6,M
Male,1693,748,999,908,331,370,1102,840,650,376,1078,99.9,90.8,33.1,L
Male,1807,808,1041,778,339,395,1215,913,591,409,1129,104.1,77.8,33.9,L
Male,1790,741,984,793,331,375,1135,906,571,373,1170,98.4,79.3,33.1,M
Male,1711,611,919,730,322,356,1067,850,539,357,1071,91.9,73.0,32.2,S
Male,1678,658,987,752,327,372,1135,873,548,360,1070,98.7,75.2,32.7,M
Male,1741,824,1040,952,374,390,1165,844,634,372,1066,104.0,95.2,37.4,L
Male,1766,753,992,801,322,395,1159,920,580,378,1152,99.2,80.1,32.2,M
Male,1804,856,1017,930,352,387,1140,913,638,387,1175,101.7,93.0,35.2,L
Male,1773,939,1097,1017,367,381,1195,925,688,398,1123,109.7,101.7,36.7,XL
Male,1643,762,1029,893,339,387,1166,813,607,365,1037,102.9,89.3,33.9,L
Male,1718,725,972,806,317,379,1146,905,554,370,1088,97.2,80.6,31.7,M
Male,1680,700,949,801,317,380,1133,858,581,386,1063,94.9,80.1,31.7,M
Male,1726,786,1026,891,359,383,1170,913,637,397,1103,102.6,89.1,35.9,L
Male,1671,994,1212,1105,358,434,1230,880,686,444,1052,121.2,110.5,35.8,XXL
Male,1831,939,1081,972,362,391,1228,930,683,390,1147,108.1,97.2,36.2,XL
Male,1730,652,959,727,307,382,1116,879,518,350,1092,95.9,72.7,30.7,M
Male,1809,849,1039,957,362,417,1150,911,638,394,1155,103.9,95.7,36.2,L
Male,1726,809,1039,948,361,360,1157,893,622,383,1107,103.9,94.8,36.1,L
Male,1690,955,1062,1065,370,419,1186,895,668,410,1078,106.2,106.5,37.0,XXL
Male,1808,838,1039,847,338,425,1189,892,578,398,1158,103.9,84.7,33.8,L
Male,1828,914,1057,941,343,385,1219,946,643,416,1185,105.7,94.1,34.3,L
Male,1765,1084,1182,1174,428,422,1201,928,711,435,1110,118.2,117.4,42.8,XXXL
Male,1818,921,1157,1019,364,414,1285,963,621,368,1200,115.7,101.9,36.4,XL
Male,1787,1043,1153,1123,383,438,1207,934,657,421,1134,115.3,112.3,38.3,XXXL
Male,1805,629,1014,706,304,367,1092,914,517,347,1145,101.4,70.6,30.4,M
Male,1727,800,1017,910,356,364,1147,857,625,395,1107,101.7,91.0,35.6,L
Male,1748,869,1122,992,347,387,1197,907,645,396,1119,112.2,99.2,34.7,XL
Male,1873,948,1086,999,364,385,1217,970,641,427,1205,108.6,99.9,36.4,XL
Male,1695,672,958,740,304,374,1160,882,535,345,1122,95.8,74.0,30.4,M
Male,1761,741,1007,835,333,391,1174,910,592,364,1099,100.7,83.5,33.3,M
Male,1797,1012,1171,1085,363,408,1225,940,682,423,1157,117.1,108.5,36.3,XXL
Male,1730,856,1047,912,357,410,1194,884,648,395,1099,104.7,91.2,35.7,L
Male,1690,788,1082,856,329,383,1182,883,605,388,1095,108.2,85.6,32.9,L
Male,1783,1002,1177,1018,355,431,1240,910,694,394,1122,117.7,101.8,35.5,XL
Male,1829,689,934,839,351,354,1077,884,581,364,1164,93.4,83.9,35.1,M
Male,1822,877,1132,932,347,396,1230,960,635,386,1174,113.2,93.2,34.7,XL
Male,1744,857,1082,897,338,386,1216,870,627,397,1108,108.2,89.7,33.8,L
Male,1803,900,1068,945,347,415,1187,915,642,419,1123,106.8,94.5,34.7,L
Male,1765,958,1103,1029,367,403,1157,872,702,433,1164,110.3,102.9,36.7,XL
Male,1688,753,1080,887,343,388,1196,911,589,394,1072,108.0,88.7,34.3,L
Male,1662,818,1023,897,353,417,1204,897,679,393,1073,102.3,89.7,35.3,L
Male,1663,597,913,768,311,369,1090,832,493,347,1053,91.3,76.8,31.1,S
Male,1663,730,1042,866,341,358,1183,820,602,357,1037,104.2,86.6,34.1,L
Male,1721,806,969,907,340,379,1136,897,611,424,1091,96.9,90.7,34.0,L
Male,1770,760,1003,918,339,362,1136,873,620,347,1131,100.3,91.8,33.9,L
Male,1725,668,938,716,304,372,1075,875,566,355,1091,93.8,71.6,30.4,S
Male,1788,965,1087,934,352,432,1255,955,711,419,1178,108.7,93.4,35.2,L
Male,1893,794,968,845,327,383,1155,923,598,360,1251,96.8,84.5,32.7,M
Male,1794,705,951,827,317,387,1126,927,564,358,1141,95.1,82.7,31.7,M
Male,1763,1076,1112,1101,363,434,1291,934,733,450,1143,111.2,110.1,36.3,XXL
Male,1831,957,1133,1047,366,404,1211,953,661,395,1204,113.3,104.7,36.6,XXL
Male,1640,958,1162,1070,364,398,1234,851,678,437,1048,116.2,107.0,36.4,XXL
Male,1687,983,1177,1135,372,432,1185,894,674,441,1117,117.7,113.5,37.2,XXXL
Male,1827,675,963,759,324,366,1096,927,521,342,1206,96.3,75.9,32.4,M
Male,1798,798,1001,888,338,404,1175,901,589,392,1146,100.1,88.8,33.8,L
Male,1708,912,1065,981,392,404,1231,925,719,421,1108,106.5,98.1,39.2,XL
Male,1753,876,1037,956,368,395,1204,894,663,416,1099,103.7,95.6,36.8,L
Male,1793,783,994,928,346,372,1135,906,623,381,1172,99.4,92.8,34.6,L
Male,1858,849,1030,850,350,404,1200,930,566,398,1214,103.0,85.0,35.0,L
Male,1677,603,867,743,311,373,1044,880,533,336,1074,86.7,74.3,31.1,S
Male,1744,887,1063,970,356,391,1148,883,652,433,1112,106.3,97.0,35.6,XL
Male,1805,947,1066,970,355,388,1213,947,656,403,1121,106.6,97.0,35.5,XL
Male,1623,708,988,932,317,386,1111,837,579,368,1038,98.8,93.2,31.7,L
Male,1754,860,1022,857,320,410,1211,950,643,389,1132,102.2,85.7,32.0,L
Male,1743,743,1003,807,346,395,1148,912,573,365,1143,100.3,80.7,34.6,M
Male,1718,946,1110,1001,326,419,1172,872,668,433,1105,111.0,100.1,32.6,XL
Male,1697,889,1068,1052,368,407,1153,852,686,405,1094,106.8,105.2,36.8,XXL
Male,1881,956,1058,961,352,408,1220,960,659,394,1242,105.8,96.1,35.2,XL
Male,1755,602,908,721,306,356,1071,858,483,330,1110,90.8,72.1,30.6,S
Male,1738,1153,1247,1175,402,438,1317,915,775,440,1103,124.7,117.5,40.2,XXXL
Male,1786,947,1096,983,366,393,1228,870,692,430,1146,109.6,98.3,36.6,XL
Male,1714,720,981,816,323,393,1115,852,582,366,1098,98.1,81.6,32.3,M
Male,1703,752,983,858,337,394,1123,845,608,380,1111,98.3,85.8,33.7,M
Male,1650,669,942,801,319,362,1095,850,588,374,1003,94.2,80.1,31.9,M
Male,1839,1062,1108,1026,375,413,1259,899,748,420,1203,110.8,102.6,37.5,XL
Male,1652,1088,1184,1095,395,432,1261,888,798,449,1074,118.4,109.5,39.5,XXL
Male,1726,710,984,767,324,388,1154,864,587,375,1106,98.4,76.7,32.4,M
Male,1738,997,1133,1082,366,436,1248,878,674,413,1114,113.3,108.2,36.6,XXL
Male,1740,916,1139,967,328,397,1256,906,610,420,1144,113.9,96.7,32.8,XL
Male,1647,947,1170,1073,348,443,1302,887,668,404,1002,117.0,107.3,34.8,XXL
Male,1702,761,1053,933,346,380,1152,916,581,385,1098,105.3,93.3,34.6,L
Male,1637,950,1196,1139,337,429,1274,851,641,392,1039,119.6,113.9,33.7,XXXL
Male,1657,773,1037,867,317,387,1149,844,595,388,1069,103.7,86.7,31.7,L
Male,1775,846,1046,904,334,399,1180,937,631,384,1112,104.6,90.4,33.4,L
Male,1777,917,1122,1006,362,385,1191,898,683,390,1145,112.2,100.6,36.2,XL
Male,1774,1008,1133,1156,386,435,1185,920,630,428,1125,113.3,115.6,38.6,XXXL
Male,1706,821,1081,964,338,373,1174,894,617,384,1077,108.1,96.4,33.8,XL
Male,1788,747,1008,933,344,375,1129,917,562,354,1156,100.8,93.3,34.4,L
Male,1886,1107,1159,1047,384,399,1301,987,743,422,1191,115.9,104.7,38.4,XXL
Male,1683,774,993,910,333,381,1158,909,590,399,1069,99.3,91.0,33.3,L
Male,1900,1271,1267,1254,416,448,1314,965,770,430,1202,126.7,125.4,41.6,XXXL
Male,1786,842,1104,996,343,428,1124,912,577,374,1161,110.4,99.6,34.3,XL
Male,1712,792,1048,960,344,384,1171,894,612,373,1102,104.8,96.0,34.4,XL
Male,1760,848,1102,892,334,416,1234,919,605,399,1162,110.2,89.2,33.4,XL
Male,1711,832,1083,1002,347,404,1108,862,654,358,1069,108.3,100.2,34.7,XL
Male,1720,880,1113,1021,342,368,1089,880,641,404,1152,111.3,102.1,34.2,XL
Male,1798,887,1039,972,377,389,1178,880,652,403,1141,103.9,97.2,37.7,XL
Male,1730,1067,1234,1171,386,423,1257,915,701,417,1164,123.4,117.1,38.6,XXXL
Male,1740,908,1081,1020,333,398,1143,864,647,409,1070,108.1,102.0,33.3,XL
Male,1755,699,954,811,325,378,1097,893,549,382,1145,95.4,81.1,32.5,M
Male,1837,1009,1120,1115,376,417,1211,967,633,400,1173,112.0,111.5,37.6,XXL
Male,1726,813,1063,1020,368,365,1176,901,638,400,1111,106.3,102.0,36.8,XL
Male,1790,967,1141,1036,361,419,1222,955,647,407,1149,114.1,103.6,36.1,XL
Male,1731,724,957,826,348,364,1108,870,611,387,1081,95.7,82.6,34.8,M
Male,1663,656,948,795,327,384,1116,851,548,332,1048,94.8,79.5,32.7,M
Male,1818,1054,1151,1036,377,400,1240,930,715,427,1167,115.1,103.6,37.7,XL
Male,1777,958,1077,1009,363,411,1211,909,664,429,1155,107.7,100.9,36.3,XL
Male,1786,1135,1187,1076,367,467,1325,945,752,452,1155,118.7,107.6,36.7,XXL
Male,1799,886,1123,934,343,372,1247,929,605,385,1187,112.3,93.4,34.3,XL
Male,1855,834,1072,903,338,387,1130,938,614,382,1221,107.2,90.3,33.8,L
Male,1726,834,1005,923,346,404,1174,867,607,354,1089,100.5,92.3,34.6,L
Male,1708,862,1025,904,346,395,1157,890,658,430,1097,102.5,90.4,34.6,L
Male,1748,738,955,846,326,375,1115,866,602,358,1104,95.5,84.6,32.6,M
Male,1757,760,960,872,327,379,1105,880,587,391,1110,96.0,87.2,32.7,M
Male,1800,778,1055,805,314,378,1213,949,567,378,1171,105.5,80.5,31.4,L
Male,1749,931,1126,956,351,425,1268,923,646,403,1106,112.6,95.6,35.1,XL
Male,1706,695,934,838,326,373,1112,864,568,355,1062,93.4,83.8,32.6,M
Male,1980,1017,1041,939,378,406,1226,983,633,412,1254,104.1,93.9,37.8,L
Male,1747,815,1047,960,347,386,1137,889,606,357,1132,104.7,96.0,34.7,XL
Male,1816,1006,1134,1018,376,418,1218,913,669,423,1140,113.4,101.8,37.6,XL
Male,1719,606,905,761,318,334,1050,843,529,329,1108,90.5,76.1,31.8,S
Male,1790,778,926,871,351,390,1120,890,601,391,1145,92.6,87.1,35.1,M
Male,1688,650,936,838,337,389,1076,858,567,335,1083,93.6,83.8,33.7,M
Male,1762,1126,1228,1137,391,424,1319,900,717,439,1141,122.8,113.7,39.1,XXXL
Male,1694,907,1070,978,337,467,1258,869,665,419,1066,107.0,97.8,33.7,XL
Male,1764,815,1036,843,320,384,1202,938,609,388,1129,103.6,84.3,32.0,L
Male,1727,673,957,777,317,381,1152,887,540,358,1143,95.7,77.7,31.7,M
Male,1840,727,987,810,314,379,1111,905,547,349,1199,98.7,81.0,31.4,M
Male,1735,829,1054,944,344,390,1194,920,628,396,1109,105.4,94.4,34.4,L
Male,1758,936,1091,1004,363,414,1218,891,677,413,1107,109.1,100.4,36.3,XL
Male,1802,932,1090,947,358,404,1188,922,629,416,1132,109.0,94.7,35.8,L
Male,1802,879,1056,858,341,416,1211,889,654,375,1126,105.6,85.8,34.1,L
Male,1800,951,1140,990,360,394,1195,955,657,414,1122,114.0,99.0,36.0,XL
Male,1769,756,984,887,353,366,1122,896,601,375,1142,98.4,88.7,35.3,L
Male,1897,780,976,833,328,385,1172,984,549,358,1232,97.6,83.3,32.8,M
Male,1690,926,1147,996,375,420,1253,917,688,423,1049,114.7,99.6,37.5,XL
Male,1786,1302,1282,1168,408,445,1347,963,809,485,1189,128.2,116.8,40.8,XXXL
Male,1907,821,1057,912,345,382,1174,961,561,366,1252,105.7,91.2,34.5,L
Male,1779,1098,1183,1113,387,426,1231,905,733,428,1128,118.3,111.3,38.7,XXL
Male,1861,956,1098,897,353,394,1252,932,645,409,1153,109.8,89.7,35.3,L
Male,1685,633,942,753,316,378,1100,880,528,355,1085,94.2,75.3,31.6,M
Male,1797,971,1083,981,354,483,1220,917,651,413,1133,108.3,98.1,35.4,XL
Male,1687,760,979,805,317,367,1161,942,612,415,1098,97.9,80.5,31.7,M
Male,1805,926,1104,1003,358,413,1183,912,646,395,1144,110.4,100.3,35.8,XL
Male,1755,1084,1202,1162,392,420,1220,930,722,435,1108,120.2,116.2,39.2,XXXL
Male,1702,562,862,757,304,360,1050,885,511,328,1094,86.2,75.7,30.4,S
Male,1746,874,1042,943,335,403,1218,913,663,409,1115,104.2,94.3,33.5,L
Male,1670,633,947,824,322,372,1071,813,524,340,992,94.7,82.4,32.2,M
Male,1624,826,1077,1017,356,425,1144,829,637,374,999,107.7,101.7,35.6,XL
Male,1751,1033,1152,1117,393,430,1237,933,698,411,1158,115.2,111.7,39.3,XXL
Male,1770,772,1002,880,328,375,1145,916,593,360,1163,100.2,88.0,32.8,L
Male,1722,880,1059,1005,344,410,1162,869,655,392,1122,105.9,100.5,34.4,XL
Male,1681,1050,1196,1182,374,423,1281,914,734,417,1147,119.6,118.2,37.4,XXXL
Male,1779,982,1128,1020,360,418,1256,943,664,412,1155,112.8,102.0,36.0,XL
Male,1930,689,910,760,309,346,1082,962,533,323,1214,91.0,76.0,30.9,S
Male,1796,853,1022,960,346,387,1146,860,635,388,1106,102.2,96.0,34.6,XL
Male,1658,984,1181,1200,372,402,1214,869,677,399,1038,118.1,120.0,37.2,XXXL
Male,1582,681,971,870,327,383,1119,815,574,371,977,97.1,87.0,32.7,M
Male,1807,1129,1227,1122,410,400,1240,952,774,419,1197,122.7,112.2,41.0,XXXL
Male,1929,939,1009,861,333,393,1236,1005,663,400,1247,100.9,86.1,33.3,M
Male,1743,994,1110,974,352,447,1246,936,672,447,1140,111.0,97.4,35.2,XL
Male,1714,1054,1112,1195,371,443,1170,957,699,429,1145,111.2,119.5,37.1,XXXL
Male,1697,664,987,835,323,360,1050,842,571,342,1017,98.7,83.5,32.3,M
Male,1727,753,1022,972,324,388,1140,866,568,362,1094,102.2,97.2,32.4,XL
Male,1709,1095,1216,1113,394,427,1243,910,753,475,1093,121.6,111.3,39.4,XXL
Male,1751,679,927,785,316,384,1089,865,546,358,1116,92.7,78.5,31.6,S
Male,1719,757,962,802,347,375,1123,896,628,361,1104,96.2,80.2,34.7,M
Male,1817,996,1066,1020,380,407,1215,922,687,437,1137,106.6,102.0,38.0,XL
Male,1927,981,1035,904,347,411,1213,973,661,432,1216,103.5,90.4,34.7,L
Male,1851,1116,1123,1095,381,412,1280,962,729,432,1167,112.3,109.5,38.1,XXL
Male,1808,729,969,793,324,368,1157,907,576,363,1147,96.9,79.3,32.4,M
Male,1663,983,1203,1102,356,413,1205,880,697,435,1038,120.3,110.2,35.6,XXL
Male,1834,865,978,955,363,373,1124,935,674,415,1202,97.8,95.5,36.3,L
Male,1815,1239,1248,1113,401,477,1321,932,772,482,1135,124.8,111.3,40.1,XXL
Male,1700,631,891,802,318,372,1091,866,533,342,1063,89.1,80.2,31.8,M
Male,1808,965,1116,1027,372,397,1214,910,687,400,1135,111.6,102.7,37.2,XL
Male,1722,778,1039,839,323,400,1185,890,608,383,1083,103.9,83.9,32.3,L
Male,1679,682,926,825,316,366,1092,850,580,367,1078,92.6,82.5,31.6,M
Male,1775,876,1004,896,329,400,1220,910,655,389,1121,100.4,89.6,32.9,L
Male,1826,1028,1122,1082,378,440,1210,920,678,420,1169,112.2,108.2,37.8,XXL
Male,1767,935,1106,967,363,392,1251,932,688,417,1125,110.6,96.7,36.3,XL
Male,1685,784,1032,910,346,375,1165,871,620,387,1040,103.2,91.0,34.6,L
Male,1735,914,1146,1020,342,414,1146,902,633,415,1076,114.6,102.0,34.2,XL
Male,1668,875,1054,922,332,403,1235,873,663,442,1069,105.4,92.2,33.2,L
Male,1678,637,942,728,294,365,1113,885,529,342,1048,94.2,72.8,29.4,M
Male,1808,939,1090,975,351,432,1261,928,641,375,1134,109.0,97.5,35.1,XL
Male,1846,729,944,874,346,381,1098,925,554,363,1191,94.4,87.4,34.6,M
Male,1771,841,1006,868,365,365,1157,858,698,400,1137,100.6,86.8,36.5,M
Male,1774,877,1066,977,350,392,1161,903,644,385,1166,106.6,97.7,35.0,XL
Male,1748,965,1147,1019,354,404,1206,875,693,421,1105,114.7,101.9,35.4,XL
Male,1789,991,1083,910,366,394,1221,951,755,440,1153,108.3,91.0,36.6,L
Male,1825,1001,1130,1058,362,418,1216,938,652,415,1127,113.0,105.8,36.2,XXL
Male,1698,872,1062,933,344,428,1216,927,614,400,1062,106.2,93.3,34.4,L
Male,1850,1131,1174,1100,411,434,1263,944,757,441,1177,117.4,110.0,41.1,XXL
Male,1766,744,973,860,332,377,1111,866,601,368,1125,97.3,86.0,33.2,M
Male,1638,647,919,748,318,361,1095,840,548,360,1015,91.9,74.8,31.8,S
Male,1818,1019,1172,1007,363,412,1247,920,688,420,1156,117.2,100.7,36.3,XL
Male,1664,681,927,883,326,368,1115,855,581,374,1044,92.7,88.3,32.6,L
Male,1902,892,1076,992,346,405,1228,966,628,370,1206,107.6,99.2,34.6,XL
Male,1722,824,1037,853,323,401,1202,933,623,392,1102,103.7,85.3,32.3,L
Male,1833,793,981,888,344,374,1175,928,595,351,1146,98.1,88.8,34.4,L
Male,1847,1166,1182,1146,386,448,1302,950,714,439,1167,118.2,114.6,38.6,XXXL
Male,1690,948,1117,1127,358,418,1183,857,688,405,1072,111.7,112.7,35.8,XXXL
Male,1934,1132,1178,982,351,409,1326,1043,685,445,1281,117.8,98.2,35.1,XL
Male,1807,1093,1154,1153,382,412,1253,938,729,418,1177,115.4,115.3,38.2,XXXL
Male,1651,688,993,832,329,352,1108,848,603,378,994,99.3,83.2,32.9,M
Male,1768,1052,1167,1102,391,410,1265,958,679,443,1158,116.7,110.2,39.1,XXL
Male,1812,768,1007,873,348,351,1115,906,606,392,1167,100.7,87.3,34.8,M
Male,1743,927,1101,1017,365,408,1233,895,660,407,1065,110.1,101.7,36.5,XL
Male,1715,820,1059,875,332,392,1158,870,617,410,1067,105.9,87.5,33.2,L
Male,1681,877,1131,996,349,418,1197,894,650,403,1066,113.1,99.6,34.9,XL
Male,1847,825,1054,883,335,393,1193,942,596,373,1107,105.4,88.3,33.5,L
Male,1684,762,988,859,332,394,1106,855,600,390,1053,98.8,85.9,33.2,M
Male,1865,894,1059,887,359,382,1190,950,626,424,1168,105.9,88.7,35.9,L
Male,1732,791,1053,917,320,401,1139,884,588,366,1096,105.3,91.7,32.0,L
Male,1655,677,965,878,336,360,1125,848,564,373,1061,96.5,87.8,33.6,M
Male,1759,850,1038,970,355,386,1160,880,635,404,1122,103.8,97.0,35.5,XL
Male,1764,750,997,821,331,390,1153,916,566,361,1043,99.7,82.1,33.1,M
Male,1740,780,1028,888,332,403,1168,932,596,403,1124,102.8,88.8,33.2,L
Male,1766,752,975,782,327,376,1106,881,590,376,1098,97.5,78.2,32.7,M
Male,1656,706,1008,893,338,383,1096,854,588,353,1048,100.8,89.3,33.8,L
Male,1681,596,901,730,308,378,1050,820,502,350,1020,90.1,73.0,30.8,S
Male,1658,861,994,953,334,408,1165,874,651,423,1051,99.4,95.3,33.4,L
Male,1588,552,889,742,287,344,1047,809,528,340,1014,88.9,74.2,28.7,S
Male,1754,723,947,835,302,377,1109,875,582,354,1097,94.7,83.5,30.2,M
Male,1788,907,1107,970,352,407,1230,918,638,389,1143,110.7,97.0,35.2,XL
Male,1806,690,938,780,326,360,1144,900,559,344,1135,93.8,78.0,32.6,S
Male,1697,959,1122,1085,394,433,1237,866,668,403,1072,112.2,108.5,39.4,XXL
Male,1770,690,959,775,321,377,1190,920,549,348,1105,95.9,77.5,32.1,M
Male,1796,840,1055,873,331,375,1210,900,619,384,1155,105.5,87.3,33.1,L
Male,1815,792,1017,853,334,371,1151,913,616,378,1124,101.7,85.3,33.4,M
Male,1756,706,943,844,336,388,1120,890,548,352,1083,94.3,84.4,33.6,M
Male,1701,791,1031,893,359,398,1201,875,615,367,1088,103.1,89.3,35.9,L
Male,1751,887,1128,904,348,387,1250,931,656,412,1109,112.8,90.4,34.8,XL
Male,1801,871,1032,880,334,406,1208,919,624,391,1149,103.2,88.0,33.4,L
Male,1737,874,1028,903,354,377,1150,867,672,384,1057,102.8,90.3,35.4,L
Male,1785,812,1046,901,361,373,1155,911,625,375,1135,104.6,90.1,36.1,L
Male,1771,875,1047,980,338,393,1208,896,650,400,1131,104.7,98.0,33.8,XL
Male,1771,772,962,847,339,390,1133,890,626,375,1133,96.2,84.7,33.9,M
Male,1580,654,949,811,312,380,1125,821,591,338,964,94.9,81.1,31.2,M
Male,1685,872,1114,1005,351,394,1231,889,664,372,1089,111.4,100.5,35.1,XL
Male,1675,700,971,875,314,412,1138,837,548,339,988,97.1,87.5,31.4,M
Male,1675,785,1033,944,332,392,1156,889,608,397,1041,103.3,94.4,33.2,L
Male,1690,870,1118,980,367,415,1170,901,604,415,1051,111.8,98.0,36.7,XL
Male,1593,700,1027,836,301,390,1143,833,582,375,983,102.7,83.6,30.1,L
Male,1737,824,1064,965,335,388,1156,892,598,378,1104,106.4,96.5,33.5,XL
Male,1693,813,1073,949,338,422,1169,893,623,385,1069,107.3,94.9,33.8,L
Male,1706,873,1088,968,331,428,1194,899,615,408,1112,108.8,96.8,33.1,XL
Male,1888,787,968,836,338,371,1188,945,574,378,1208,96.8,83.6,33.8,M
Male,1706,748,1020,815,319,375,1190,908,604,352,1105,102.0,81.5,31.9,L
Male,1841,793,987,812,339,397,1183,920,571,368,1151,98.7,81.2,33.9,M
Male,1906,942,1061,1037,360,408,1243,990,613,394,1225,106.1,103.7,36.0,XL
Male,1866,867,994,925,342,390,1175,930,612,390,1177,99.4,92.5,34.2,L
Male,1788,889,1127,1008,345,398,1266,930,602,397,1167,112.7,100.8,34.5,XL
Male,1887,970,1069,933,373,404,1231,979,655,398,1221,106.9,93.3,37.3,L
Male,1687,938,1107,1074,371,438,1254,911,668,392,1083,110.7,107.4,37.1,XXL
Male,1724,1046,1242,1137,362,459,1246,923,628,452,1096,124.2,113.7,36.2,XXXL
Male,1710,768,989,838,325,383,1168,920,602,402,1080,98.9,83.8,32.5,M
Male,1763,1104,1211,1127,377,466,1292,911,696,457,1162,121.1,112.7,37.7,XXXL
Male,1722,991,1135,1080,365,439,1216,866,688,403,1114,113.5,108.0,36.5,XXL
Male,1722,837,1017,1014,346,397,1105,850,644,415,1062,101.7,101.4,34.6,XL
Male,1659,687,1000,818,318,370,1155,876,551,367,1027,100.0,81.8,31.8,M
Male,1741,885,1092,1002,366,388,1183,893,632,390,1073,109.2,100.2,36.6,XL
Male,1710,869,1113,1000,358,413,1147,879,613,406,1113,111.3,100.0,35.8,XL
Male,1774,1034,1127,1100,381,406,1230,945,705,415,1119,112.7,110.0,38.1,XXL
Male,1730,792,1019,900,329,402,1150,839,636,363,1036,101.9,90.0,32.9,L
Male,1798,651,939,817,316,360,1094,902,518,330,1153,93.9,81.7,31.6,M
Male,1738,831,1044,976,339,400,1155,908,577,372,1120,104.4,97.6,33.9,XL
Male,1781,999,1125,1090,369,411,1260,957,651,373,1194,112.5,109.0,36.9,XXL
Male,1623,968,1219,1071,361,433,1240,849,694,426,1041,121.9,107.1,36.1,XXL
Male,1725,847,1043,916,339,431,1187,878,643,388,1062,104.3,91.6,33.9,L
Male,1756,737,1009,922,327,374,1156,910,556,365,1075,100.9,92.2,32.7,L
Male,1800,849,1097,917,357,370,1207,923,636,380,1093,109.7,91.7,35.7,L
Male,1778,985,1079,1011,362,402,1195,935,674,441,1147,107.9,101.1,36.2,XL
Male,1674,774,1025,867,345,396,1144,890,643,383,1059,102.5,86.7,34.5,L
Male,1774,855,997,872,347,393,1179,893,655,390,1147,99.7,87.2,34.7,M
Male,1705,1111,1250,1214,402,427,1333,900,718,428,1105,125.0,121.4,40.2,XXXL
Male,1749,829,1075,968,348,410,1181,911,595,372,1134,107.5,96.8,34.8,XL
Male,1821,966,1161,1051,354,428,1260,921,631,407,1135,116.1,105.1,35.4,XXL
Male,1691,665,1014,798,300,364,1140,850,544,376,1089,101.4,79.8,30.0,M
Male,1686,868,1087,980,358,415,1175,865,659,393,1015,108.7,98.0,35.8,XL
Male,1823,934,1100,971,364,405,1236,934,636,401,1134,110.0,97.1,36.4,XL
Male,1771,1123,1297,1103,379,435,1351,970,675,420,1151,129.7,110.3,37.9,XXXL
Male,1750,954,1117,998,356,407,1212,895,681,422,1090,111.7,99.8,35.6,XL
Male,1687,776,1017,883,336,378,1145,870,625,390,1049,101.7,88.3,33.6,L
Male,1642,727,1014,870,308,389,1144,849,617,367,1024,101.4,87.0,30.8,M
Male,1734,915,1132,1043,363,404,1160,852,671,427,1114,113.2,104.3,36.3,XXL
Male,1757,1076,1173,1113,360,435,1269,945,692,427,1177,117.3,111.3,36.0,XXL
Male,1784,1027,1144,1050,357,428,1243,915,716,402,1178,114.4,105.0,35.7,XXL
Male,1685,798,1072,965,348,393,1204,877,596,380,1079,107.2,96.5,34.8,XL
Male,1742,839,1017,935,347,423,1184,906,606,380,1072,101.7,93.5,34.7,L
Male,1788,888,1066,966,350,397,1234,916,635,384,1150,106.6,96.6,35.0,XL
Male,1694,891,1127,1103,344,404,1176,881,621,369,1063,112.7,110.3,34.4,XXL
Male,1873,998,1101,1007,358,424,1230,949,643,417,1214,110.1,100.7,35.8,XL
Male,1843,1161,1215,1122,374,462,1312,993,691,416,1213,121.5,112.2,37.4,XXXL
Male,1635,767,1057,955,324,403,1116,827,615,367,1016,105.7,95.5,32.4,L
Male,1833,1179,1194,1123,396,438,1308,973,754,451,1175,119.4,112.3,39.6,XXXL
Male,1919,1086,1127,995,367,407,1282,981,726,393,1249,112.7,99.5,36.7,XL
Male,1779,1329,1277,1287,413,430,1297,955,753,523,1156,127.7,128.7,41.3,XXXL
Male,1825,952,1072,983,342,435,1174,942,641,414,1192,107.2,98.3,34.2,XL
Male,1734,878,1041,973,333,411,1210,886,648,397,1108,104.1,97.3,33.3,XL
Male,1663,822,1053,939,356,383,1166,862,631,419,1030,105.3,93.9,35.6,L
Male,1718,870,1088,1000,370,396,1186,880,656,402,1105,108.8,100.0,37.0,XL
Male,1814,954,1080,893,336,412,1197,915,690,394,1127,108.0,89.3,33.6,L
Male,1760,835,1066,996,342,403,1141,924,623,365,1115,106.6,99.6,34.2,XL
Male,1631,672,977,847,301,370,1067,833,553,356,1024,97.7,84.7,30.1,M
Male,1740,938,1149,1058,348,438,1203,922,607,397,1132,114.9,105.8,34.8,XXL
Male,1749,913,1106,988,344,402,1274,950,635,398,1136,110.6,98.8,34.4,XL
Male,1757,947,1144,1029,366,436,1231,923,635,398,1141,114.4,102.9,36.6,XL
Male,1870,964,1124,1062,352,418,1181,920,634,396,1163,112.4,106.2,35.2,XXL
Male,1754,720,971,793,314,375,1100,883,535,366,1126,97.1,79.3,31.4,M
Male,1700,666,948,805,326,366,1074,851,577,350,1108,94.8,80.5,32.6,M
Male,1683,700,1034,873,311,384,1157,840,553,334,1017,103.4,87.3,31.1,L
Male,1717,767,1056,931,313,397,1120,863,596,385,1090,105.6,93.1,31.3,L
Male,1820,785,969,835,341,400,1133,930,570,385,1117,96.9,83.5,34.1,M
Male,1705,1209,1336,1223,405,514,1318,910,753,442,1080,133.6,122.3,40.5,XXXL
Male,1844,1100,1233,1118,392,421,1217,961,677,415,1157,123.3,111.8,39.2,XXL
Male,1727,781,1062,912,340,395,1150,884,579,384,1065,106.2,91.2,34.0,L
Male,1697,761,1015,866,322,373,1086,881,578,386,1022,101.5,86.6,32.2,M
Male,1695,723,986,844,337,380,1146,851,603,373,1027,98.6,84.4,33.7,M
Male,1781,820,987,860,340,407,1160,900,583,402,1092,98.7,86.0,34.0,M
Male,1784,798,1072,930,362,390,1174,902,582,375,1112,107.2,93.0,36.2,L
Male,1719,779,1024,898,312,390,1127,900,622,368,1141,102.4,89.8,31.2,L
Male,1757,798,1037,880,356,381,1196,880,621,407,1136,103.7,88.0,35.6,L
Male,1744,680,949,826,322,362,1122,874,546,349,1107,94.9,82.6,32.2,M
Male,1787,1096,1254,1052,368,437,1284,940,710,447,1147,125.4,105.2,36.8,XXL
Male,1733,858,1130,982,336,405,1189,895,593,392,1083,113.0,98.2,33.6,XL
Male,1698,829,1077,1010,352,378,1118,833,583,395,1078,107.7,101.0,35.2,XL
Male,1874,1162,1174,1073,386,425,1312,910,697,488,1130,117.4,107.3,38.6,XXL
Male,1774,774,999,887,338,390,1163,925,588,352,1149,99.9,88.7,33.8,L
Male,1823,989,1093,1024,368,417,1218,930,669,394,1166,109.3,102.4,36.8,XL
Male,1753,844,1071,850,334,386,1205,940,608,407,1103,107.1,85.0,33.4,L
Male,1793,851,1106,870,342,404,1228,918,607,410,1066,110.6,87.0,34.2,XL
Male,1679,731,1024,897,323,375,1174,867,563,365,1092,102.4,89.7,32.3,L
Male,1682,776,1038,948,331,385,1178,878,623,360,1098,103.8,94.8,33.1,L
Male,1761,754,994,789,341,379,1153,903,587,383,1085,99.4,78.9,34.1,M
Male,1717,963,1149,1010,355,442,1232,916,678,430,1108,114.9,101.0,35.5,XL
Male,1755,863,1044,955,349,401,1182,893,634,410,1121,104.4,95.5,34.9,L
Male,1681,928,1180,985,358,430,1272,890,626,427,1067,118.0,98.5,35.8,XXL
Male,1800,836,1043,975,327,399,1176,893,572,386,1080,104.3,97.5,32.7,XL
Male,1862,1369,1265,1325,428,442,1342,985,823,484,1162,126.5,132.5,42.8,XXXL
Male,1706,861,1058,1026,341,404,1150,857,638,395,1074,105.8,102.6,34.1,XL
Male,1788,786,1007,926,342,384,1172,900,582,365,1105,100.7,92.6,34.2,L
Male,1712,1055,1177,1100,371,420,1330,932,712,442,1103,117.7,110.0,37.1,XXL
Male,1663,693,950,825,334,363,1065,847,589,365,1030,95.0,82.5,33.4,M
Male,1675,683,953,800,311,376,1111,834,581,355,1052,95.3,80.0,31.1,M
Male,1707,587,888,729,301,353,1090,858,515,321,1080,88.8,72.9,30.1,S
Male,1635,712,999,850,353,390,1106,847,612,373,1028,99.9,85.0,35.3,M
Male,1694,746,1029,891,328,380,1153,910,590,370,1023,102.9,89.1,32.8,L
Male,1740,995,1223,1097,356,436,1270,960,661,395,1111,122.3,109.7,35.6,XXL
Male,1680,847,1068,938,351,398,1214,898,677,425,1024,106.8,93.8,35.1,L
Male,1885,1285,1246,1110,392,468,1360,990,729,460,1227,124.6,111.0,39.2,XXL
Male,1698,830,1074,953,333,414,1178,903,625,386,1067,107.4,95.3,33.3,L
Male,1848,881,994,893,354,400,1195,955,639,393,1188,99.4,89.3,35.4,L
Male,1697,897,1105,991,367,415,1220,905,667,400,1025,110.5,99.1,36.7,XL
Male,1814,862,1082,897,347,358,1190,965,625,402,1184,108.2,89.7,34.7,L
Male,1819,979,1052,986,357,403,1220,933,692,413,1162,105.2,98.6,35.7,XL
Male,1728,868,1022,917,332,371,1160,917,676,409,1153,102.2,91.7,33.2,L
Male,1723,693,986,731,302,385,1170,915,543,347,1111,98.6,73.1,30.2,M
Male,1808,888,1111,978,347,419,1180,922,627,363,1111,111.1,97.8,34.7,XL
Male,1786,758,986,884,326,400,1138,865,581,359,1145,98.6,88.4,32.6,L
Male,1696,703,950,780,308,385,1157,900,568,347,1075,95.0,78.0,30.8,M
Male,1747,743,1005,845,334,385,1125,881,592,377,1069,100.5,84.5,33.4,M
Male,1775,926,1025,896,364,399,1212,982,682,387,1158,102.5,89.6,36.4,L
Male,1802,903,1053,991,362,396,1190,918,638,399,1165,105.3,99.1,36.2,XL
Male,1891,908,1092,877,341,413,1264,943,602,393,1205,109.2,87.7,34.1,L
Male,1665,563,879,721,312,348,1060,853,484,339,1018,87.9,72.1,31.2,S
Male,1800,1336,1282,1334,448,410,1301,957,803,460,1127,128.2,133.4,44.8,XXXL
Male,1793,879,1009,892,343,405,1212,862,675,378,1112,100.9,89.2,34.3,L
Male,1701,839,1064,953,332,375,1202,887,629,362,1064,106.4,95.3,33.2,L
Male,1808,769,985,800,326,391,1213,920,577,365,1185,98.5,80.0,32.6,M
Male,1765,807,1044,928,342,376,1150,894,598,370,1106,104.4,92.8,34.2,L
Male,1874,1121,1272,1042,348,453,1276,969,673,419,1160,127.2,104.2,34.8,XXXL
Male,1686,676,970,794,318,374,1124,840,581,360,1008,97.0,79.4,31.8,M
Male,1676,1004,1185,1117,391,421,1257,840,718,413,1070,118.5,111.7,39.1,XXL
Male,1689,781,1072,908,345,411,1206,872,608,359,1086,107.2,90.8,34.5,L
Male,1711,709,979,800,315,376,1154,896,544,370,1083,97.9,80.0,31.5,M
Male,1887,790,932,783,331,392,1154,919,623,365,1217,93.2,78.3,33.1,S
Male,1725,688,932,785,314,384,1128,896,563,342,1093,93.2,78.5,31.4,S
Male,1762,748,989,799,320,386,1166,875,592,375,1127,98.9,79.9,32.0,M
Male,1689,746,992,865,334,403,1114,809,597,364,1038,99.2,86.5,33.4,M
Male,1735,945,1155,1062,348,422,1266,912,662,412,1093,115.5,106.2,34.8,XXL
Male,1708,797,1024,936,333,395,1156,865,601,385,1070,102.4,93.6,33.3,L
Male,1780,877,1076,943,342,390,1200,895,634,410,1101,107.6,94.3,34.2,L
Male,1783,799,1004,973,329,380,1142,905,588,355,1153,100.4,97.3,32.9,XL
Male,1778,900,1105,965,351,379,1227,907,672,357,1157,110.5,96.5,35.1,XL
Male,1814,943,1102,1015,342,387,1188,960,624,379,1213,110.2,101.5,34.2,XL
Male,1675,933,1182,1063,337,427,1202,871,619,396,1086,118.2,106.3,33.7,XXL
Male,1733,878,1088,965,333,424,1201,890,633,362,1096,108.8,96.5,33.3,XL
Male,1605,572,937,787,313,365,1071,770,525,320,985,93.7,78.7,31.3,S
Male,1738,1079,1202,1096,342,433,1260,895,653,455,1076,120.2,109.6,34.2,XXL
Male,1711,791,1054,943,344,385,1100,900,581,369,1118,105.4,94.3,34.4,L
Male,1665,780,1097,930,343,396,1142,851,610,360,1091,109.7,93.0,34.3,L
Male,1812,912,1132,955,342,429,1220,915,586,402,1150,113.2,95.5,34.2,XL
Male,1823,1166,1224,1127,375,477,1390,935,709,416,1158,122.4,112.7,37.5,XXXL
Male,1801,1107,1174,1140,386,428,1243,963,738,443,1183,117.4,114.0,38.6,XXXL
Male,1750,963,1143,1041,366,394,1183,900,668,403,1139,114.3,104.1,36.6,XXL
Male,1686,952,1158,1081,373,403,1209,875,688,436,1135,115.8,108.1,37.3,XXL
Male,1802,1055,1176,1060,364,442,1250,915,690,404,1173,117.6,106.0,36.4,XXL
Male,1820,982,1103,983,353,431,1240,960,657,392,1143,110.3,98.3,35.3,XL
Male,1757,965,1137,1046,347,424,1183,870,638,412,1076,113.7,104.6,34.7,XXL
Male,1780,959,1108,1129,355,400,1186,941,650,396,1164,110.8,112.9,35.5,XXXL
Male,1780,767,1032,882,337,391,1142,913,578,395,1162,103.2,88.2,33.7,L
Male,1682,845,1077,957,334,406,1206,883,637,407,1062,107.7,95.7,33.4,L
Male,1711,957,1173,1067,358,428,1260,881,656,406,1058,117.3,106.7,35.8,XXL
Male,1679,809,1104,931,343,400,1184,882,630,373,1067,110.4,93.1,34.3,XL
Male,1674,840,1117,966,342,407,1177,860,621,391,1081,111.7,96.6,34.2,XL
Male,1755,843,1024,931,335,390,1177,930,605,362,1097,102.4,93.1,33.5,L
Male,1706,842,1076,981,359,390,1201,875,688,393,1085,107.6,98.1,35.9,XL
Male,1850,870,1058,924,359,396,1191,940,612,412,1184,105.8,92.4,35.9,L
Male,1676,649,949,814,329,370,1118,841,557,343,1074,94.9,81.4,32.9,M
Male,1908,944,1057,976,347,404,1213,955,614,400,1205,105.7,97.6,34.7,XL
Male,1825,926,1082,1025,341,409,1250,923,639,395,1162,108.2,102.5,34.1,XL
Male,1799,973,1217,1038,367,423,1240,967,617,409,1177,121.7,103.8,36.7,XXL
Male,1810,810,1016,939,347,370,1089,926,585,369,1158,101.6,93.9,34.7,L
Male,1792,802,1052,899,343,394,1205,921,613,358,1157,105.2,89.9,34.3,L
Male,1722,667,923,796,305,366,1103,865,522,383,1103,92.3,79.6,30.5,S
Male,1713,840,1056,937,347,401,1220,893,642,391,1106,105.6,93.7,34.7,L
Male,1775,923,1155,983,337,422,1253,910,637,386,1137,115.5,98.3,33.7,XL
Male,1861,887,1110,845,325,388,1290,980,602,385,1227,111.0,84.5,32.5,XL
Male,1660,790,1036,957,334,385,1150,852,613,394,1063,103.6,95.7,33.4,L
Male,1754,1102,1237,1167,396,433,1255,896,730,418,1134,123.7,116.7,39.6,XXXL
Male,1762,829,1043,939,348,385,1085,887,609,417,1159,104.3,93.9,34.8,L
Male,1724,883,1068,1025,356,423,1155,853,652,382,1132,106.8,102.5,35.6,XL
Male,1627,826,1177,1039,333,426,1130,858,580,353,1045,117.7,103.9,33.3,XL
Male,1731,1074,1158,1073,406,408,1236,876,765,445,1067,115.8,107.3,40.6,XXL
Male,1862,750,992,900,334,370,1118,923,562,323,1167,99.2,90.0,33.4,L
Male,1834,1004,1128,1100,381,408,1180,925,679,414,1150,112.8,110.0,38.1,XXL
Male,1881,1264,1287,1128,381,440,1370,978,772,455,1202,128.7,112.8,38.1,XXXL
Male,1770,957,1120,1042,365,392,1192,901,699,407,1125,112.0,104.2,36.5,XXL
Male,1675,894,1104,1028,355,425,1231,866,680,405,1049,110.4,102.8,35.5,XL
Male,1721,849,1067,987,357,391,1182,905,617,403,1117,106.7,98.7,35.7,XL
Male,1673,930,1126,1052,356,424,1180,864,676,388,1041,112.6,105.2,35.6,XXL
Male,1909,1193,1218,1137,386,470,1344,1035,696,423,1225,121.8,113.7,38.6,XXXL
Male,1750,1042,1142,1080,359,437,1265,870,728,450,1083,114.2,108.0,35.9,XXL
Male,1780,907,1086,1005,344,394,1220,959,629,412,1122,108.6,100.5,34.4,XL
Male,1840,682,928,757,339,352,1131,938,524,346,1170,92.8,75.7,33.9,S
Male,1873,902,1089,932,346,397,1184,975,626,385,1215,108.9,93.2,34.6,L
Male,1780,1189,1253,1147,367,473,1316,925,696,449,1105,125.3,114.7,36.7,XXXL
Male,1768,922,1176,1054,357,438,1224,908,639,372,1173,117.6,105.4,35.7,XXL
Male,1821,1010,1151,950,369,406,1259,958,672,433,1197,115.1,95.0,36.9,XL
Male,1698,796,1123,953,322,411,1180,888,573,372,1065,112.3,95.3,32.2,XL
Male,1690,1049,1233,1120,366,442,1261,912,717,415,1073,123.3,112.0,36.6,XXXL
Male,1773,994,1117,1068,377,423,1215,905,678,428,1147,111.7,106.8,37.7,XXL
Male,1744,859,1079,958,348,414,1210,868,617,384,1075,107.9,95.8,34.8,L
Male,1733,729,988,788,329,366,1061,858,588,373,1056,98.8,78.8,32.9,M
Male,1813,696,932,808,334,393,1120,869,529,313,1127,93.2,80.8,33.4,M
Male,1834,1038,1179,1165,362,439,1206,941,619,400,1212,117.9,116.5,36.2,XXXL
Male,1864,944,1045,950,371,421,1204,875,646,405,1192,104.5,95.0,37.1,L
Male,1885,1375,1276,1300,427,441,1348,954,820,480,1186,127.6,130.0,42.7,XXXL
Male,1807,853,1067,976,364,399,1144,910,606,385,1138,106.7,97.6,36.4,XL
Male,1800,843,1053,855,328,398,1144,900,646,385,1172,105.3,85.5,32.8,L
Male,1725,660,901,777,289,379,1060,856,562,366,1096,90.1,77.7,28.9,S
Male,1748,937,1136,1077,362,414,1175,877,647,424,1124,113.6,107.7,36.2,XXL
Male,1763,941,1146,1033,358,377,1215,923,668,407,1119,114.6,103.3,35.8,XL
Male,1728,770,1024,961,348,395,1117,898,568,355,1113,102.4,96.1,34.8,XL
Male,1708,937,1122,1118,368,370,1197,883,669,396,1056,112.2,111.8,36.8,XXL
Male,1657,673,942,786,329,373,1111,822,574,365,1049,94.2,78.6,32.9,M
Male,1740,830,1054,966,361,387,1141,884,642,388,1087,105.4,96.6,36.1,XL
Male,1686,783,1063,907,313,408,1162,899,604,387,1055,106.3,90.7,31.3,L
Male,1621,900,1114,1025,357,408,1204,848,700,440,1007,111.4,102.5,35.7,XL
Male,1623,673,945,795,316,384,1098,785,587,370,1024,94.5,79.5,31.6,M
Male,1629,790,1039,893,348,376,1211,850,658,389,1020,103.9,89.3,34.8,L
Male,1707,1015,1177,1108,354,452,1264,881,692,406,1068,117.7,110.8,35.4,XXL
Male,1717,574,916,736,293,357,1089,878,498,323,1119,91.6,73.6,29.3,S
Male,1767,765,946,890,358,367,1125,896,633,385,1099,94.6,89.0,35.8,L
Male,1847,919,1094,914,349,403,1202,970,625,403,1173,109.4,91.4,34.9,L
Male,1790,797,1024,851,331,357,1135,933,576,396,1155,102.4,85.1,33.1,L
Male,1697,731,961,841,331,387,1093,875,619,359,1050,96.1,84.1,33.1,M
Male,1758,1065,1209,1176,369,435,1237,923,656,442,1090,120.9,117.6,36.9,XXXL
Male,1643,675,1053,908,310,378,1114,844,551,332,1056,105.3,90.8,31.0,L
Male,1753,778,1064,828,353,415,1183,880,578,384,1130,106.4,82.8,35.3,L
Male,1759,739,963,815,317,398,1134,895,595,339,1149,96.3,81.5,31.7,M
Male,1748,779,985,887,345,386,1118,858,608,411,1132,98.5,88.7,34.5,L
Male,1834,1207,1268,1158,385,481,1285,948,711,456,1200,126.8,115.8,38.5,XXXL
Male,1712,719,956,836,336,414,1129,908,542,390,1117,95.6,83.6,33.6,M
Male,1787,871,1086,903,347,430,1230,915,632,401,1145,108.6,90.3,34.7,L
Male,1645,1034,1242,1128,361,427,1219,862,686,433,1033,124.2,112.8,36.1,XXXL
Male,1755,812,1037,831,334,377,1156,888,665,409,1132,103.7,83.1,33.4,L
Male,1765,807,1035,832,346,383,1202,883,582,382,1136,103.5,83.2,34.6,L
Male,1717,664,922,763,317,364,1068,857,546,368,1084,92.2,76.3,31.7,S
Male,1749,1002,1189,1068,368,435,1275,935,662,410,1134,118.9,106.8,36.8,XXL
Male,1758,789,976,928,333,397,1120,917,599,382,1121,97.6,92.8,33.3,L
Male,1604,836,1057,1013,350,393,1148,835,663,414,1023,105.7,101.3,35.0,XL
Male,1746,755,958,764,337,366,1120,875,602,405,1148,95.8,76.4,33.7,M
Male,1709,885,1067,968,352,392,1205,913,662,419,1098,106.7,96.8,35.2,XL
Male,1656,835,1076,1063,367,402,1155,887,652,372,1093,107.6,106.3,36.7,XXL
Male,1684,1013,1191,1140,370,427,1242,921,686,437,1057,119.1,114.0,37.0,XXXL
Male,1781,713,918,775,318,372,1154,920,550,395,1134,91.8,77.5,31.8,S
Male,1750,776,1029,853,345,399,1183,873,612,386,1096,102.9,85.3,34.5,L
Male,1737,902,1078,1030,365,419,1184,830,652,413,1134,107.8,103.0,36.5,XL
Male,1891,794,949,840,349,382,1145,925,551,357,1225,94.9,84.0,34.9,M
Male,1788,842,1054,943,346,367,1165,915,637,415,1163,105.4,94.3,34.6,L
Male,1718,932,1112,1026,371,412,1198,868,653,406,1057,111.2,102.6,37.1,XL
Male,1640,667,964,885,335,386,1059,820,577,350,1027,96.4,88.5,33.5,L
Male,1836,1043,1208,1054,368,404,1330,951,651,424,1162,120.8,105.4,36.8,XXL
Male,1604,736,1024,882,331,409,1135,821,626,397,984,102.4,88.2,33.1,L
Male,1707,809,1058,917,361,375,1133,843,642,398,1081,105.8,91.7,36.1,L
Male,1681,830,1086,995,333,412,1163,892,634,379,1054,108.6,99.5,33.3,XL
Male,1840,802,1043,927,349,386,1144,946,579,395,1148,104.3,92.7,34.9,L
Male,1711,606,871,758,297,362,1063,868,491,344,1108,87.1,75.8,29.7,S
Male,1807,801,1042,924,335,398,1180,938,565,378,1153,104.2,92.4,33.5,L
Male,1739,668,986,760,315,358,1141,892,522,363,1108,98.6,76.0,31.5,M
Male,1703,811,1041,1016,351,373,1160,900,616,385,1082,104.1,101.6,35.1,XL
Male,1770,591,882,769,323,346,1055,880,506,319,1058,88.2,76.9,32.3,S
Male,1747,924,1117,1061,367,383,1141,897,654,405,1132,111.7,106.1,36.7,XXL
Male,1848,938,1170,1038,344,405,1201,940,618,405,1211,117.0,103.8,34.4,XL
Male,1788,735,981,817,321,378,1183,896,555,364,1117,98.1,81.7,32.1,M
Male,1814,885,1128,968,367,397,1256,941,627,373,1120,112.8,96.8,36.7,XL
Male,1754,855,1038,904,363,384,1214,924,634,405,1114,103.8,90.4,36.3,L
Male,1684,839,1053,954,335,400,1200,870,632,407,1069,105.3,95.4,33.5,L
Male,1764,678,914,815,312,346,1065,890,508,340,1124,91.4,81.5,31.2,M
Male,1729,811,1044,960,337,389,1176,890,591,383,1052,104.4,96.0,33.7,XL
Male,1746,930,1065,976,353,425,1200,880,664,396,1070,106.5,97.6,35.3,XL
Male,1688,846,1075,896,349,410,1199,830,635,411,1039,107.5,89.6,34.9,L
Male,1729,729,968,857,336,372,1108,852,604,385,1112,96.8,85.7,33.6,M
Male,1835,588,898,728,326,342,1068,917,472,330,1162,89.8,72.8,32.6,S
Male,1739,941,1175,1051,368,446,1236,932,635,431,1114,117.5,105.1,36.8,XXL
Male,1782,1003,1147,1021,349,440,1230,925,650,434,1150,114.7,102.1,34.9,XL
Male,1745,817,1026,980,343,368,1165,894,618,395,1161,102.6,98.0,34.3,XL
Male,1749,804,1066,876,336,390,1185,908,602,395,1139,106.6,87.6,33.6,L
Male,1720,730,1008,838,329,372,1092,887,577,377,1086,100.8,83.8,32.9,M
Male,1735,804,992,946,342,405,1143,891,619,388,1083,99.2,94.6,34.2,L
Male,1750,849,1048,911,357,397,1204,940,636,392,1135,104.8,91.1,35.7,L
Male,1772,1025,1173,1080,406,406,1242,936,717,426,1126,117.3,108.0,40.6,XXL
Male,1832,864,1046,882,353,392,1212,938,630,389,1177,104.6,88.2,35.3,L
Male,1850,1094,1170,1076,363,434,1239,943,709,432,1135,117.0,107.6,36.3,XXL
Male,1664,882,1086,916,349,414,1185,860,673,383,1036,108.6,91.6,34.9,L
Male,1675,936,1122,1101,367,431,1185,878,641,396,1033,112.2,110.1,36.7,XXL
Male,1807,920,1078,958,344,403,1203,921,652,404,1131,107.8,95.8,34.4,L
Male,1765,862,1087,944,355,408,1175,875,634,390,1109,108.7,94.4,35.5,L
Male,1792,861,1042,888,348,412,1222,894,650,395,1162,104.2,88.8,34.8,L
Male,1795,977,1203,1058,351,397,1252,950,638,420,1171,120.3,105.8,35.1,XXL
Male,1753,707,935,777,337,362,1125,880,577,364,1087,93.5,77.7,33.7,S
Male,1816,969,1106,882,355,390,1240,990,658,405,1160,110.6,88.2,35.5,XL
Male,1600,718,1042,870,332,410,1176,838,593,370,988,104.2,87.0,33.2,L
Male,1655,699,978,761,313,400,1180,845,572,379,1026,97.8,76.1,31.3,M
Male,1608,711,977,822,344,376,1121,838,594,398,975,97.7,82.2,34.4,M
Male,1753,939,1098,1014,386,399,1184,891,670,425,1132,109.8,101.4,38.6,XL
Male,1704,859,1088,907,362,404,1186,866,662,412,1027,108.8,90.7,36.2,L
Male,1887,892,1064,913,349,396,1213,917,596,392,1173,106.4,91.3,34.9,L
Male,1784,744,935,820,332,381,1174,910,572,353,1117,93.5,82.0,33.2,M
Male,1778,632,930,745,316,366,1151,892,503,340,1079,93.0,74.5,31.6,S
Male,1877,913,1063,855,341,378,1220,916,632,408,1224,106.3,85.5,34.1,L
Male,1734,716,966,795,328,391,1140,878,555,377,1148,96.6,79.5,32.8,M
Male,1808,899,1029,845,334,407,1214,929,685,403,1147,102.9,84.5,33.4,L
Male,1815,859,1004,872,324,416,1210,895,618,396,1161,100.4,87.2,32.4,M
Male,1793,826,1019,912,344,411,1165,920,610,385,1143,101.9,91.2,34.4,L
Male,1758,911,1065,917,359,386,1184,882,692,444,1144,106.5,91.7,35.9,L
Male,1772,967,1162,995,365,424,1244,923,647,422,1145,116.2,99.5,36.5,XL
Male,1694,789,1055,957,327,364,1173,896,568,379,1082,105.5,95.7,32.7,L
Male,1661,733,976,822,326,388,1161,874,608,382,1033,97.6,82.2,32.6,M
Male,1730,901,1061,902,377,420,1226,880,698,410,1123,106.1,90.2,37.7,L
Male,1653,693,956,753,308,384,1105,834,556,383,978,95.6,75.3,30.8,M
Male,1753,817,1068,960,332,392,1158,864,642,347,1135,106.8,96.0,33.2,XL
Male,1740,846,1082,918,346,401,1182,878,605,394,1085,108.2,91.8,34.6,L
Male,1711,752,952,823,342,373,1141,878,627,398,1074,95.2,82.3,34.2,M
Male,1758,944,1142,972,356,413,1246,890,663,419,1137,114.2,97.2,35.6,XL
Male,1761,693,948,843,344,366,1118,904,582,345,1153,94.8,84.3,34.4,M
Male,1725,872,1119,1063,359,390,1140,915,629,395,1112,111.9,106.3,35.9,XXL
Male,1702,749,1017,824,307,408,1184,862,577,383,1040,101.7,82.4,30.7,M
Male,1775,899,1074,970,340,398,1204,920,630,391,1098,107.4,97.0,34.0,XL
Male,1670,862,1099,1023,360,393,1202,882,650,396,1075,109.9,102.3,36.0,XL
Male,1768,825,1035,900,338,400,1194,905,613,412,1140,103.5,90.0,33.8,L
Male,1687,803,1042,933,339,382,1191,873,646,397,1061,104.2,93.3,33.9,L
Male,1700,740,1017,828,324,390,1160,884,549,366,1073,101.7,82.8,32.4,M
Male,1749,966,1171,1030,376,430,1223,932,656,418,1132,117.1,103.0,37.6,XL
Male,1710,879,1088,986,341,388,1155,852,647,394,1064,108.8,98.6,34.1,XL
Male,1924,757,986,821,346,382,1149,935,552,347,1182,98.6,82.1,34.6,M
Male,1729,882,1157,837,327,394,1295,930,623,377,1087,115.7,83.7,32.7,XL
Male,1713,733,994,797,309,394,1146,870,558,389,1105,99.4,79.7,30.9,M
Male,1737,730,993,844,328,377,1126,858,581,367,1114,99.3,84.4,32.8,M
Male,1741,1142,1208,1165,390,450,1294,950,719,470,1124,120.8,116.5,39.0,XXXL
Male,1635,780,1095,913,342,417,1130,875,612,399,1057,109.5,91.3,34.2,L
Male,1744,1019,1187,1068,358,407,1257,915,685,430,1079,118.7,106.8,35.8,XXL
Male,1745,1095,1238,1147,386,420,1239,898,696,438,1117,123.8,114.7,38.6,XXXL
Male,1744,687,939,746,311,376,1130,887,551,374,1087,93.9,74.6,31.1,S
Male,1733,997,1196,1131,383,453,1218,895,660,415,1084,119.6,113.1,38.3,XXXL
Male,1786,1021,1135,1100,386,449,1210,896,709,405,1098,113.5,110.0,38.6,XXL
Male,1797,950,1117,1083,366,416,1190,950,636,417,1180,111.7,108.3,36.6,XXL
Male,1824,838,1039,964,356,400,1176,933,617,385,1156,103.9,96.4,35.6,XL
Male,1648,970,1174,1100,372,424,1246,864,697,435,1038,117.4,110.0,37.2,XXL
Male,1627,697,973,791,328,379,1186,850,596,363,965,97.3,79.1,32.8,M
Male,1793,1012,1147,1111,369,456,1216,913,693,419,1141,114.7,111.1,36.9,XXL
Male,1703,625,873,771,310,367,1061,848,516,353,997,87.3,77.1,31.0,S
Male,1810,1051,1159,1054,375,401,1198,906,676,458,1137,115.9,105.4,37.5,XXL
Male,1868,898,1044,894,367,410,1199,938,674,421,1158,104.4,89.4,36.7,L
Male,1698,914,1130,1002,358,417,1144,845,648,410,1062,113.0,100.2,35.8,XL
Male,1720,805,1056,911,347,415,1164,894,608,409,1097,105.6,91.1,34.7,L
Male,1752,770,1004,907,345,390,1180,905,568,375,1117,100.4,90.7,34.5,L
Male,1682,980,1108,1010,375,414,1233,870,716,413,1035,110.8,101.0,37.5,XL
Male,1853,1020,1106,987,393,410,1154,907,728,433,1192,110.6,98.7,39.3,XL
Male,1777,783,1019,851,338,383,1126,882,603,360,1068,101.9,85.1,33.8,M
Male,1728,801,1056,901,349,406,1181,856,582,372,1074,105.6,90.1,34.9,L
Male,1726,912,1120,1014,356,421,1246,926,670,399,1134,112.0,101.4,35.6,XL
Male,1651,787,1093,933,337,406,1190,858,599,374,1000,109.3,93.3,33.7,L
Male,1674,607,943,755,312,370,1104,850,515,340,1004,94.3,75.5,31.2,M
Male,1753,798,1023,837,338,402,1162,888,591,364,1076,102.3,83.7,33.8,L
Male,1721,1011,1153,1066,357,444,1237,928,697,430,1065,115.3,106.6,35.7,XXL
Male,1783,890,1042,946,349,405,1213,905,664,395,1098,104.2,94.6,34.9,L
Male,1732,690,962,830,332,382,1122,860,569,325,1103,96.2,83.0,33.2,M
Male,1787,684,974,771,326,378,1155,870,501,345,1165,97.4,77.1,32.6,M
Male,1766,1085,1183,1092,381,407,1193,930,709,445,1146,118.3,109.2,38.1,XXL
Male,1723,655,964,786,313,374,1108,866,507,361,1054,96.4,78.6,31.3,M
Male,1757,797,977,873,355,388,1161,865,614,402,1042,97.7,87.3,35.5,M
Male,1700,845,1017,933,357,413,1167,885,663,406,1062,101.7,93.3,35.7,L
Male,1750,578,853,720,303,348,1057,833,459,352,1076,85.3,72.0,30.3,S
Male,1637,962,1159,1036,367,423,1242,880,665,421,989,115.9,103.6,36.7,XL
Male,1773,921,1121,916,352,411,1226,906,664,398,1081,112.1,91.6,35.2,XL
Male,1702,1093,1253,1191,386,486,1303,895,652,414,1096,125.3,119.1,38.6,XXXL
Male,1798,890,1084,1002,357,390,1168,933,612,405,1148,108.4,100.2,35.7,XL
Male,1796,873,1038,934,353,395,1195,935,649,403,1151,103.8,93.4,35.3,L
Male,1717,768,1017,901,333,412,1181,868,571,363,1065,101.7,90.1,33.3,L
Male,1718,819,1009,896,338,380,1142,882,632,398,1094,100.9,89.6,33.8,L
Male,1839,821,1044,850,338,385,1204,919,563,387,1119,104.4,85.0,33.8,L
Male,1619,691,990,830,318,395,1114,865,594,356,1032,99.0,83.0,31.8,M
Male,1790,913,1114,977,374,371,1226,900,683,395,1120,111.4,97.7,37.4,XL
Male,1893,882,1066,920,342,393,1243,955,607,359,1207,106.6,92.0,34.2,L
Male,1807,861,1049,875,348,401,1215,891,598,380,1117,104.9,87.5,34.8,L
Male,1746,1083,1171,1176,377,440,1243,914,698,448,1099,117.1,117.6,37.7,XXXL
Male,1760,718,952,900,332,379,1090,902,553,343,1128,95.2,90.0,33.2,L
Male,1823,1069,1200,1175,384,408,1194,928,658,380,1146,120.0,117.5,38.4,XXXL
Male,1673,883,1106,1047,352,380,1130,876,661,429,1099,110.6,104.7,35.2,XXL
Male,1724,862,1083,950,338,411,1206,878,626,404,1043,108.3,95.0,33.8,L
Male,1757,1047,1097,1100,398,410,1146,875,714,470,1086,109.7,110.0,39.8,XXL
Male,1649,682,990,841,314,383,1104,858,564,358,991,99.0,84.1,31.4,M
Male,1718,877,1087,935,364,395,1184,901,665,419,1063,108.7,93.5,36.4,L
Male,1789,776,1024,875,334,384,1166,930,538,365,1143,102.4,87.5,33.4,L
Male,1669,753,1032,877,341,402,1194,909,604,357,1063,103.2,87.7,34.1,L
Male,1732,924,1112,1016,354,406,1164,848,634,419,1107,111.2,101.6,35.4,XL
Male,1846,767,1038,858,337,400,1150,929,551,351,1116,103.8,85.8,33.7,L
Male,1737,839,1011,850,343,395,1181,847,673,414,1124,101.1,85.0,34.3,M
Male,1706,868,1095,932,340,397,1135,870,617,423,1069,109.5,93.2,34.0,L
Male,1865,1108,1144,1117,358,416,1233,977,710,422,1246,114.4,111.7,35.8,XXL
Male,1858,762,976,800,319,351,1150,955,569,398,1178,97.6,80.0,31.9,M
Male,1800,968,1147,1000,336,402,1235,893,652,417,1118,114.7,100.0,33.6,XL
Male,1640,711,931,831,332,376,1100,786,588,387,1042,93.1,83.1,33.2,M
Male,1761,1010,1118,1110,383,394,1234,880,718,417,1108,111.8,111.0,38.3,XXL
Male,1809,1012,1083,1104,372,376,1155,909,699,425,1176,108.3,110.4,37.2,XXL
Male,1675,870,1158,1056,341,427,1227,856,591,390,1088,115.8,105.6,34.1,XXL
Male,1777,979,1142,1066,392,405,1254,910,714,402,1126,114.2,106.6,39.2,XXL
Male,1818,1038,1155,1127,405,415,1186,935,697,430,1157,115.5,112.7,40.5,XXXL
Male,1770,891,1066,984,354,385,1176,920,643,399,1132,106.6,98.4,35.4,XL
Male,1668,746,996,846,331,386,1103,812,619,393,1048,99.6,84.6,33.1,M
Male,1740,840,1056,950,358,362,1141,850,619,379,1136,105.6,95.0,35.8,L
Male,1790,750,989,840,328,363,1148,897,565,393,1106,98.9,84.0,32.8,M
Male,1708,1106,1263,1176,376,416,1241,922,699,445,1075,126.3,117.6,37.6,XXXL
Male,1684,727,989,905,327,357,1120,875,598,368,1027,98.9,90.5,32.7,L
Male,1828,882,1004,885,359,394,1166,922,621,397,1131,100.4,88.5,35.9,L
Male,1682,663,877,912,327,345,1020,843,564,360,1027,87.7,91.2,32.7,L
Male,1805,852,1062,971,362,393,1141,892,610,395,1134,106.2,97.1,36.2,XL
Male,1666,734,981,846,332,386,1168,863,621,363,1049,98.1,84.6,33.2,M
Male,1727,687,974,835,346,352,1160,894,581,349,1102,97.4,83.5,34.6,M
Male,1828,925,1119,988,353,394,1175,950,649,399,1165,111.9,98.8,35.3,XL
Male,1683,762,1020,897,327,386,1111,858,576,402,1007,102.0,89.7,32.7,L
Male,1709,804,1063,868,341,373,1161,870,637,396,1073,106.3,86.8,34.1,L
Male,1696,921,1128,1046,377,421,1200,850,638,421,1099,112.8,104.6,37.7,XXL
Male,1790,914,1021,901,358,406,1200,895,640,428,1101,102.1,90.1,35.8,L
Male,1795,796,994,805,339,382,1152,930,604,390,1091,99.4,80.5,33.9,M
Male,1736,746,972,792,331,367,1107,848,590,385,1059,97.2,79.2,33.1,M
Male,1778,726,930,830,330,378,1137,895,581,359,1099,93.0,83.0,33.0,M
Male,1771,687,915,808,330,384,1121,915,538,328,1098,91.5,80.8,33.0,M
Male,1845,892,1042,917,347,421,1190,956,635,382,1183,104.2,91.7,34.7,L
Male,1738,690,936,763,324,355,1143,888,540,377,1057,93.6,76.3,32.4,S
Male,1710,682,940,784,317,375,1082,838,553,366,1052,94.0,78.4,31.7,M
Male,1645,757,1088,945,316,404,1173,880,587,365,1009,108.8,94.5,31.6,L
Male,1700,827,1036,910,340,390,1188,885,623,409,1084,103.6,91.0,34.0,L
Male,1687,801,1001,907,327,419,1124,875,629,372,1027,100.1,90.7,32.7,L
Male,1810,930,1011,1020,364,391,1160,917,682,410,1134,101.1,102.0,36.4,XL
Male,1722,760,953,906,333,381,1099,824,593,372,1023,95.3,90.6,33.3,L
Male,1788,950,1083,1033,354,411,1205,947,638,405,1106,108.3,103.3,35.4,XL
Male,1784,691,914,815,328,374,1099,874,552,365,1124,91.4,81.5,32.8,M
Male,1780,811,1012,891,334,365,1100,902,655,370,1110,101.2,89.1,33.4,L
Male,1777,847,1067,865,341,383,1196,914,618,408,1129,106.7,86.5,34.1,L
Male,1746,730,983,856,320,392,1155,890,570,363,1079,98.3,85.6,32.0,M
Male,1775,791,1035,900,331,394,1193,928,597,357,1096,103.5,90.0,33.1,L
Male,1774,963,1136,1024,372,405,1250,965,663,408,1141,113.6,102.4,37.2,XL
Male,1735,1049,1238,1120,356,475,1291,903,655,418,1107,123.8,112.0,35.6,XXXL
Male,1748,870,1027,985,378,361,1135,862,677,410,1080,102.7,98.5,37.8,XL
Male,1704,705,951,816,322,386,1111,861,582,361,1074,95.1,81.6,32.2,M
Male,1728,978,1172,1048,357,420,1262,925,664,415,1098,117.2,104.8,35.7,XXL
Male,1767,1039,1183,1108,374,453,1270,949,669,427,1105,118.3,110.8,37.4,XXL
Male,1719,969,1171,1096,373,438,1285,912,664,415,1112,117.1,109.6,37.3,XXL
Male,1878,783,975,854,325,377,1172,973,573,353,1178,97.5,85.4,32.5,M
Male,1703,836,1074,930,349,382,1165,885,646,389,1092,107.4,93.0,34.9,L
Male,1726,694,956,827,313,380,1131,852,533,355,1074,95.6,82.7,31.3,M
Male,1703,958,1144,1082,374,407,1208,880,686,410,1122,114.4,108.2,37.4,XXL
Male,1701,945,1129,988,359,410,1240,883,671,412,1105,112.9,98.8,35.9,XL
Male,1788,807,1020,972,343,400,1145,889,610,363,1108,102.0,97.2,34.3,XL
Male,1797,912,1068,1040,354,390,1164,925,636,395,1173,106.8,104.0,35.4,XXL
Male,1772,850,1038,967,343,396,1155,915,631,388,1124,103.8,96.7,34.3,XL
Male,1657,744,1007,890,331,418,1133,850,582,383,1016,100.7,89.0,33.1,L
Male,1786,980,1076,1074,387,394,1222,931,697,419,1129,107.6,107.4,38.7,XXL
Male,1743,926,1081,938,326,414,1224,936,678,403,1130,108.1,93.8,32.6,L
Male,1751,843,1109,927,334,400,1205,900,589,393,1084,110.9,92.7,33.4,XL
Male,1698,782,1023,895,346,383,1159,891,617,375,1096,102.3,89.5,34.6,L
Male,1722,969,1167,1098,362,415,1199,914,674,412,1154,116.7,109.8,36.2,XXL
Male,1663,869,1086,1001,332,433,1153,835,618,398,1026,108.6,100.1,33.2,XL
Male,1813,956,1096,965,346,408,1194,925,639,435,1110,109.6,96.5,34.6,XL
Male,1784,876,1037,995,333,386,1163,914,607,403,1108,103.7,99.5,33.3,XL
Male,1854,892,1007,940,337,378,1112,930,601,437,1178,100.7,94.0,33.7,L
Male,1653,609,934,775,326,353,1093,865,544,327,1015,93.4,77.5,32.6,S
Male,1700,796,1060,988,336,395,1157,870,574,389,1091,106.0,98.8,33.6,XL
Male,1960,981,1081,1058,383,407,1220,979,627,370,1271,108.1,105.8,38.3,XXL
Male,1734,742,993,862,332,364,1094,859,593,370,1091,99.3,86.2,33.2,M
Male,1737,955,1106,1042,367,443,1247,893,678,412,1097,110.6,104.2,36.7,XXL
Male,1838,952,1053,938,365,404,1180,920,648,420,1189,105.3,93.8,36.5,L
Male,1699,848,1125,998,340,430,1187,896,608,393,1076,112.5,99.8,34.0,XL
Male,1805,871,1099,902,354,386,1259,945,614,400,1175,109.9,90.2,35.4,L
Male,1830,1041,1158,1082,361,416,1228,914,635,415,1114,115.8,108.2,36.1,XXL
Male,1764,662,908,780,330,382,1062,827,534,348,1063,90.8,78.0,33.0,S
Male,1724,821,1055,920,359,393,1178,856,617,405,1029,105.5,92.0,35.9,L
Male,1755,844,1047,961,348,394,1183,880,614,379,1084,104.7,96.1,34.8,XL
Male,1818,876,1062,945,358,377,1183,934,609,400,1121,106.2,94.5,35.8,L
Male,1808,800,994,860,341,368,1161,924,589,395,1142,99.4,86.0,34.1,M
Male,1917,984,1130,949,358,403,1282,982,640,380,1212,113.0,94.9,35.8,XL
Male,1771,787,955,810,328,380,1154,886,626,412,1137,95.5,81.0,32.8,M
Male,1803,952,1097,939,343,399,1194,889,663,404,1122,109.7,93.9,34.3,L
Male,1792,676,899,732,314,378,1103,870,486,333,1094,89.9,73.2,31.4,S
Male,1756,683,973,825,320,380,1145,883,527,365,1125,97.3,82.5,32.0,M
Male,1780,841,1038,868,336,403,1201,912,608,386,1085,103.8,86.8,33.6,L
Male,1792,828,1016,952,339,393,1139,928,593,416,1134,101.6,95.2,33.9,L
Male,1863,937,1083,948,362,383,1220,950,667,405,1155,108.3,94.8,36.2,L
Male,1820,1060,1158,1090,388,415,1195,935,708,428,1150,115.8,109.0,38.8,XXL
Male,1798,869,1066,880,331,390,1180,898,608,383,1146,106.6,88.0,33.1,L
Male,1913,853,1014,915,338,390,1171,917,588,382,1223,101.4,91.5,33.8,L
Male,1691,753,1034,853,331,393,1220,874,597,363,1044,103.4,85.3,33.1,L
Male,1822,933,1089,955,369,393,1205,922,684,378,1149,108.9,95.5,36.9,L
Male,1718,849,1053,978,354,400,1206,880,620,393,995,105.3,97.8,35.4,XL
Male,1789,957,1116,960,336,431,1231,913,655,396,1136,111.6,96.0,33.6,XL
Male,1674,755,1014,816,325,383,1150,858,593,388,1044,101.4,81.6,32.5,M
Male,1692,773,1077,951,328,398,1155,906,568,402,1116,107.7,95.1,32.8,L
Male,1804,735,1010,810,334,360,1132,893,577,376,1090,101.0,81.0,33.4,M
Male,1800,849,1018,885,354,393,1165,913,626,393,1188,101.8,88.5,35.4,L
Male,1862,1010,1099,1003,366,395,1273,955,669,414,1175,109.9,100.3,36.6,XL
Male,1667,741,1032,935,332,382,1125,848,584,383,1027,103.2,93.5,33.2,L
Male,1633,773,1054,887,331,396,1210,823,605,393,986,105.4,88.7,33.1,L
Male,1673,833,1126,1026,355,410,1175,889,591,383,1043,112.6,102.6,35.5,XL
Male,1896,945,1032,908,339,399,1249,955,627,378,1196,103.2,90.8,33.9,L
Male,1826,984,1133,1077,371,383,1187,939,697,400,1194,113.3,107.7,37.1,XXL
Male,1680,746,1041,940,322,377,1142,874,570,360,1092,104.1,94.0,32.2,L
Male,1799,917,1048,960,379,409,1224,933,663,400,1166,104.8,96.0,37.9,XL
Male,1793,883,1087,936,352,387,1192,900,634,393,1158,108.7,93.6,35.2,L
Male,1820,1016,1154,1048,367,432,1216,947,656,422,1157,115.4,104.8,36.7,XXL
Male,1788,670,927,755,313,399,1135,890,507,339,1157,92.7,75.5,31.3,S
Male,1708,726,990,830,313,393,1150,870,576,357,1094,99.0,83.0,31.3,M
Male,1872,1185,1242,1112,383,470,1312,980,705,429,1233,124.2,111.2,38.3,XXL
Male,1897,829,1041,875,336,389,1180,920,577,365,1226,104.1,87.5,33.6,L
Male,1739,786,958,950,358,367,1113,878,635,390,1126,95.8,95.0,35.8,L
Male,1706,781,994,826,340,371,1191,908,618,386,1044,99.4,82.6,34.0,M
Male,1749,713,962,822,341,373,1115,875,580,355,1112,96.2,82.2,34.1,M
Male,1721,831,1024,890,361,390,1167,872,649,398,1030,102.4,89.0,36.1,L
Male,1838,771,1047,880,336,360,1151,912,538,377,1141,104.7,88.0,33.6,L
Male,1714,731,994,975,332,366,1134,883,577,363,1121,99.4,97.5,33.2,XL
Male,1683,775,1043,825,344,401,1171,899,589,375,1082,104.3,82.5,34.4,L
Male,1688,727,1012,846,339,371,1106,842,619,345,1099,101.2,84.6,33.9,M
Male,1696,758,1020,860,339,380,1137,867,603,373,1037,102.0,86.0,33.9,L
Male,1780,898,1060,915,354,400,1232,911,661,408,1096,106.0,91.5,35.4,L
Male,1812,1346,1321,1302,416,451,1300,990,785,450,1205,132.1,130.2,41.6,XXXL
Male,1748,870,1086,825,350,414,1200,948,633,391,1122,108.6,82.5,35.0,L
Male,1670,670,945,864,298,382,1092,844,537,340,1023,94.5,86.4,29.8,M
Male,1811,847,1005,900,349,400,1146,920,590,387,1134,100.5,90.0,34.9,L
Male,1781,1013,1172,1070,363,408,1226,911,650,410,1128,117.2,107.0,36.3,XXL
Male,1764,802,987,908,323,379,1102,881,617,373,1088,98.7,90.8,32.3,L
Male,1661,697,937,808,325,384,1134,839,588,413,1039,93.7,80.8,32.5,M
Male,1737,947,1076,955,362,406,1170,857,664,441,1105,107.6,95.5,36.2,L
Male,1702,791,1027,830,317,390,1190,910,576,377,1078,102.7,83.0,31.7,L
Male,1636,736,996,771,328,380,1163,850,600,396,1048,99.6,77.1,32.8,M
Male,1709,855,1143,955,333,424,1232,863,583,362,1028,114.3,95.5,33.3,XL
Male,1710,1036,1147,1065,364,390,1253,930,727,428,1045,114.7,106.5,36.4,XXL
Male,1669,759,1024,866,332,387,1117,879,591,375,1032,102.4,86.6,33.2,L
Male,1790,932,1098,990,350,413,1177,937,609,391,1136,109.8,99.0,35.0,XL
Male,1792,955,1128,1048,356,406,1200,924,633,383,1144,112.8,104.8,35.6,XXL
Male,1696,661,959,833,338,351,1083,850,544,359,1082,95.9,83.3,33.8,M
Male,1784,936,1101,987,350,431,1187,901,627,388,1052,110.1,98.7,35.0,XL
Male,1767,865,1094,992,343,387,1172,885,615,388,1148,109.4,99.2,34.3,XL
Male,1666,784,1062,958,340,382,1105,887,601,378,1051,106.2,95.8,34.0,L
Male,1721,724,963,836,341,410,1110,852,573,375,1107,96.3,83.6,34.1,M
Male,1644,737,1007,892,324,381,1126,816,598,379,969,100.7,89.2,32.4,L
Male,1724,838,1077,976,340,401,1123,872,642,388,1111,107.7,97.6,34.0,XL
Male,1646,792,1093,976,331,400,1141,850,617,377,1041,109.3,97.6,33.1,XL
Male,1771,700,973,911,344,362,1110,897,580,338,1112,97.3,91.1,34.4,L
Male,1781,886,1078,999,357,377,1181,897,627,407,1144,107.8,99.9,35.7,XL
Male,1700,703,1032,821,322,389,1156,845,561,374,1056,103.2,82.1,32.2,L
Male,1780,750,1016,835,314,387,1118,926,582,367,1107,101.6,83.5,31.4,M
Male,1758,953,1147,995,364,420,1215,924,656,408,1146,114.7,99.5,36.4,XL
Male,1818,785,1028,877,341,397,1185,942,579,375,1138,102.8,87.7,34.1,L
Male,1703,980,1101,1019,370,435,1214,895,707,404,1057,110.1,101.9,37.0,XL
Male,1706,717,964,890,319,385,1125,850,571,366,1012,96.4,89.0,31.9,L
Male,1726,642,968,730,319,362,1103,906,503,368,1073,96.8,73.0,31.9,M
Male,1763,784,1044,823,335,392,1170,897,547,350,1064,104.4,82.3,33.5,L
Male,1652,734,1010,948,342,385,1088,848,574,374,1052,101.0,94.8,34.2,L
Male,1805,1000,1088,1080,360,420,1253,930,700,416,1098,108.8,108.0,36.0,XXL
Male,1874,962,1064,941,355,398,1227,950,634,395,1161,106.4,94.1,35.5,L
Male,1816,809,1031,895,348,363,1127,920,583,403,1106,103.1,89.5,34.8,L
Male,1740,791,1010,906,336,386,1170,888,579,384,1068,101.0,90.6,33.6,L
Male,1681,680,953,834,319,387,1120,827,554,344,1000,95.3,83.4,31.9,M
Male,1655,656,969,804,316,386,1116,819,545,373,990,96.9,80.4,31.6,M
Male,1763,841,1012,949,332,398,1140,853,622,383,1135,101.2,94.9,33.2,L
Male,1746,588,884,722,321,343,1065,872,497,344,1147,88.4,72.2,32.1,S
Male,1733,738,969,852,328,384,1164,868,568,391,1042,96.9,85.2,32.8,M
Male,1757,672,934,774,322,371,1133,888,570,357,1140,93.4,77.4,32.2,S
Male,1567,620,907,826,311,380,1055,787,558,364,969,90.7,82.6,31.1,M
Male,1703,737,957,807,322,371,1138,885,586,396,1104,95.7,80.7,32.2,M
Male,1718,848,1086,870,346,376,1200,876,641,397,1052,108.6,87.0,34.6,L
Male,1871,792,925,835,347,387,1169,908,580,379,1163,92.5,83.5,34.7,M
Male,1728,858,1054,1051,351,391,1176,870,672,366,1122,105.4,105.1,35.1,XXL
Male,1788,848,1003,947,350,394,1144,891,643,393,1066,100.3,94.7,35.0,L
Male,1688,675,954,816,301,378,1096,865,579,345,1073,95.4,81.6,30.1,M
Male,1765,896,1072,978,356,392,1199,903,662,399,1088,107.2,97.8,35.6,XL
Male,1690,832,1045,991,334,416,1181,860,605,378,1045,104.5,99.1,33.4,XL
Male,1718,731,984,783,320,387,1162,874,544,389,1091,98.4,78.3,32.0,M
Male,1828,985,1144,1080,339,439,1231,955,622,396,1212,114.4,108.0,33.9,XXL
Female,1560,657,922,850,345,335,1062,809,622,360,1028,92.2,85.0,34.5,L
Female,1665,534,839,708,315,302,1014,810,524,350,1117,83.9,70.8,31.5,S
Female,1711,663,874,727,356,325,1049,855,577,384,1060,87.4,72.7,35.6,M
Female,1660,782,1008,923,337,357,1121,815,679,372,1069,100.8,92.3,33.7,XL
Female,1572,886,1089,1163,448,340,1151,810,766,433,1039,108.9,116.3,44.8,XXXL
Female,1707,837,1031,968,358,354,1094,847,674,396,1145,103.1,96.8,35.8,XXL
Female,1644,732,988,964,365,338,1072,792,650,373,1094,98.8,96.4,36.5,XXL
Female,1671,760,968,914,382,349,1066,815,675,373,1081,96.8,91.4,38.2,XL
Female,1521,545,831,755,332,318,994,763,592,345,1014,83.1,75.5,33.2,M
Female,1590,684,1010,944,354,341,985,719,604,367,980,101.0,94.4,35.4,XL
Female,1707,990,1065,935,427,378,1174,881,740,453,1117,106.5,93.5,42.7,XXL
Female,1668,742,1034,942,339,378,1110,864,600,358,1101,103.4,94.2,33.9,XL
Female,1654,781,1063,995,367,346,1145,860,623,375,1105,106.3,99.5,36.7,XXL
Female,1666,718,937,848,359,366,1151,874,606,373,1054,93.7,84.8,35.9,L
Female,1599,709,989,929,338,354,1116,804,639,375,1052,98.9,92.9,33.8,XL
Female,1673,672,940,835,358,337,1013,795,619,362,1054,94.0,83.5,35.8,L
Female,1647,620,835,772,337,331,1055,805,564,377,998,83.5,77.2,33.7,M
Female,1678,595,897,805,329,315,967,770,569,338,1086,89.7,80.5,32.9,L
Female,1679,741,979,868,344,335,1128,866,647,382,1099,97.9,86.8,34.4,L
Female,1615,605,853,792,362,317,1011,775,615,379,983,85.3,79.2,36.2,L
Female,1517,800,1090,1137,358,341,1119,777,695,413,1024,109.0,113.7,35.8,XXXL
Female,1674,747,941,881,363,324,1095,845,677,406,1079,94.1,88.1,36.3,XL
Female,1623,491,857,702,304,303,919,738,492,326,1011,85.7,70.2,30.4,S
Female,1668,703,973,954,366,340,1064,800,614,353,1063,97.3,95.4,36.6,XL
Female,1644,715,975,796,344,324,1066,837,603,396,1096,97.5,79.6,34.4,L
Female,1579,708,1026,1000,365,349,1087,799,630,344,1071,102.6,100.0,36.5,XXL
Female,1446,488,832,742,323,309,954,636,529,343,835,83.2,74.2,32.3,M
Female,1620,691,921,912,343,332,1017,789,643,400,1093,92.1,91.2,34.3,XL
Female,1684,730,1032,913,370,320,1077,821,639,371,1090,103.2,91.3,37.0,XL
Female,1619,610,904,821,334,318,1021,827,565,353,1075,90.4,82.1,33.4,L
Female,1592,658,951,930,375,330,1042,785,611,368,1028,95.1,93.0,37.5,XL
Female,1655,709,950,901,365,335,1010,787,625,349,1076,95.0,90.1,36.5,XL
Female,1723,728,965,935,371,325,1052,838,601,370,1130,96.5,93.5,37.1,XL
Female,1677,846,1115,1077,391,350,1130,833,702,378,1114,111.5,107.7,39.1,XXXL
Female,1654,945,1170,1112,396,364,1115,800,735,416,1121,117.0,111.2,39.6,XXXL
Female,1634,627,895,812,352,307,1039,822,621,348,1101,89.5,81.2,35.2,L
Female,1683,578,944,869,329,323,1020,861,546,325,1160,94.4,86.9,32.9,L
Female,1552,524,833,712,309,336,982,795,541,320,1017,83.3,71.2,30.9,S
Female,1617,732,1025,1057,375,334,1098,785,616,385,1088,102.5,105.7,37.5,XXXL
Female,1588,791,982,964,372,371,1050,746,727,421,1083,98.2,96.4,37.2,XXL
Female,1641,894,1060,1134,390,365,1133,768,720,403,1138,106.0,113.4,39.0,XXXL
Female,1685,689,991,869,331,323,1036,824,580,380,1088,99.1,86.9,33.1,L
Female,1656,758,994,942,358,331,1061,792,637,418,1051,99.4,94.2,35.8,XL
Female,1603,731,1071,1019,358,364,1092,794,614,389,1076,107.1,101.9,35.8,XXL
Female,1608,748,945,865,398,330,1071,807,686,393,999,94.5,86.5,39.8,XL
Female,1664,806,1094,975,357,375,1122,811,645,393,1072,109.4,97.5,35.7,XXL
Female,1619,714,932,814,355,347,1108,855,652,410,1121,93.2,81.4,35.5,L
Female,1620,712,1013,947,351,340,1121,864,646,359,1114,101.3,94.7,35.1,XL
Female,1720,657,910,794,358,334,1032,851,598,362,1132,91.0,79.4,35.8,M
Female,1582,477,793,679,309,306,954,760,493,330,1023,79.3,67.9,30.9,S
Female,1720,696,954,890,382,323,1084,843,637,367,1109,95.4,89.0,38.2,XL
Female,1720,1196,1161,1334,457,378,1146,824,870,482,1172,116.1,133.4,45.7,XXXL
Female,1701,887,1135,1076,404,344,1130,877,674,404,1163,113.5,107.6,40.4,XXXL
Female,1627,754,1095,1007,369,345,1082,777,614,368,1019,109.5,100.7,36.9,XXL
Female,1536,678,1014,897,359,342,1092,760,623,388,1020,101.4,89.7,35.9,XL
Female,1546,607,946,832,358,310,1077,773,598,356,1018,94.6,83.2,35.8,L
Female,1654,572,814,766,340,294,970,802,583,359,1099,81.4,76.6,34.0,M
Female,1605,689,940,878,354,330,1096,803,645,394,1078,94.0,87.8,35.4,L
Female,1630,712,988,943,376,310,1072,840,649,395,1032,98.8,94.3,37.6,XL
Female,1612,604,904,825,341,321,1024,792,593,363,1045,90.4,82.5,34.1,L
Female,1757,697,876,812,340,316,1038,850,626,355,1157,87.6,81.2,34.0,L
Female,1670,854,1090,1062,402,344,1105,876,717,360,1104,109.0,106.2,40.2,XXXL
Female,1632,617,943,914,383,320,926,769,610,316,1056,94.3,91.4,38.3,XL
Female,1635,790,1132,987,382,347,1105,828,649,409,1063,113.2,98.7,38.2,XXL
Female,1682,672,977,868,360,327,1050,820,615,360,1047,97.7,86.8,36.0,L
Female,1661,695,977,839,360,344,1021,805,620,372,1097,97.7,83.9,36.0,L
Female,1596,669,1006,814,343,321,1035,801,614,376,1029,100.6,81.4,34.3,L
Female,1596,574,936,804,350,305,1033,780,573,326,1037,93.6,80.4,35.0,L
Female,1665,815,1065,925,374,350,1154,842,693,412,1084,106.5,92.5,37.4,XL
Female,1617,618,890,805,354,321,1021,812,608,378,1069,89.0,80.5,35.4,L
Female,1555,645,900,811,363,318,1057,808,639,394,1040,90.0,81.1,36.3,L
Female,1578,557,862,757,343,309,954,735,573,363,994,86.2,75.7,34.3,M
Female,1581,614,896,839,340,321,990,781,595,367,990,89.6,83.9,34.0,L
Female,1698,668,943,821,373,321,1037,814,626,362,1055,94.3,82.1,37.3,L
Female,1554,730,1092,1001,371,350,1084,781,635,376,991,109.2,100.1,37.1,XXL
Female,1756,737,920,860,361,338,1046,830,632,405,1135,92.0,86.0,36.1,L
Female,1566,693,1071,922,354,363,1094,782,613,354,1009,107.1,92.2,35.4,XL
Female,1651,757,1001,1012,372,342,1055,837,677,393,1089,100.1,101.2,37.2,XXL
Female,1585,740,1126,981,364,350,1120,805,632,377,1045,112.6,98.1,36.4,XXL
Female,1657,682,982,870,369,313,1025,822,613,367,1098,98.2,87.0,36.9,L
Female,1719,867,1069,931,421,339,1155,868,686,399,1125,106.9,93.1,42.1,XXL
Female,1822,882,1061,895,408,343,1137,903,694,416,1197,106.1,89.5,40.8,XL
Female,1649,786,1031,925,375,344,1082,832,724,362,1086,103.1,92.5,37.5,XL
Female,1687,622,924,751,351,308,1077,809,584,362,1123,92.4,75.1,35.1,M
Female,1698,782,999,1019,393,349,1072,850,667,387,1082,99.9,101.9,39.3,XXL
Female,1530,608,865,784,366,314,974,755,646,364,1010,86.5,78.4,36.6,L
Female,1581,674,998,917,354,325,1067,780,616,368,1040,99.8,91.7,35.4,XL
Female,1609,686,930,865,338,338,1084,830,647,391,1105,93.0,86.5,33.8,L
Female,1644,670,934,847,358,349,1039,847,597,368,1038,93.4,84.7,35.8,L
Female,1548,635,856,785,334,313,1010,798,644,393,1022,85.6,78.5,33.4,M
Female,1606,773,979,1004,369,353,1062,793,682,418,1015,97.9,100.4,36.9,XXL
Female,1642,555,852,759,342,304,982,784,543,354,1052,85.2,75.9,34.2,M
Female,1622,727,1014,955,380,347,1048,789,649,371,1027,101.4,95.5,38.0,XL
Female,1669,593,841,694,315,332,1030,822,592,375,1080,84.1,69.4,31.5,S
Female,1745,998,1057,1068,394,358,1142,875,791,453,1225,105.7,106.8,39.4,XXXL
Female,1495,581,986,948,348,312,1015,748,593,330,989,98.6,94.8,34.8,XL
Female,1493,642,951,912,351,339,1030,765,624,370,976,95.1,91.2,35.1,XL
Female,1641,758,1068,989,356,363,1108,827,612,394,1065,106.8,98.9,35.6,XXL
Female,1607,683,945,887,381,329,1031,804,648,390,1002,94.5,88.7,38.1,XL
Female,1560,471,826,698,310,310,945,758,508,320,961,82.6,69.8,31.0,S
Female,1625,665,978,822,334,333,1045,790,619,370,1027,97.8,82.2,33.4,L
Female,1670,685,978,885,356,318,1047,825,639,364,1102,97.8,88.5,35.6,XL
Female,1616,579,870,764,332,319,1014,782,541,354,1020,87.0,76.4,33.2,M
Female,1582,647,1080,943,340,338,1080,790,530,352,993,108.0,94.3,34.0,XL
Female,1730,591,921,809,343,305,1036,877,542,325,1109,92.1,80.9,34.3,L
Female,1501,450,846,739,308,297,955,730,497,304,966,84.6,73.9,30.8,M
Female,1515,572,959,826,345,324,990,728,546,361,989,95.9,82.6,34.5,L
Female,1576,721,1022,962,359,350,1118,797,632,383,1036,102.2,96.2,35.9,XXL
Female,1628,676,878,849,357,326,1013,794,645,364,1062,87.8,84.9,35.7,L
Female,1586,711,1029,951,354,341,1067,775,614,365,1018,102.9,95.1,35.4,XL
Female,1737,791,936,889,374,338,1053,815,667,438,1167,93.6,88.9,37.4,XL
Female,1576,536,834,790,346,296,972,750,560,353,997,83.4,79.0,34.6,M
Female,1626,639,931,811,322,324,1038,788,596,378,1082,93.1,81.1,32.2,L
Female,1604,628,981,831,356,326,1082,797,582,348,1015,98.1,83.1,35.6,L
Female,1673,788,1037,958,371,340,1069,812,621,423,1108,103.7,95.8,37.1,XL
Female,1642,598,981,761,335,304,970,786,570,358,1037,98.1,76.1,33.5,L
Female,1538,752,1052,1070,380,342,1107,765,675,396,1013,105.2,107.0,38.0,XXXL
Female,1574,686,1028,923,329,355,1079,798,605,360,1035,102.8,92.3,32.9,XL
Female,1637,668,946,949,376,332,999,795,605,360,1056,94.6,94.9,37.6,XL
Female,1620,613,930,858,342,317,1046,803,589,357,1041,93.0,85.8,34.2,L
Female,1733,742,937,859,362,322,1060,845,600,393,1085,93.7,85.9,36.2,L
Female,1526,522,810,721,293,325,979,753,531,348,969,81.0,72.1,29.3,M
Female,1732,767,991,908,368,362,1053,856,656,390,1082,99.1,90.8,36.8,XL
Female,1624,661,985,880,352,355,1078,830,586,345,1052,98.5,88.0,35.2,XL
Female,1507,505,844,759,317,325,952,737,542,342,984,84.4,75.9,31.7,M
Female,1560,637,965,919,357,344,983,758,618,373,1053,96.5,91.9,35.7,XL
Female,1640,666,985,908,336,335,1043,830,607,373,1088,98.5,90.8,33.6,XL
Female,1675,610,862,731,333,310,1011,822,572,362,1083,86.2,73.1,33.3,M
Female,1526,581,863,820,340,324,989,744,597,362,965,86.3,82.0,34.0,L
Female,1623,609,870,821,308,319,1017,799,601,363,1066,87.0,82.1,30.8,L
Female,1584,575,815,740,364,320,971,755,634,372,1032,81.5,74.0,36.4,L
Female,1671,797,1057,1024,389,352,1066,818,664,398,1082,105.7,102.4,38.9,XXL
Female,1552,745,1137,932,365,342,1044,780,665,369,1021,113.7,93.2,36.5,XXL
Female,1633,614,874,827,347,327,977,765,583,368,1050,87.4,82.7,34.7,L
Female,1530,677,1004,896,377,332,1042,730,634,384,956,100.4,89.6,37.7,XL
Female,1606,508,844,738,352,294,956,751,549,320,1033,84.4,73.8,35.2,M
Female,1617,633,950,832,350,338,1007,798,612,353,1056,95.0,83.2,35.0,L
Female,1645,711,1013,851,364,336,1059,783,657,393,1019,101.3,85.1,36.4,L
Female,1681,727,960,859,369,336,1072,852,658,391,1074,96.0,85.9,36.9,L
Female,1655,679,992,906,364,320,987,806,578,371,1112,99.2,90.6,36.4,XL
Female,1626,833,1069,1028,387,349,1075,785,702,406,1058,106.9,102.8,38.7,XXL
Female,1635,622,838,786,335,320,998,793,597,380,1084,83.8,78.6,33.5,M
Female,1572,616,962,853,330,333,1038,782,594,338,1033,96.2,85.3,33.0,L
Female,1608,573,899,745,319,298,1004,827,570,362,1053,89.9,74.5,31.9,M
Female,1662,507,828,737,337,308,953,758,527,324,1073,82.8,73.7,33.7,M
Female,1582,611,940,802,333,325,1027,783,594,355,1005,94.0,80.2,33.3,L
Female,1701,866,1156,1045,368,361,1213,851,690,356,1159,115.6,104.5,36.8,XXXL
Female,1602,523,886,763,320,320,976,780,525,316,1017,88.6,76.3,32.0,M
Female,1549,676,991,955,373,336,1054,791,635,350,1013,99.1,95.5,37.3,XL
Female,1561,549,899,719,307,307,974,795,570,333,1031,89.9,71.9,30.7,M
Female,1677,571,889,746,319,314,1010,840,546,338,1101,88.9,74.6,31.9,M
Female,1594,644,907,874,353,309,1014,768,642,377,1023,90.7,87.4,35.3,L
Female,1628,649,940,772,352,330,1025,758,634,357,1021,94.0,77.2,35.2,M
Female,1549,592,949,802,338,334,997,780,569,364,995,94.9,80.2,33.8,L
Female,1559,563,866,719,336,311,979,786,565,365,984,86.6,71.9,33.6,M
Female,1619,580,907,862,341,307,1001,765,532,333,964,90.7,86.2,34.1,L
Female,1690,810,983,1044,366,349,1047,823,661,385,1102,98.3,104.4,36.6,XXXL
Female,1698,649,895,817,355,316,1008,821,596,405,1037,89.5,81.7,35.5,L
Female,1705,654,892,817,343,338,1028,842,578,350,1129,89.2,81.7,34.3,L
Female,1625,570,875,816,325,298,961,788,576,336,1083,87.5,81.6,32.5,L
Female,1666,805,1012,939,412,329,1058,811,697,383,1060,101.2,93.9,41.2,XL
Female,1559,671,1026,863,357,315,998,756,641,393,1014,102.6,86.3,35.7,L
Female,1595,673,977,915,364,314,1003,781,647,364,1034,97.7,91.5,36.4,XL
Female,1634,550,812,764,336,307,1010,774,562,338,1077,81.2,76.4,33.6,M
Female,1643,708,913,899,358,332,1049,823,684,374,1101,91.3,89.9,35.8,XL
Female,1667,538,943,782,331,299,956,788,539,311,1071,94.3,78.2,33.1,M
Female,1661,771,1032,897,353,337,1122,855,669,408,1098,103.2,89.7,35.3,XL
Female,1560,602,878,817,339,321,968,797,608,354,1028,87.8,81.7,33.9,L
Female,1610,719,971,900,355,335,1089,863,669,381,1067,97.1,90.0,35.5,XL
Female,1610,617,906,830,358,347,998,782,627,350,1040,90.6,83.0,35.8,L
Female,1682,761,1024,947,368,350,1107,835,645,416,1082,102.4,94.7,36.8,XL
Female,1604,739,1028,958,368,358,1094,819,638,347,1054,102.8,95.8,36.8,XL
Female,1540,560,881,767,352,310,973,750,561,353,978,88.1,76.7,35.2,M
Female,1638,647,919,777,320,311,990,783,602,401,1049,91.9,77.7,32.0,M
Female,1656,724,918,896,361,330,1037,790,678,400,1037,91.8,89.6,36.1,XL
Female,1597,708,1118,968,346,378,1107,790,597,371,1039,111.8,96.8,34.6,XXL
Female,1749,953,1130,997,363,384,1154,897,688,417,1228,113.0,99.7,36.3,XXL
Female,1661,748,1002,879,361,342,1056,840,663,393,1086,100.2,87.9,36.1,L
Female,1526,700,1039,1000,349,326,1032,785,682,373,1023,103.9,100.0,34.9,XXL
Female,1583,655,934,931,375,313,987,795,623,365,1031,93.4,93.1,37.5,XL
Female,1533,499,844,748,319,316,929,746,527,330,985,84.4,74.8,31.9,M
Female,1575,553,821,734,322,319,980,787,582,347,1033,82.1,73.4,32.2,M
Female,1776,924,1072,1021,398,357,1116,857,725,398,1129,107.2,102.1,39.8,XXL
Female,1713,716,1084,874,359,330,1071,838,602,372,1102,108.4,87.4,35.9,XL
Female,1653,676,918,803,343,327,1036,791,620,384,1015,91.8,80.3,34.3,L
Female,1516,641,1032,935,344,337,1040,773,592,342,952,103.2,93.5,34.4,XL
Female,1658,666,971,810,341,344,1072,840,606,374,1083,97.1,81.0,34.1,L
Female,1617,663,1022,882,362,344,1029,791,607,369,1055,102.2,88.2,36.2,XL
Female,1687,763,987,920,379,348,1002,833,699,394,1147,98.7,92.0,37.9,XL
Female,1603,717,1036,1085,368,327,1025,823,675,328,1093,103.6,108.5,36.8,XXXL
Female,1539,643,990,923,353,333,995,736,599,348,955,99.0,92.3,35.3,XL
Female,1603,591,965,840,347,321,1027,784,577,351,1019,96.5,84.0,34.7,L
Female,1620,529,817,783,324,309,976,770,550,333,1048,81.7,78.3,32.4,M
Female,1617,694,993,924,377,334,1017,815,642,367,1043,99.3,92.4,37.7,XL
Female,1600,699,1031,972,346,323,1029,751,648,349,1034,103.1,97.2,34.6,XXL
Female,1572,592,877,774,343,312,1027,770,566,371,992,87.7,77.4,34.3,M
Female,1632,540,818,708,331,300,977,779,570,365,1004,81.8,70.8,33.1,M
Female,1690,701,945,879,381,336,1039,810,685,370,1060,94.5,87.9,38.1,L
Female,1682,681,916,830,337,340,1066,837,638,378,1136,91.6,83.0,33.7,L
Female,1657,864,1050,980,397,331,1098,853,711,444,1083,105.0,98.0,39.7,XXL
Female,1672,672,881,883,357,310,1078,849,638,355,1063,88.1,88.3,35.7,XL
Female,1621,559,912,754,315,302,1006,772,552,352,1020,91.2,75.4,31.5,M
Female,1623,566,854,767,353,319,942,774,540,350,1000,85.4,76.7,35.3,M
Female,1633,585,887,868,338,323,996,788,538,336,1007,88.7,86.8,33.8,L
Female,1526,628,1005,938,331,328,1047,792,621,362,960,100.5,93.8,33.1,XL
Female,1570,467,825,682,293,291,917,766,499,350,949,82.5,68.2,29.3,S
Female,1616,599,874,762,339,310,997,807,572,369,1017,87.4,76.2,33.9,M
Female,1690,642,972,802,358,316,1047,834,598,355,1098,97.2,80.2,35.8,L
Female,1637,813,1026,1060,396,328,1057,808,697,421,1027,102.6,106.0,39.6,XXXL
Female,1718,719,979,922,384,325,1021,840,625,348,1140,97.9,92.2,38.4,XL
Female,1588,548,873,783,347,294,947,749,620,354,1012,87.3,78.3,34.7,M
Female,1520,485,844,707,314,301,977,743,521,320,929,84.4,70.7,31.4,S
Female,1618,658,921,795,361,325,1041,814,628,357,1047,92.1,79.5,36.1,L
Female,1631,753,1000,862,366,352,1082,816,679,406,1044,100.0,86.2,36.6,L
Female,1642,636,938,929,333,324,1026,785,607,360,1075,93.8,92.9,33.3,XL
Female,1719,752,952,858,354,343,1105,853,661,376,1139,95.2,85.8,35.4,L
Female,1715,755,931,784,363,338,1100,846,664,398,1158,93.1,78.4,36.3,L
Female,1653,469,814,632,285,301,976,811,478,294,1057,81.4,63.2,28.5,S
Female,1590,537,913,809,333,323,965,795,541,322,977,91.3,80.9,33.3,L
Female,1751,758,950,912,378,335,1071,884,649,387,1175,95.0,91.2,37.8,XL
Female,1583,679,950,941,381,342,1040,802,663,356,1087,95.0,94.1,38.1,XL
Female,1627,684,915,854,345,332,1038,811,682,372,1063,91.5,85.4,34.5,L
Female,1586,677,923,885,329,337,1121,818,626,372,1067,92.3,88.5,32.9,XL
Female,1675,617,909,783,335,316,992,793,567,352,1063,90.9,78.3,33.5,M
Female,1606,717,986,927,349,359,1042,756,626,375,1026,98.6,92.7,34.9,XL
Female,1680,642,870,785,335,331,1052,841,626,363,1116,87.0,78.5,33.5,M
Female,1773,740,942,858,355,338,1042,856,624,387,1142,94.2,85.8,35.5,L
Female,1680,792,1105,958,344,350,1164,873,625,358,1099,110.5,95.8,34.4,XL
Female,1645,581,838,707,327,337,996,817,585,347,1041,83.8,70.7,32.7,S
Female,1558,727,1086,1004,362,368,1077,793,630,380,999,108.6,100.4,36.2,XXL
Female,1665,704,985,905,370,338,1002,791,635,383,1040,98.5,90.5,37.0,XL
Female,1601,653,960,989,350,324,1007,805,615,369,1075,96.0,98.9,35.0,XXL
Female,1658,725,964,906,370,339,1068,863,664,389,1085,96.4,90.6,37.0,XL
Female,1623,721,1015,854,364,337,1065,818,653,394,1010,101.5,85.4,36.4,L
Female,1661,561,862,738,330,304,973,799,544,333,1017,86.2,73.8,33.0,M
Female,1563,583,861,784,316,319,1015,759,573,370,990,86.1,78.4,31.6,M
Female,1630,677,927,871,338,345,1044,806,615,388,1033,92.7,87.1,33.8,L
Female,1528,576,906,811,332,331,997,753,595,324,929,90.6,81.1,33.2,L
Female,1653,559,847,728,320,307,991,780,570,343,1049,84.7,72.8,32.0,M
Female,1512,468,841,763,301,304,933,771,491,298,976,84.1,76.3,30.1,M
Female,1629,567,855,793,337,310,995,785,556,344,1053,85.5,79.3,33.7,M
Female,1675,820,1072,1001,362,323,1136,840,701,414,1102,107.2,100.1,36.2,XXL
Female,1498,664,988,922,362,330,1058,756,645,398,941,98.8,92.2,36.2,XL
Female,1538,626,984,829,355,332,1056,778,595,365,990,98.4,82.9,35.5,L
Female,1567,653,938,850,376,317,1070,785,633,368,1026,93.8,85.0,37.6,L
Female,1590,539,866,731,322,312,965,800,545,335,1034,86.6,73.1,32.2,M
Female,1573,750,1063,996,363,320,1079,796,618,397,1009,106.3,99.6,36.3,XXL
Female,1595,704,949,871,391,309,1060,792,671,376,1028,94.9,87.1,39.1,XL
Female,1610,675,982,1036,337,334,1023,790,612,356,1067,98.2,103.6,33.7,XXL
Female,1565,640,935,835,349,319,1031,796,648,350,1029,93.5,83.5,34.9,L
Female,1523,470,845,665,303,304,935,747,530,327,959,84.5,66.5,30.3,S
Female,1570,502,836,671,326,301,956,766,525,315,1020,83.6,67.1,32.6,S
Female,1556,597,949,769,336,322,1015,783,579,358,994,94.9,76.9,33.6,M
Female,1599,646,954,850,318,332,1041,803,615,374,1046,95.4,85.0,31.8,L
Female,1611,726,940,936,364,344,1070,805,659,383,1058,94.0,93.6,36.4,XL
Female,1681,631,915,758,340,327,1049,819,595,403,1024,91.5,75.8,34.0,M
Female,1585,631,925,888,329,319,1068,800,625,357,1032,92.5,88.8,32.9,XL
Female,1614,660,1032,941,366,329,1052,791,606,356,1054,103.2,94.1,36.6,XL
Female,1674,789,988,812,391,335,1066,860,715,411,1139,98.8,81.2,39.1,XL
Female,1653,531,838,704,309,301,947,807,544,354,1089,83.8,70.4,30.9,S
Female,1593,708,992,1027,359,345,1003,781,638,353,1035,99.2,102.7,35.9,XXL
Female,1592,625,969,885,343,308,1007,800,599,365,1018,96.9,88.5,34.3,XL
Female,1617,680,957,872,356,336,1036,795,616,358,1051,95.7,87.2,35.6,L
Female,1589,734,1093,1041,367,334,1022,769,619,353,1081,109.3,104.1,36.7,XXXL
Female,1597,688,997,859,334,348,1089,819,644,369,1052,99.7,85.9,33.4,L
Female,1698,840,1090,1022,385,345,1075,804,656,391,1049,109.0,102.2,38.5,XXL
Female,1619,647,923,790,334,317,1026,787,614,378,1034,92.3,79.0,33.4,M
Female,1663,561,844,711,317,328,1044,836,525,339,1021,84.4,71.1,31.7,S
Female,1606,735,1011,941,370,331,1013,793,665,397,1026,101.1,94.1,37.0,XL
Female,1609,733,997,1076,376,342,1047,793,625,354,1075,99.7,107.6,37.6,XXXL
Female,1696,605,943,797,353,314,998,824,562,356,1074,94.3,79.7,35.3,M
Female,1723,722,934,904,368,340,1019,809,639,380,1072,93.4,90.4,36.8,XL
Female,1748,908,1031,979,376,345,1124,854,724,423,1101,103.1,97.9,37.6,XXL
Female,1695,760,985,888,394,319,1015,815,663,402,1100,98.5,88.8,39.4,XL
Female,1648,606,935,769,343,336,1034,822,574,342,1014,93.5,76.9,34.3,M
Female,1579,573,872,807,346,307,1000,771,565,369,995,87.2,80.7,34.6,L
Female,1587,602,996,839,341,326,1035,783,585,351,1040,99.6,83.9,34.1,L
Female,1604,669,994,975,376,346,1013,815,593,371,1037,99.4,97.5,37.6,XXL
Female,1603,829,1131,1127,363,392,1125,853,660,366,1079,113.1,112.7,36.3,XXXL
Female,1712,765,966,930,381,324,1037,835,675,404,1108,96.6,93.0,38.1,XL
Female,1628,671,908,907,341,363,1064,808,613,342,1056,90.8,90.7,34.1,XL
Female,1520,589,985,919,335,335,1039,770,603,339,1034,98.5,91.9,33.5,XL
Female,1640,615,896,839,346,310,1007,805,612,373,1094,89.6,83.9,34.6,L
Female,1616,529,864,697,335,306,953,777,546,328,1015,86.4,69.7,33.5,M
Female,1684,847,1095,1088,413,355,1139,838,674,391,1105,109.5,108.8,41.3,XXXL
Female,1649,596,890,805,348,324,973,808,575,365,1072,89.0,80.5,34.8,L
Female,1677,666,965,844,349,321,1027,803,612,357,1097,96.5,84.4,34.9,L
Female,1653,676,958,915,362,337,1040,788,586,367,1055,95.8,91.5,36.2,XL
Female,1638,658,926,862,367,314,974,796,641,373,1016,92.6,86.2,36.7,L
Female,1646,596,878,835,359,320,978,761,605,345,1057,87.8,83.5,35.9,L
Female,1619,735,951,1000,374,329,1030,805,639,382,1032,95.1,100.0,37.4,XXL
Female,1530,556,858,789,342,322,1005,753,614,353,953,85.8,78.9,34.2,M
Female,1603,561,870,777,337,308,996,794,590,335,1053,87.0,77.7,33.7,M
Female,1680,560,875,796,309,311,996,828,551,342,1100,87.5,79.6,30.9,M
Female,1602,871,1139,1017,380,353,1129,813,701,431,1076,113.9,101.7,38.0,XXL
Female,1447,736,1064,1074,387,345,1093,728,732,372,935,106.4,107.4,38.7,XXXL
Female,1627,613,923,688,294,314,1018,816,605,386,1059,92.3,68.8,29.4,M
Female,1594,505,861,713,336,310,982,803,515,324,1011,86.1,71.3,33.6,M
Female,1688,823,1057,1035,370,352,1125,843,646,392,1072,105.7,103.5,37.0,XXL
Female,1547,561,896,827,326,336,1020,768,560,320,981,89.6,82.7,32.6,L
Female,1621,754,991,950,372,360,1117,825,646,375,1034,99.1,95.0,37.2,XL
Female,1625,593,904,805,356,305,1011,793,564,350,1050,90.4,80.5,35.6,L
Female,1597,695,981,896,354,352,998,805,599,412,1019,98.1,89.6,35.4,XL
Female,1602,820,1046,905,359,356,1063,831,724,431,1039,104.6,90.5,35.9,XL
Female,1614,583,952,833,332,311,1005,821,578,340,1054,95.2,83.3,33.2,L
Female,1743,920,1067,1055,428,358,1125,820,716,396,1103,106.7,105.5,42.8,XXXL
Female,1603,841,1105,1071,391,370,1143,792,691,401,1071,110.5,107.1,39.1,XXXL
Female,1576,842,1196,1111,404,349,1130,773,668,401,1011,119.6,111.1,40.4,XXXL
Female,1619,660,999,871,348,335,1048,804,610,378,1047,99.9,87.1,34.8,L
Female,1754,896,1052,969,375,355,1167,870,711,404,1154,105.2,96.9,37.5,XXL
Female,1709,842,1014,942,372,342,1119,857,700,393,1150,101.4,94.2,37.2,XL
Female,1789,845,1048,964,377,332,1055,902,700,379,1168,104.8,96.4,37.7,XXL
Female,1587,596,896,887,363,316,991,770,585,356,1003,89.6,88.7,36.3,XL
Female,1687,688,943,838,369,328,1039,802,605,363,1075,94.3,83.8,36.9,L
Female,1665,690,899,826,376,318,1052,807,658,376,1086,89.9,82.6,37.6,L
Female,1573,748,996,950,364,359,1085,796,665,396,1053,99.6,95.0,36.4,XL
Female,1654,699,911,819,354,325,1018,788,622,398,1095,91.1,81.9,35.4,L
Female,1582,691,1005,920,333,357,1047,805,612,373,1032,100.5,92.0,33.3,XL
Female,1575,566,873,744,339,332,983,741,608,327,968,87.3,74.4,33.9,M
Female,1600,699,976,880,343,320,1047,817,653,375,1048,97.6,88.0,34.3,XL
Female,1584,468,834,740,299,315,937,792,498,307,974,83.4,74.0,29.9,M
Female,1535,701,986,829,394,319,1030,765,686,407,995,98.6,82.9,39.4,XL
Female,1593,832,1062,1029,370,351,1049,794,705,418,1059,106.2,102.9,37.0,XXL
Female,1583,789,1004,973,379,327,1045,761,751,432,1048,100.4,97.3,37.9,XXL
Female,1608,592,896,845,335,318,1005,807,572,357,977,89.6,84.5,33.5,L
Female,1663,583,861,828,333,310,1013,815,570,326,1070,86.1,82.8,33.3,L
Female,1609,746,951,1020,386,332,1084,824,701,400,1074,95.1,102.0,38.6,XXL
Female,1513,428,772,675,303,289,852,705,511,313,978,77.2,67.5,30.3,S
Female,1704,853,1034,1007,384,337,1088,842,728,430,1140,103.4,100.7,38.4,XXL
Female,1708,664,899,858,347,316,987,815,602,367,1101,89.9,85.8,34.7,L
Female,1506,577,955,804,340,304,976,747,631,383,1002,95.5,80.4,34.0,L
Female,1583,565,867,811,317,329,952,740,565,350,995,86.7,81.1,31.7,L
Female,1731,714,971,864,365,351,1040,828,623,382,1077,97.1,86.4,36.5,L
Female,1669,762,966,871,362,335,1018,832,674,412,1122,96.6,87.1,36.2,L
Female,1640,556,800,824,330,311,1017,798,543,362,1084,80.0,82.4,33.0,L
Female,1613,561,812,724,317,331,992,792,554,357,1022,81.2,72.4,31.7,M
Female,1640,641,946,849,349,319,1059,802,588,380,1050,94.6,84.9,34.9,L
Female,1581,766,1008,918,353,378,1070,792,674,424,1025,100.8,91.8,35.3,XL
Female,1664,702,971,829,334,340,1047,831,608,369,1071,97.1,82.9,33.4,L
Female,1562,561,918,799,337,334,949,728,556,354,971,91.8,79.9,33.7,M
Female,1722,812,987,1017,384,344,1077,857,682,417,1160,98.7,101.7,38.4,XXL
Female,1564,725,969,900,368,354,1048,765,683,408,994,96.9,90.0,36.8,XL
Female,1589,686,979,917,343,315,1039,815,677,399,1015,97.9,91.7,34.3,XL
Female,1789,924,1017,970,412,348,1113,913,775,426,1184,101.7,97.0,41.2,XXL
Female,1608,662,1058,884,319,341,1057,817,567,365,1015,105.8,88.4,31.9,XL
Female,1595,562,887,796,338,308,970,807,579,325,1027,88.7,79.6,33.8,M
Female,1590,564,859,785,324,310,959,795,565,370,1038,85.9,78.5,32.4,M
Female,1575,653,980,870,340,353,1038,757,575,371,912,98.0,87.0,34.0,L
Female,1539,679,1037,905,361,330,964,775,665,376,985,103.7,90.5,36.1,XL
Female,1654,777,984,958,367,357,1092,828,672,354,1096,98.4,95.8,36.7,XL
Female,1616,632,959,855,351,326,1001,784,605,351,1040,95.9,85.5,35.1,L
Female,1646,697,988,869,350,320,1082,854,628,366,1080,98.8,86.9,35.0,L
Female,1548,681,900,875,364,347,1007,775,647,393,1061,90.0,87.5,36.4,L
Female,1617,570,827,722,345,299,998,787,608,366,992,82.7,72.2,34.5,M
Female,1527,742,1089,1034,379,346,1093,771,642,358,1015,108.9,103.4,37.9,XXL
Female,1653,589,895,757,307,320,998,804,564,346,1070,89.5,75.7,30.7,M
Female,1606,750,1024,995,354,349,1092,809,636,393,1063,102.4,99.5,35.4,XXL
Female,1700,744,948,812,334,331,1075,871,651,407,1102,94.8,81.2,33.4,L
Female,1672,815,1131,954,382,375,1082,829,654,378,1115,113.1,95.4,38.2,XXL
Female,1728,765,988,928,368,346,1089,860,647,372,1096,98.8,92.8,36.8,XL
Female,1677,827,1098,1049,346,362,1116,850,689,355,1107,109.8,104.9,34.6,XXXL
Female,1790,793,1033,958,370,365,1064,835,656,377,1122,103.3,95.8,37.0,XL
Female,1643,735,960,912,368,343,1018,778,668,395,1029,96.0,91.2,36.8,XL
Female,1584,620,955,822,343,319,1002,788,613,350,1034,95.5,82.2,34.3,L
Female,1583,659,1023,935,345,355,1000,781,599,352,1060,102.3,93.5,34.5,XL
Female,1640,705,1000,957,357,346,1096,831,635,377,1127,100.0,95.7,35.7,XL
Female,1562,493,866,707,318,290,958,796,530,330,1026,86.6,70.7,31.8,S
Female,1650,643,881,771,335,316,1003,856,624,397,1072,88.1,77.1,33.5,M
Female,1656,654,950,806,350,330,1030,803,608,362,1032,95.0,80.6,35.0,L
Female,1624,655,1020,1002,356,322,1020,795,586,351,1041,102.0,100.2,35.6,XXL
Female,1631,856,1159,1044,393,349,1105,821,688,402,1045,115.9,104.4,39.3,XXXL
Female,1715,632,866,815,351,313,1025,892,580,360,1126,86.6,81.5,35.1,L
Female,1607,648,908,752,366,323,1052,816,642,386,1053,90.8,75.2,36.6,L
Female,1600,604,883,831,333,329,1013,795,562,368,979,88.3,83.1,33.3,L
Female,1571,702,993,880,392,337,1039,770,641,400,998,99.3,88.0,39.2,XL
Female,1603,659,920,817,373,328,1023,785,654,384,1016,92.0,81.7,37.3,L
Female,1599,771,1122,938,367,344,1041,800,682,391,1094,112.2,93.8,36.7,XXL
Female,1602,524,829,797,339,292,962,764,581,341,1019,82.9,79.7,33.9,M
Female,1642,685,925,773,334,322,1006,825,652,372,1074,92.5,77.3,33.4,M
Female,1715,1017,1096,1103,432,352,1144,851,808,449,1108,109.6,110.3,43.2,XXXL
Female,1634,487,862,679,309,304,931,777,526,317,999,86.2,67.9,30.9,S
Female,1657,824,1059,1055,417,343,1048,819,685,396,1075,105.9,105.5,41.7,XXXL
Female,1626,724,1086,856,340,317,996,806,630,384,1037,108.6,85.6,34.0,XL
Female,1536,617,968,868,321,350,1050,806,577,338,1028,96.8,86.8,32.1,L
Female,1698,696,908,818,368,322,981,817,655,394,1094,90.8,81.8,36.8,L
Female,1652,753,956,846,358,334,1068,840,653,433,1061,95.6,84.6,35.8,L
Female,1611,785,1043,1032,387,327,1051,804,670,391,1025,104.3,103.2,38.7,XXL
Female,1764,812,1003,911,390,341,1078,877,689,397,1118,100.3,91.1,39.0,XL
Female,1586,485,825,650,316,313,946,775,519,333,980,82.5,65.0,31.6,S
Female,1592,595,899,804,334,321,970,763,599,372,1015,89.9,80.4,33.4,L
Female,1782,740,958,880,369,322,1054,895,611,375,1155,95.8,88.0,36.9,XL
Female,1708,799,1028,970,371,340,1084,840,658,409,1100,102.8,97.0,37.1,XXL
Female,1650,645,957,841,345,317,1020,815,593,371,1048,95.7,84.1,34.5,L
Female,1612,725,1007,949,375,330,1058,809,680,378,1072,100.7,94.9,37.5,XL
Female,1660,600,842,766,328,326,1012,805,576,368,1056,84.2,76.6,32.8,M
Female,1629,630,884,811,342,327,1011,793,636,392,1050,88.4,81.1,34.2,L
Female,1630,762,992,978,357,357,1102,825,644,375,966,99.2,97.8,35.7,XXL
Female,1743,696,913,738,352,332,1016,802,610,406,1075,91.3,73.8,35.2,M
Female,1688,818,1152,1001,373,366,1122,860,639,389,1048,115.2,100.1,37.3,XXL
Female,1580,508,836,705,291,310,978,768,546,335,1012,83.6,70.5,29.1,S
Female,1610,665,957,901,345,325,1032,804,594,364,1019,95.7,90.1,34.5,XL
Female,1556,400,757,620,299,278,881,730,483,288,964,75.7,62.0,29.9,XS
Female,1585,736,985,1000,364,347,1062,796,686,412,1037,98.5,100.0,36.4,XXL
Female,1685,770,1036,952,352,353,1110,822,617,379,1062,103.6,95.2,35.2,XL
Female,1592,630,943,823,343,356,1046,783,615,356,1009,94.3,82.3,34.3,L
Female,1698,761,960,919,376,321,1060,818,651,415,1070,96.0,91.9,37.6,XL
Female,1648,690,875,886,365,330,1029,816,651,397,1090,87.5,88.6,36.5,XL
Female,1575,573,879,791,318,312,1001,760,560,367,1002,87.9,79.1,31.8,M
Female,1602,617,935,794,336,324,1011,776,574,348,998,93.5,79.4,33.6,M
Female,1669,663,886,822,361,340,1016,845,618,388,1097,88.6,82.2,36.1,L
Female,1637,850,1018,996,378,355,1104,802,714,448,1094,101.8,99.6,37.8,XXL
Female,1690,601,929,798,341,300,1001,825,578,360,1052,92.9,79.8,34.1,M
Female,1664,655,935,795,359,320,998,820,620,385,1039,93.5,79.5,35.9,M
Female,1710,716,932,940,361,330,1036,847,643,360,1139,93.2,94.0,36.1,XL
Female,1596,611,906,716,335,313,992,782,614,382,1074,90.6,71.6,33.5,M
Female,1656,1000,1150,1164,427,342,1100,857,782,471,1100,115.0,116.4,42.7,XXXL
Female,1586,791,991,870,390,325,1093,845,713,411,1013,99.1,87.0,39.0,XL
Female,1653,676,1000,886,370,361,1053,804,602,353,1088,100.0,88.6,37.0,XL
Female,1661,740,1045,831,358,332,1029,795,643,387,1045,104.5,83.1,35.8,XL
Female,1495,501,862,749,306,309,937,738,552,344,949,86.2,74.9,30.6,M
Female,1633,587,900,811,342,314,1024,815,576,344,1022,90.0,81.1,34.2,L
Female,1652,696,976,850,379,315,1072,802,640,379,1052,97.6,85.0,37.9,L
Female,1596,599,899,779,370,316,1025,810,630,366,1051,89.9,77.9,37.0,L
Female,1715,809,1003,1009,369,330,1115,882,640,395,1065,100.3,100.9,36.9,XXL
Female,1724,788,995,939,369,352,1145,864,640,404,1129,99.5,93.9,36.9,XL
Female,1741,797,955,907,399,339,1111,861,686,404,1191,95.5,90.7,39.9,XL
Female,1707,746,910,851,387,336,1092,859,652,409,1080,91.0,85.1,38.7,L
Female,1684,740,945,917,375,328,1012,811,657,421,1097,94.5,91.7,37.5,XL
Female,1586,569,892,780,317,309,982,780,578,356,1012,89.2,78.0,31.7,M
Female,1611,829,1066,1046,383,354,1114,830,664,403,1042,106.6,104.6,38.3,XXXL
Female,1658,770,1040,939,346,350,1080,821,636,415,1047,104.0,93.9,34.6,XL
Female,1673,751,980,909,371,335,1076,860,671,376,1090,98.0,90.9,37.1,XL
Female,1770,889,1100,1076,396,335,1110,895,641,417,1138,110.0,107.6,39.6,XXXL
Female,1574,661,872,799,364,319,1013,785,632,402,962,87.2,79.9,36.4,L
Female,1715,842,1059,1009,397,365,1104,860,677,393,1102,105.9,100.9,39.7,XXL
Female,1525,558,852,865,344,317,979,748,583,338,977,85.2,86.5,34.4,L
Female,1650,983,1142,1154,401,366,1152,855,727,469,1113,114.2,115.4,40.1,XXXL
Female,1537,535,870,814,341,290,904,741,546,362,982,87.0,81.4,34.1,L
Female,1568,581,880,801,343,305,978,778,579,359,984,88.0,80.1,34.3,L
Female,1569,684,892,830,330,336,1072,801,630,399,957,89.2,83.0,33.0,L
Female,1711,725,957,807,360,321,1065,835,630,405,1052,95.7,80.7,36.0,L
Female,1639,757,1070,1073,371,337,1111,815,647,358,1029,107.0,107.3,37.1,XXXL
Female,1638,733,962,946,364,316,1015,775,652,430,1038,96.2,94.6,36.4,XL
Female,1756,704,930,845,362,337,1028,837,620,360,1080,93.0,84.5,36.2,L
Female,1618,590,895,748,333,328,1035,798,570,355,1026,89.5,74.8,33.3,M
Female,1745,835,1050,1003,385,362,1120,858,691,395,1085,105.0,100.3,38.5,XXL
Female,1569,635,925,814,364,308,1025,760,655,374,955,92.5,81.4,36.4,L
Female,1668,546,895,782,325,309,1004,795,540,332,1055,89.5,78.2,32.5,M
Female,1619,610,895,780,338,323,1050,795,574,358,972,89.5,78.0,33.8,M
Female,1657,820,1101,1016,386,360,1082,817,684,403,1055,110.1,101.6,38.6,XXL
Female,1628,685,910,847,344,329,1070,807,620,388,1025,91.0,84.7,34.4,L
Female,1660,574,903,803,327,313,990,810,570,348,1118,90.3,80.3,32.7,L
Female,1683,616,878,733,342,320,1020,810,560,365,980,87.8,73.3,34.2,M
Female,1672,678,846,866,343,335,1033,815,613,380,1072,84.6,86.6,34.3,L
Female,1623,558,836,745,326,312,950,800,555,377,1032,83.6,74.5,32.6,M
Female,1672,588,870,705,320,307,1043,787,565,371,1070,87.0,70.5,32.0,S
Female,1619,591,869,784,364,301,976,810,583,366,1049,86.9,78.4,36.4,L
Female,1558,511,794,712,326,297,956,747,572,347,928,79.4,71.2,32.6,S
Female,1649,591,845,742,333,309,1017,805,583,382,1016,84.5,74.2,33.3,M
Female,1730,671,880,805,354,334,1025,852,585,374,1082,88.0,80.5,35.4,L
Female,1527,522,843,730,317,315,971,760,544,378,957,84.3,73.0,31.7,M
Female,1670,565,838,761,331,309,1037,823,562,347,1052,83.8,76.1,33.1,M
Female,1583,774,1077,1000,357,361,1111,805,671,408,1025,107.7,100.0,35.7,XXL
Female,1643,730,963,885,361,336,1057,808,635,420,1069,96.3,88.5,36.1,XL
Female,1717,669,1012,800,362,323,1072,854,582,373,1080,101.2,80.0,36.2,L
Female,1623,718,1000,945,369,330,1085,825,667,368,1076,100.0,94.5,36.9,XL
Female,1630,594,860,810,330,330,1018,809,580,364,1028,86.0,81.0,33.0,L
Female,1710,680,925,808,351,325,1077,887,583,384,1095,92.5,80.8,35.1,L
Female,1730,779,1002,961,376,334,1110,850,664,366,1086,100.2,96.1,37.6,XXL
Female,1725,695,960,772,370,323,1042,806,610,415,1073,96.0,77.2,37.0,L
Female,1680,755,957,928,355,327,1068,835,665,419,1129,95.7,92.8,35.5,XL
Female,1682,645,922,889,347,315,1012,833,598,360,1069,92.2,88.9,34.7,XL
Female,1680,843,1157,1050,360,350,1132,840,615,402,1110,115.7,105.0,36.0,XXXL
Female,1829,688,915,777,342,315,1052,906,566,381,1151,91.5,77.7,34.2,M
Female,1675,643,885,866,364,321,1042,837,586,359,1057,88.5,86.6,36.4,L
Female,1727,689,1040,842,350,352,1102,835,588,358,1085,104.0,84.2,35.0,XL
Female,1615,651,1003,842,328,340,1035,794,556,360,1030,100.3,84.2,32.8,L
Female,1497,460,837,690,290,325,965,749,490,326,954,83.7,69.0,29.0,S
Female,1613,610,871,750,353,309,975,765,612,359,1014,87.1,75.0,35.3,M
Female,1771,925,1115,950,392,342,1117,860,714,440,1111,111.5,95.0,39.2,XL
Female,1588,666,924,829,350,318,1014,796,616,404,1032,92.4,82.9,35.0,L
Female,1736,821,997,995,368,345,1084,913,662,402,1142,99.7,99.5,36.8,XXL
Female,1664,591,870,767,349,311,956,789,589,350,1056,87.0,76.7,34.9,M
Female,1584,722,1025,898,378,339,1075,825,644,379,1050,102.5,89.8,37.8,XL
Female,1712,770,1006,940,372,344,1076,857,665,368,1164,100.6,94.0,37.2,XL
Female,1658,617,876,787,332,340,1035,840,583,387,1050,87.6,78.7,33.2,M
Female,1646,685,933,812,352,324,1044,819,662,363,1124,93.3,81.2,35.2,L
Female,1723,689,966,820,368,337,1060,852,608,354,1083,96.6,82.0,36.8,L
Female,1578,587,900,813,338,320,988,765,612,322,1006,90.0,81.3,33.8,L
Female,1671,742,1040,845,354,334,1070,845,662,394,1087,104.0,84.5,35.4,XL
Female,1580,820,1045,1011,365,359,1078,785,715,378,1042,104.5,101.1,36.5,XXL
Female,1584,557,925,758,336,315,1001,798,578,340,980,92.5,75.8,33.6,M
Female,1670,648,975,814,312,320,1050,815,544,371,1064,97.5,81.4,31.2,L
Female,1585,566,910,770,318,327,985,795,580,340,1020,91.0,77.0,31.8,M
Female,1638,584,952,809,325,320,1025,814,562,337,1023,95.2,80.9,32.5,L
Female,1589,599,907,817,334,315,990,789,620,355,1067,90.7,81.7,33.4,L
Female,1659,785,1089,938,360,336,1050,825,630,408,1025,108.9,93.8,36.0,XL
Female,1550,654,943,845,338,327,985,775,643,364,1025,94.3,84.5,33.8,L
Female,1730,838,1047,995,365,367,1069,865,652,379,1161,104.7,99.5,36.5,XXL
Female,1500,644,1027,907,379,354,990,735,638,343,987,102.7,90.7,37.9,XL
Female,1615,809,1038,983,357,354,1143,835,680,389,1095,103.8,98.3,35.7,XXL
Female,1645,677,906,801,355,319,1026,785,617,414,1057,90.6,80.1,35.5,L
Female,1727,847,1095,1029,364,345,1105,850,678,403,1136,109.5,102.9,36.4,XXL
Female,1667,781,1032,1052,365,329,1060,899,722,408,1107,103.2,105.2,36.5,XXXL
Female,1519,552,981,848,314,324,990,785,542,327,931,98.1,84.8,31.4,L
Female,1700,832,1113,955,345,380,1149,850,630,388,1125,111.3,95.5,34.5,XL
Female,1628,694,860,807,371,330,1056,800,636,399,1045,86.0,80.7,37.1,L
Female,1600,786,1068,855,380,338,1090,810,690,398,1035,106.8,85.5,38.0,XL
Female,1747,851,1025,969,356,342,1095,847,677,383,1203,102.5,96.9,35.6,XXL
Female,1583,678,925,900,374,329,1004,798,648,373,1009,92.5,90.0,37.4,XL
Female,1662,645,927,800,346,335,995,830,585,393,1067,92.7,80.0,34.6,L
Female,1697,618,873,720,320,314,1011,840,607,349,1145,87.3,72.0,32.0,M
Female,1732,843,948,942,332,354,1042,862,700,414,1167,94.8,94.2,33.2,XL
Female,1647,793,982,1015,382,340,1152,860,684,406,1107,98.2,101.5,38.2,XXL
Female,1589,727,1029,1019,356,324,1065,845,664,356,1105,102.9,101.9,35.6,XXL
Female,1545,645,965,829,343,320,1051,798,653,365,1004,96.5,82.9,34.3,L
Female,1659,755,1028,937,348,337,1106,838,639,384,1143,102.8,93.7,34.8,XL
Female,1522,555,891,885,332,295,985,765,581,356,1020,89.1,88.5,33.2,XL
Female,1651,779,997,816,363,330,1087,853,677,390,1092,99.7,81.6,36.3,L
Female,1767,763,1016,922,372,312,1040,880,641,404,1152,101.6,92.2,37.2,XL
Female,1608,785,1008,965,375,317,1017,783,703,417,1077,100.8,96.5,37.5,XXL
Female,1605,717,997,931,373,334,1047,848,677,365,1098,99.7,93.1,37.3,XL
Female,1734,674,902,895,357,314,1036,851,615,344,1115,90.2,89.5,35.7,XL
Female,1661,730,972,829,393,323,983,794,691,399,1071,97.2,82.9,39.3,XL
Female,1589,754,960,980,398,337,1033,794,733,390,1076,96.0,98.0,39.8,XXL
Female,1741,776,912,800,368,326,1050,815,655,424,1148,91.2,80.0,36.8,L
Female,1670,810,1079,1012,381,339,1087,824,677,373,1077,107.9,101.2,38.1,XXL
Female,1680,667,865,801,353,321,991,815,615,387,1090,86.5,80.1,35.3,L
Female,1736,791,957,915,394,357,1076,845,676,388,1140,95.7,91.5,39.4,XL
Female,1682,763,990,937,365,314,1072,882,663,403,1140,99.0,93.7,36.5,XL
Female,1714,650,936,811,349,325,1077,850,601,388,1086,93.6,81.1,34.9,L
Female,1546,513,856,691,307,304,935,743,515,367,960,85.6,69.1,30.7,S
Female,1634,591,917,813,338,311,995,838,568,358,1058,91.7,81.3,33.8,L
Female,1568,658,930,890,365,326,1016,772,637,387,1037,93.0,89.0,36.5,XL
Female,1536,504,876,782,322,298,930,730,565,313,1012,87.6,78.2,32.2,M
Female,1584,685,962,927,358,339,1037,815,643,383,1039,96.2,92.7,35.8,XL
Female,1646,629,882,874,340,323,1028,838,623,351,1105,88.2,87.4,34.0,L
Female,1664,568,891,765,327,302,940,795,568,359,1052,89.1,76.5,32.7,M
Female,1658,661,902,800,339,321,1050,793,613,379,1080,90.2,80.0,33.9,L
Female,1738,683,910,734,338,329,1060,870,597,366,1103,91.0,73.4,33.8,M
Female,1745,791,923,775,364,327,1080,879,677,419,1139,92.3,77.5,36.4,L
Female,1595,907,1072,1061,433,347,1109,815,803,453,1072,107.2,106.1,43.3,XXXL
Female,1625,783,987,926,384,347,1025,828,705,423,1089,98.7,92.6,38.4,XL
Female,1623,709,967,865,382,332,1039,830,645,412,1054,96.7,86.5,38.2,L
Female,1518,509,841,752,324,312,939,709,540,367,972,84.1,75.2,32.4,M
Female,1525,623,1008,877,345,340,1010,759,619,354,984,100.8,87.7,34.5,L
Female,1557,664,919,900,355,309,970,770,648,387,1009,91.9,90.0,35.5,XL
Female,1730,921,1093,1054,374,371,1170,868,675,430,1182,109.3,105.4,37.4,XXXL
Female,1601,671,983,903,366,312,1005,798,632,365,1030,98.3,90.3,36.6,XL
Female,1597,547,839,728,322,314,975,755,549,348,1054,83.9,72.8,32.2,M
Female,1743,784,1027,947,367,347,1070,860,646,372,1080,102.7,94.7,36.7,XL
Female,1683,590,925,754,340,312,991,824,557,356,1069,92.5,75.4,34.0,M
Female,1752,763,1015,921,346,342,1082,890,594,413,1122,101.5,92.1,34.6,XL
Female,1618,709,967,851,374,321,985,783,660,383,1081,96.7,85.1,37.4,L
Female,1620,703,1018,851,374,315,990,794,627,367,1110,101.8,85.1,37.4,L
Female,1649,581,862,790,323,317,1005,830,577,362,1050,86.2,79.0,32.3,M
Female,1709,593,846,764,322,327,1037,860,565,360,1113,84.6,76.4,32.2,M
Female,1587,753,1044,992,353,328,996,758,639,388,1055,104.4,99.2,35.3,XXL
Female,1632,662,917,816,319,326,1025,801,609,375,1008,91.7,81.6,31.9,L
Female,1527,683,1057,965,361,325,1006,749,621,373,1033,105.7,96.5,36.1,XXL
Female,1660,758,1034,975,353,364,1051,801,648,395,1062,103.4,97.5,35.3,XXL
Female,1632,613,864,734,332,318,1026,824,607,363,1082,86.4,73.4,33.2,M
Female,1742,730,942,820,369,317,1072,829,622,392,1099,94.2,82.0,36.9,L
Female,1709,700,885,848,361,323,987,802,655,424,1109,88.5,84.8,36.1,L
Female,1619,751,1048,925,356,344,1053,792,640,377,1042,104.8,92.5,35.6,XL
Female,1675,738,996,927,350,341,1057,839,605,385,1036,99.6,92.7,35.0,XL
Female,1634,642,988,837,360,319,951,782,621,382,1009,98.8,83.7,36.0,L
Female,1679,595,892,802,347,313,1007,804,579,353,1071,89.2,80.2,34.7,L
Female,1614,569,848,846,327,302,979,808,562,355,1052,84.8,84.6,32.7,L
Female,1684,596,861,778,342,300,1011,853,580,343,1103,86.1,77.8,34.2,M
Female,1597,631,937,853,324,331,1035,800,606,349,1027,93.7,85.3,32.4,L
Female,1610,589,855,730,338,299,984,754,580,393,1037,85.5,73.0,33.8,M
Female,1688,746,943,886,377,345,1091,882,671,377,1135,94.3,88.6,37.7,XL
Female,1725,864,997,929,403,340,1095,879,725,386,1132,99.7,92.9,40.3,XL
Female,1609,608,936,900,318,334,1010,818,575,338,1066,93.6,90.0,31.8,XL
Female,1585,504,810,759,317,309,899,762,509,343,968,81.0,75.9,31.7,M
Female,1562,549,887,816,343,301,936,760,555,357,1024,88.7,81.6,34.3,L
Female,1547,530,897,770,324,314,941,730,516,332,945,89.7,77.0,32.4,M
Female,1611,692,961,895,362,338,1038,785,642,381,1031,96.1,89.5,36.2,XL
Female,1740,713,1004,880,344,329,1057,865,582,380,1113,100.4,88.0,34.4,XL
Female,1555,705,972,904,370,333,1020,750,660,403,1057,97.2,90.4,37.0,XL
Female,1650,699,971,938,352,316,1012,810,601,356,1097,97.1,93.8,35.2,XL
Female,1583,659,913,906,348,337,1029,737,616,383,1057,91.3,90.6,34.8,XL
Female,1647,632,858,750,341,327,999,795,593,372,1082,85.8,75.0,34.1,M
Female,1532,696,946,845,356,332,1035,805,669,387,1055,94.6,84.5,35.6,L
Female,1619,593,920,811,340,330,990,804,556,334,1027,92.0,81.1,34.0,L
Female,1704,695,902,888,348,335,1032,800,604,398,1096,90.2,88.8,34.8,XL
Female,1689,797,970,774,356,319,1061,847,671,454,1099,97.0,77.4,35.6,L
Female,1657,619,911,846,366,325,1000,817,603,348,1108,91.1,84.6,36.6,L
Female,1647,677,926,861,346,310,1009,847,625,367,1073,92.6,86.1,34.6,L
Female,1670,544,892,724,296,301,977,855,541,323,1055,89.2,72.4,29.6,M
Female,1496,646,971,928,335,360,1030,762,642,362,995,97.1,92.8,33.5,XL
Female,1717,882,1117,1026,365,347,1120,919,651,360,1126,111.7,102.6,36.5,XXL
Female,1531,634,943,915,366,333,1001,758,626,355,995,94.3,91.5,36.6,XL
Female,1666,765,981,987,372,335,1035,839,650,387,1148,98.1,98.7,37.2,XXL
Female,1574,654,892,915,361,310,1027,766,654,364,997,89.2,91.5,36.1,XL
Female,1663,837,1000,888,362,358,1075,861,669,420,1090,100.0,88.8,36.2,XL
Female,1617,652,975,863,330,316,1005,835,619,351,1036,97.5,86.3,33.0,L
Female,1585,624,1005,857,320,330,1015,810,615,336,1040,100.5,85.7,32.0,L
Female,1647,994,1195,1037,416,370,1120,850,780,444,1110,119.5,103.7,41.6,XXL
Female,1643,748,1016,950,380,343,1100,845,663,368,1113,101.6,95.0,38.0,XL
Female,1677,649,901,877,346,330,1063,850,596,356,1110,90.1,87.7,34.6,L
Female,1670,542,889,665,322,309,990,860,514,328,1037,88.9,66.5,32.2,M
Female,1651,814,983,885,409,319,1079,827,719,423,1047,98.3,88.5,40.9,XL
Female,1525,563,883,812,334,304,978,730,575,345,953,88.3,81.2,33.4,L
Female,1715,967,1152,1096,410,369,1160,850,757,417,1120,115.2,109.6,41.0,XXXL
Female,1602,837,1148,1006,344,357,1105,815,680,402,1054,114.8,100.6,34.4,XXL
Female,1570,502,855,685,305,302,964,768,520,356,959,85.5,68.5,30.5,S
Female,1662,657,901,944,331,339,1060,830,605,355,1125,90.1,94.4,33.1,XL
Female,1561,707,983,973,368,322,993,771,666,391,1025,98.3,97.3,36.8,XXL
Female,1543,669,968,975,375,322,968,770,631,377,1024,96.8,97.5,37.5,XXL
Female,1562,597,923,853,345,315,1017,801,585,366,1045,92.3,85.3,34.5,L
Female,1627,720,897,885,374,327,1024,815,647,412,1119,89.7,88.5,37.4,XL
Female,1678,750,940,816,361,336,1105,809,642,400,1045,94.0,81.6,36.1,L
Female,1608,673,990,982,358,300,1034,785,645,354,1060,99.0,98.2,35.8,XXL
Female,1672,784,906,856,381,338,980,820,708,433,1127,90.6,85.6,38.1,L
Female,1661,516,769,710,313,306,956,811,506,342,1010,76.9,71.0,31.3,S
Female,1574,630,1010,890,358,320,1039,792,583,354,1040,101.0,89.0,35.8,XL
Female,1670,793,1046,990,369,322,1075,853,653,372,1076,104.6,99.0,36.9,XXL
Female,1585,564,895,793,360,314,1010,775,570,323,969,89.5,79.3,36.0,L
Female,1574,687,997,962,360,344,975,740,634,365,1001,99.7,96.2,36.0,XXL
Female,1617,590,846,727,335,322,989,820,595,363,1050,84.6,72.7,33.5,M
Female,1592,603,904,770,341,319,1040,795,587,363,1044,90.4,77.0,34.1,M
Female,1705,699,991,930,349,334,1030,811,598,359,1087,99.1,93.0,34.9,XL
Female,1620,573,878,849,335,307,968,793,557,337,1037,87.8,84.9,33.5,L
Female,1579,654,957,882,350,330,998,785,647,372,1028,95.7,88.2,35.0,XL
Female,1661,603,876,749,333,309,967,764,579,346,1085,87.6,74.9,33.3,M
Female,1595,771,955,935,370,350,1091,825,668,402,1060,95.5,93.5,37.0,XL
Female,1646,767,1062,903,345,339,1085,806,670,388,1065,106.2,90.3,34.5,XL
Female,1522,667,932,890,361,315,1014,770,674,365,998,93.2,89.0,36.1,XL
Female,1760,783,928,900,351,331,1078,839,635,392,1150,92.8,90.0,35.1,XL
Female,1505,518,850,752,319,296,970,741,553,363,965,85.0,75.2,31.9,M
Female,1708,663,838,803,344,315,977,830,603,395,1168,83.8,80.3,34.4,L
Female,1659,655,938,861,318,333,1103,870,589,350,1132,93.8,86.1,31.8,L
Female,1613,690,1004,906,330,351,1064,823,605,359,1078,100.4,90.6,33.0,XL
Female,1666,680,905,870,345,326,1040,850,614,347,1068,90.5,87.0,34.5,L
Female,1565,609,918,860,356,313,1000,777,628,348,1090,91.8,86.0,35.6,L
Female,1578,646,859,785,348,312,988,770,645,378,1036,85.9,78.5,34.8,M
Female,1480,540,880,770,322,291,960,740,583,368,999,88.0,77.0,32.2,M
Female,1636,530,829,756,338,304,959,820,543,343,1029,82.9,75.6,33.8,M
Female,1608,789,945,901,357,346,1119,845,679,416,1103,94.5,90.1,35.7,XL
Female,1552,431,825,658,284,281,943,796,448,326,983,82.5,65.8,28.4,S
Female,1559,746,985,873,368,356,1080,800,677,413,1064,98.5,87.3,36.8,L
Female,1595,712,998,1033,374,327,965,774,667,380,1023,99.8,103.3,37.4,XXL
Female,1674,727,1016,863,364,349,1108,862,637,360,1079,101.6,86.3,36.4,L
Female,1661,613,845,761,343,311,1017,835,567,372,1046,84.5,76.1,34.3,M
Female,1550,574,878,792,308,333,993,826,565,317,1045,87.8,79.2,30.8,M
Female,1597,655,902,832,340,324,1028,770,630,387,1029,90.2,83.2,34.0,L
Female,1543,577,884,753,337,312,1022,800,574,368,958,88.4,75.3,33.7,M
Female,1636,585,837,760,314,314,1027,815,598,354,1072,83.7,76.0,31.4,M
Female,1563,627,923,913,360,338,982,753,604,363,965,92.3,91.3,36.0,XL
Female,1506,535,905,779,311,335,1036,756,556,341,993,90.5,77.9,31.1,M
Female,1689,652,851,803,341,316,1045,828,571,381,1081,85.1,80.3,34.1,L
Female,1600,702,992,878,349,316,1040,802,644,387,1053,99.2,87.8,34.9,L
Female,1827,931,1021,1080,402,354,1131,881,716,422,1188,102.1,108.0,40.2,XXXL
Female,1594,532,824,742,330,303,990,781,574,330,1053,82.4,74.2,33.0,M
Female,1768,735,974,817,334,342,1156,866,624,373,1159,97.4,81.7,33.4,L
Female,1658,557,783,759,312,306,960,808,530,386,1040,78.3,75.9,31.2,M
Female,1629,655,945,865,353,325,1008,788,582,367,1056,94.5,86.5,35.3,L
Female,1672,691,975,855,375,320,1017,818,633,392,1050,97.5,85.5,37.5,L
Female,1783,965,1013,967,379,369,1136,930,707,437,1195,101.3,96.7,37.9,XXL
Female,1571,702,970,992,343,333,1075,778,617,375,1028,97.0,99.2,34.3,XXL
Female,1525,523,838,736,299,300,993,755,542,354,980,83.8,73.6,29.9,M
Female,1595,660,923,876,341,343,1033,816,602,356,1065,92.3,87.6,34.1,L
Female,1708,814,1009,947,373,334,1102,852,670,436,1099,100.9,94.7,37.3,XL
Female,1818,952,1029,1000,393,358,1148,911,710,452,1161,102.9,100.0,39.3,XXL
Female,1688,658,832,802,321,340,1039,856,572,369,1113,83.2,80.2,32.1,L
Female,1568,503,782,695,326,318,929,758,572,327,968,78.2,69.5,32.6,S
Female,1555,547,885,807,332,306,975,760,582,351,973,88.5,80.7,33.2,L
Female,1645,688,988,918,353,330,1058,840,633,369,1010,98.8,91.8,35.3,XL
Female,1631,604,833,750,335,312,968,817,556,390,1093,83.3,75.0,33.5,M
Female,1563,669,919,881,339,341,1001,750,631,394,994,91.9,88.1,33.9,XL
Female,1566,599,926,806,361,319,982,789,610,369,993,92.6,80.6,36.1,L
Female,1585,616,870,875,342,311,1002,819,623,354,1106,87.0,87.5,34.2,L
Female,1518,548,872,798,338,308,942,745,575,348,955,87.2,79.8,33.8,M
Female,1590,604,838,716,316,325,1004,830,585,370,1053,83.8,71.6,31.6,S
Female,1462,519,845,829,321,334,949,711,567,350,946,84.5,82.9,32.1,L
Female,1599,640,930,943,346,324,1037,777,596,333,1007,93.0,94.3,34.6,XL
Female,1665,669,845,834,374,330,976,780,625,369,1055,84.5,83.4,37.4,L
Female,1712,791,1007,958,358,343,1106,886,649,383,1111,100.7,95.8,35.8,XL
Female,1634,598,908,796,342,321,1023,798,592,343,1066,90.8,79.6,34.2,M
Female,1628,736,975,865,341,364,1091,825,622,394,1066,97.5,86.5,34.1,L
Female,1625,825,1080,1052,355,345,1125,819,677,392,1128,108.0,105.2,35.5,XXXL
Female,1718,756,996,881,391,327,1123,874,625,374,1074,99.6,88.1,39.1,XL
Female,1604,595,773,767,324,316,945,800,595,408,999,77.3,76.7,32.4,M
Female,1748,863,996,978,413,329,1041,845,716,421,1141,99.6,97.8,41.3,XXL
Female,1650,686,935,936,328,334,1067,825,575,391,1005,93.5,93.6,32.8,XL
Female,1679,763,965,970,362,350,1108,838,657,406,1021,96.5,97.0,36.2,XXL
Female,1635,725,995,904,377,330,1044,822,645,376,1030,99.5,90.4,37.7,XL
Female,1673,639,862,783,333,327,1050,864,580,364,1095,86.2,78.3,33.3,M
Female,1643,559,856,772,334,297,980,791,555,340,1027,85.6,77.2,33.4,M
Female,1691,764,964,960,345,327,1046,858,682,378,1108,96.4,96.0,34.5,XXL
Female,1672,699,969,871,348,354,1047,855,605,389,1074,96.9,87.1,34.8,L
Female,1638,630,839,825,351,317,1034,817,612,366,1042,83.9,82.5,35.1,L
Female,1676,606,803,734,318,330,1021,801,578,359,1020,80.3,73.4,31.8,M
Female,1655,680,918,852,363,322,1030,819,631,396,1061,91.8,85.2,36.3,L
Female,1675,654,914,813,363,327,982,815,607,372,1051,91.4,81.3,36.3,L
Female,1508,538,820,765,334,306,974,765,563,357,933,82.0,76.5,33.4,M
Female,1679,731,1006,955,366,335,1031,815,616,364,1086,100.6,95.5,36.6,XL
Female,1692,766,970,882,380,332,1099,843,659,393,1122,97.0,88.2,38.0,XL
Female,1631,577,882,800,335,308,948,770,552,357,1027,88.2,80.0,33.5,L
Female,1533,598,909,827,348,314,981,744,596,363,945,90.9,82.7,34.8,L
Female,1563,686,996,887,382,319,1030,760,641,388,1002,99.6,88.7,38.2,XL
Female,1655,708,908,830,376,323,1080,825,640,384,1023,90.8,83.0,37.6,L
Female,1496,488,786,697,312,312,908,680,524,347,896,78.6,69.7,31.2,S
Female,1777,766,935,857,368,329,1067,854,644,388,1145,93.5,85.7,36.8,L
Female,1546,583,897,788,324,331,1023,764,605,351,993,89.7,78.8,32.4,M
Female,1685,685,906,936,366,326,1011,830,606,375,1099,90.6,93.6,36.6,XL
Female,1608,585,850,768,346,313,1005,800,566,366,1043,85.0,76.8,34.6,M
Female,1632,719,929,833,357,330,1085,828,653,399,1054,92.9,83.3,35.7,L
Female,1690,649,892,802,328,345,1078,857,600,360,1146,89.2,80.2,32.8,L
Female,1655,583,798,742,325,310,1011,815,557,370,1089,79.8,74.2,32.5,M
Female,1574,648,933,850,361,312,995,805,604,398,1027,93.3,85.0,36.1,L
Female,1659,564,841,758,317,307,1001,810,538,371,1101,84.1,75.8,31.7,M
Female,1541,478,812,706,296,316,962,743,513,334,997,81.2,70.6,29.6,S
Female,1675,591,843,775,323,313,1022,831,575,349,1095,84.3,77.5,32.3,M
Female,1652,665,936,912,367,316,1051,812,601,372,1027,93.6,91.2,36.7,XL
Female,1593,649,945,886,381,320,1021,801,620,368,1052,94.5,88.6,38.1,XL
Female,1565,512,784,755,324,319,940,744,539,352,965,78.4,75.5,32.4,M
Female,1530,496,804,765,307,313,915,716,522,343,1000,80.4,76.5,30.7,M
Female,1600,744,932,897,352,352,1083,829,663,395,1081,93.2,89.7,35.2,XL
Female,1615,680,927,868,337,335,1020,800,594,380,1045,92.7,86.8,33.7,L
Female,1557,506,783,790,308,309,985,775,528,335,1005,78.3,79.0,30.8,M
Female,1679,591,846,785,320,317,1008,815,541,340,1058,84.6,78.5,32.0,M
Female,1662,712,909,864,370,344,1030,826,633,388,1069,90.9,86.4,37.0,L
Female,1696,844,1121,967,402,356,1105,860,665,378,1078,112.1,96.7,40.2,XXL
Female,1657,547,892,760,332,311,988,859,548,339,1114,89.2,76.0,33.2,M
Female,1495,487,814,726,310,300,965,732,554,364,910,81.4,72.6,31.0,M
Female,1644,612,939,842,353,311,995,818,579,355,1024,93.9,84.2,35.3,L
Female,1652,722,933,865,353,332,1045,820,640,403,1061,93.3,86.5,35.3,L
Female,1566,567,894,888,332,318,964,770,575,347,1055,89.4,88.8,33.2,XL
Female,1653,688,957,819,347,342,1077,840,617,382,1093,95.7,81.9,34.7,L
Female,1604,542,787,739,336,291,940,745,558,370,1034,78.7,73.9,33.6,M
Female,1594,611,853,805,333,324,1006,790,603,374,1045,85.3,80.5,33.3,L
Female,1627,672,989,880,357,362,1029,797,588,350,1039,98.9,88.0,35.7,XL
Female,1729,749,927,810,350,342,1055,860,631,406,1126,92.7,81.0,35.0,L
Female,1602,585,883,803,324,313,987,798,543,362,1018,88.3,80.3,32.4,L
Female,1615,605,930,787,349,310,1022,825,575,357,1020,93.0,78.7,34.9,M
Female,1645,601,862,787,357,308,1007,797,577,369,1057,86.2,78.7,35.7,M
Female,1623,621,877,821,325,315,955,788,578,405,1043,87.7,82.1,32.5,L
Female,1595,609,830,723,311,334,1013,782,577,373,1015,83.0,72.3,31.1,M
Female,1480,470,798,628,280,308,932,712,520,328,975,79.8,62.8,28.0,XS
Female,1696,786,955,951,384,315,1043,848,665,410,1100,95.5,95.1,38.4,XL
Female,1680,725,958,857,389,320,1065,830,648,391,1090,95.8,85.7,38.9,L
Female,1590,516,787,726,309,297,947,791,536,333,1020,78.7,72.6,30.9,M
Female,1529,501,802,700,307,319,927,732,543,375,912,80.2,70.0,30.7,S
Female,1551,626,917,860,333,326,983,779,597,357,990,91.7,86.0,33.3,L
Female,1709,787,942,832,361,323,1058,850,687,410,1126,94.2,83.2,36.1,L
Female,1589,572,947,818,320,323,1006,755,530,342,1010,94.7,81.8,32.0,L
Female,1616,670,902,813,367,327,1024,840,656,348,1077,90.2,81.3,36.7,L
Female,1643,535,825,705,339,310,930,751,555,337,986,82.5,70.5,33.9,M
Female,1587,638,844,768,355,302,995,802,647,369,1022,84.4,76.8,35.5,M
Female,1691,752,888,779,344,337,1043,847,669,427,1084,88.8,77.9,34.4,M
Female,1558,519,824,699,309,326,992,768,532,338,991,82.4,69.9,30.9,S
Female,1611,602,843,768,321,320,990,803,585,373,1025,84.3,76.8,32.1,M
Female,1724,701,915,898,354,336,1061,830,599,392,1119,91.5,89.8,35.4,XL
Female,1623,782,958,900,366,346,1066,828,664,408,1037,95.8,90.0,36.6,XL
Female,1686,611,880,791,320,317,1021,819,562,354,1035,88.0,79.1,32.0,M
Female,1587,631,1011,895,350,332,1051,790,578,330,993,101.1,89.5,35.0,XL
Female,1546,540,803,710,329,328,960,739,552,370,934,80.3,71.0,32.9,S
Female,1682,619,914,827,318,331,1033,808,558,325,1096,91.4,82.7,31.8,L
Female,1519,577,848,812,336,322,981,747,585,367,956,84.8,81.2,33.6,L
Female,1631,673,867,808,336,337,1029,810,629,387,1043,86.7,80.8,33.6,L
Female,1525,608,909,789,357,343,988,772,609,383,995,90.9,78.9,35.7,M
Female,1657,905,1110,1092,401,358,1072,820,719,438,1076,111.0,109.2,40.1,XXXL
Female,1653,682,975,815,338,336,1025,818,623,363,1061,97.5,81.5,33.8,L
Female,1447,683,1018,937,358,329,971,700,650,399,902,101.8,93.7,35.8,XL
Female,1615,778,1068,1040,350,378,1092,840,642,356,1072,106.8,104.0,35.0,XXXL
Female,1732,648,958,854,358,306,991,830,573,357,1163,95.8,85.4,35.8,L
Female,1733,1082,1212,1076,445,387,1159,881,792,456,1101,121.2,107.6,44.5,XXXL
Female,1760,875,1004,1031,398,334,1033,840,728,388,1113,100.4,103.1,39.8,XXL
Female,1669,788,1052,930,371,360,1125,856,641,393,1069,105.2,93.0,37.1,XL
Female,1602,844,1073,976,378,343,1085,852,731,433,1035,107.3,97.6,37.8,XXL
Female,1611,667,910,916,352,327,1014,804,590,376,1024,91.0,91.6,35.2,XL
Female,1607,749,1057,927,343,322,1080,840,631,395,1055,105.7,92.7,34.3,XL
Female,1582,827,1043,1032,402,340,1047,790,716,414,1051,104.3,103.2,40.2,XXL
Female,1636,695,902,925,363,315,1031,809,664,378,1070,90.2,92.5,36.3,XL
Female,1702,697,909,889,356,322,1033,855,590,383,1094,90.9,88.9,35.6,XL
Female,1591,528,783,708,300,312,1004,814,540,346,1008,78.3,70.8,30.0,S
Female,1724,785,1036,925,370,350,1039,802,642,384,1094,103.6,92.5,37.0,XL
Female,1657,669,965,833,347,348,1060,862,599,373,1079,96.5,83.3,34.7,L
Female,1591,556,830,827,325,314,987,784,550,357,972,83.0,82.7,32.5,L
Female,1630,840,1077,1042,401,350,1080,800,692,420,1021,107.7,104.2,40.1,XXXL
Female,1730,831,945,961,363,360,1056,845,650,452,1123,94.5,96.1,36.3,XXL
Female,1695,735,943,866,369,330,1021,798,665,383,1074,94.3,86.6,36.9,L
Female,1598,763,948,911,369,335,1058,835,702,397,1079,94.8,91.1,36.9,XL
Female,1606,637,953,875,348,326,1013,778,592,353,988,95.3,87.5,34.8,L
Female,1644,700,975,906,345,325,1005,800,629,376,1134,97.5,90.6,34.5,XL
Female,1575,626,923,835,362,312,994,763,611,371,970,92.3,83.5,36.2,L
Female,1642,607,881,787,327,322,986,806,585,355,1057,88.1,78.7,32.7,M
Female,1615,705,986,943,357,337,1060,840,635,361,1065,98.6,94.3,35.7,XL
Female,1570,689,988,913,384,314,993,765,646,390,1036,98.8,91.3,38.4,XL
Female,1607,633,896,778,345,311,1025,786,601,388,1050,89.6,77.8,34.5,M
Female,1626,564,823,722,306,304,974,805,529,374,1042,82.3,72.2,30.6,M
Female,1729,729,935,843,359,321,1060,861,590,389,1111,93.5,84.3,35.9,L
Female,1501,618,932,782,336,321,977,756,626,373,967,93.2,78.2,33.6,M
Female,1657,618,883,791,324,323,1012,796,589,359,1035,88.3,79.1,32.4,M
Female,1614,546,813,761,300,304,981,802,552,330,1023,81.3,76.1,30.0,M
Female,1660,686,954,853,346,327,1062,857,605,367,1056,95.4,85.3,34.6,L
Female,1675,641,884,725,291,326,1021,814,581,371,1054,88.4,72.5,29.1,M
Female,1638,635,865,779,317,334,1046,857,590,373,1065,86.5,77.9,31.7,M
Female,1584,634,869,834,342,296,993,800,654,355,1046,86.9,83.4,34.2,L
Female,1680,684,927,800,339,328,1062,840,625,374,1045,92.7,80.0,33.9,L
Female,1667,680,896,835,329,309,1059,830,608,401,1079,89.6,83.5,32.9,L
Female,1758,751,946,825,360,329,1072,863,635,384,1111,94.6,82.5,36.0,L
Female,1688,851,950,962,392,346,1105,850,700,423,1138,95.0,96.2,39.2,XXL
Female,1636,582,895,823,345,314,993,801,567,333,1031,89.5,82.3,34.5,L
Female,1607,709,910,846,360,330,1050,814,640,402,1022,91.0,84.6,36.0,L
Female,1594,664,876,959,372,340,968,788,616,380,1062,87.6,95.9,37.2,XL
Female,1694,757,962,907,358,347,1050,825,617,408,1040,96.2,90.7,35.8,XL
Female,1606,632,910,807,348,324,1039,823,604,362,1026,91.0,80.7,34.8,L
Female,1687,674,863,853,335,322,983,833,599,369,1064,86.3,85.3,33.5,L
Female,1574,602,896,753,332,302,1062,824,607,359,1027,89.6,75.3,33.2,M
Female,1603,616,898,839,341,324,988,818,553,357,1021,89.8,83.9,34.1,L
Female,1559,584,921,762,305,325,998,778,593,363,1029,92.1,76.2,30.5,M
Female,1659,717,914,861,360,335,1067,832,620,388,1067,91.4,86.1,36.0,L
Female,1614,606,920,845,333,319,973,807,570,344,1025,92.0,84.5,33.3,L
Female,1630,648,869,818,344,322,1032,815,600,402,1024,86.9,81.8,34.4,L
Female,1435,478,860,760,310,317,935,685,537,344,846,86.0,76.0,31.0,M
Female,1672,751,951,885,345,341,1055,813,630,389,1064,95.1,88.5,34.5,XL
Female,1708,739,936,872,339,341,1058,862,625,380,1112,93.6,87.2,33.9,L
Female,1676,686,1017,887,347,337,1044,808,544,382,1061,101.7,88.7,34.7,XL
Female,1609,620,844,788,348,323,999,790,606,363,1024,84.4,78.8,34.8,M
Female,1590,740,1000,937,361,339,1014,791,638,437,1021,100.0,93.7,36.1,XL
Female,1629,598,832,798,333,332,1017,824,552,355,1035,83.2,79.8,33.3,M
Female,1598,645,888,826,329,327,1023,799,610,374,1012,88.8,82.6,32.9,L
Female,1560,563,895,761,320,307,963,791,558,355,1014,89.5,76.1,32.0,M
Female,1688,686,919,822,320,337,1036,825,598,388,1050,91.9,82.2,32.0,L
Female,1745,696,906,803,331,355,1098,871,591,354,1120,90.6,80.3,33.1,L
Female,1673,631,865,791,319,326,1015,820,588,349,1070,86.5,79.1,31.9,M
Female,1662,729,950,846,342,337,1080,814,641,365,1073,95.0,84.6,34.2,L
Female,1576,548,906,762,299,331,1016,767,517,341,972,90.6,76.2,29.9,M
Female,1720,650,908,860,325,306,1014,839,585,359,1096,90.8,86.0,32.5,L
Female,1701,700,906,867,367,311,1049,847,595,381,1095,90.6,86.7,36.7,L
Female,1620,580,815,793,324,315,986,801,540,364,992,81.5,79.3,32.4,M
Female,1670,738,952,928,366,347,1080,834,628,373,1062,95.2,92.8,36.6,XL
Female,1630,478,775,672,291,298,932,790,476,330,1013,77.5,67.2,29.1,S
Female,1636,583,815,785,334,310,967,795,571,346,1018,81.5,78.5,33.4,M
Female,1714,849,956,916,409,348,1030,815,728,455,1135,95.6,91.6,40.9,XL
Female,1702,732,927,854,359,304,1048,835,655,407,1093,92.7,85.4,35.9,L
Female,1590,609,855,778,346,311,985,770,614,380,1025,85.5,77.8,34.6,M
Female,1643,654,900,771,370,314,1030,810,598,389,1030,90.0,77.1,37.0,L
Female,1769,832,946,897,371,355,1123,872,658,405,1155,94.6,89.7,37.1,XL
Female,1549,591,882,822,349,324,1027,778,581,357,977,88.2,82.2,34.9,L
Female,1533,695,973,935,337,339,1129,781,599,407,978,97.3,93.5,33.7,XL
Female,1592,609,848,828,326,333,989,793,585,372,1012,84.8,82.8,32.6,L
Female,1609,650,903,841,331,331,1049,808,588,367,1050,90.3,84.1,33.1,L
Female,1569,550,815,754,318,310,985,769,552,351,964,81.5,75.4,31.8,M
Female,1586,659,883,865,356,334,1032,785,638,382,992,88.3,86.5,35.6,L
Female,1574,701,902,827,372,329,1063,801,629,395,1036,90.2,82.7,37.2,L
Female,1617,689,930,887,346,335,1050,792,612,376,1026,93.0,88.7,34.6,XL
Female,1589,607,866,836,320,314,1026,815,595,363,1034,86.6,83.6,32.0,L
Female,1679,736,931,917,360,338,1021,851,648,380,1096,93.1,91.7,36.0,XL
Female,1700,564,826,739,324,305,1003,825,530,338,1037,82.6,73.9,32.4,M
Female,1623,566,847,779,326,326,992,790,536,338,982,84.7,77.9,32.6,M
Female,1677,681,857,775,324,327,1048,835,590,386,1034,85.7,77.5,32.4,M
Female,1598,660,920,860,339,315,1049,811,630,366,1003,92.0,86.0,33.9,L
Female,1625,536,784,700,311,308,982,831,498,352,1004,78.4,70.0,31.1,S
Female,1685,647,840,812,322,332,1042,840,587,361,1090,84.0,81.2,32.2,L
Female,1685,776,1025,908,377,343,1088,831,649,387,1074,102.5,90.8,37.7,XL
Female,1623,563,794,733,301,324,1006,808,562,343,1053,79.4,73.3,30.1,M
Female,1674,675,945,904,344,327,1054,835,579,355,1053,94.5,90.4,34.4,XL
Female,1653,604,890,814,342,309,976,810,573,367,1048,89.0,81.4,34.2,L
Female,1587,542,957,872,333,306,965,741,548,313,1023,95.7,87.2,33.3,L
Female,1595,664,1008,980,373,338,1033,773,628,360,1046,100.8,98.0,37.3,XXL
Female,1563,744,998,1046,368,339,1021,787,685,381,1069,99.8,104.6,36.8,XXXL
Female,1674,621,909,841,340,331,1055,827,557,348,1044,90.9,84.1,34.0,L
Female,1439,585,982,824,323,323,975,707,608,377,894,98.2,82.4,32.3,L
Female,1718,810,1018,955,353,354,1077,857,654,393,1114,101.8,95.5,35.3,XL
Female,1589,511,796,717,320,308,978,802,522,325,930,79.6,71.7,32.0,S
Female,1645,717,1112,964,363,357,1124,825,608,376,1073,111.2,96.4,36.3,XXL
Female,1677,607,913,758,348,318,1055,828,580,358,1078,91.3,75.8,34.8,M
Female,1552,591,884,829,351,304,932,749,601,360,1033,88.4,82.9,35.1,L
Female,1523,636,1073,999,343,361,1035,774,575,360,1044,107.3,99.9,34.3,XXL
Female,1612,715,1012,941,384,330,1063,837,683,369,1034,101.2,94.1,38.4,XL
Female,1642,574,917,776,334,320,989,823,559,339,1065,91.7,77.6,33.4,M
Female,1732,716,979,822,359,330,1028,865,615,378,1093,97.9,82.2,35.9,L
Female,1600,540,877,752,332,307,975,790,568,337,976,87.7,75.2,33.2,M
Female,1409,426,824,716,287,300,925,680,493,354,868,82.4,71.6,28.7,S
Female,1620,585,889,759,322,310,989,815,545,364,1025,88.9,75.9,32.2,M
Female,1746,828,960,898,371,341,1122,878,686,392,1193,96.0,89.8,37.1,XL
Female,1688,740,983,852,356,330,1052,865,646,409,1154,98.3,85.2,35.6,L
Female,1606,765,976,920,369,342,1069,795,668,432,1004,97.6,92.0,36.9,XL
Female,1658,852,1029,1047,382,339,1078,822,693,445,1088,102.9,104.7,38.2,XXXL
Female,1590,671,915,904,362,319,985,790,651,370,1022,91.5,90.4,36.2,XL
Female,1781,760,922,875,376,327,1062,840,651,389,1128,92.2,87.5,37.6,L
Female,1690,695,992,850,361,343,1025,830,640,386,1114,99.2,85.0,36.1,L
Female,1654,754,1015,987,376,344,1083,866,656,395,1087,101.5,98.7,37.6,XXL
Female,1583,663,945,870,385,317,1047,775,629,385,960,94.5,87.0,38.5,L
Female,1523,480,843,743,330,289,965,749,529,323,981,84.3,74.3,33.0,M
Female,1685,830,1096,910,387,333,1087,866,677,415,1110,109.6,91.0,38.7,XL
Female,1672,756,974,964,382,333,1042,850,653,385,1128,97.4,96.4,38.2,XXL
Female,1641,784,1032,934,363,342,1107,809,626,396,1104,103.2,93.4,36.3,XL
Female,1644,594,882,780,352,300,1027,815,585,363,1060,88.2,78.0,35.2,M
Female,1597,766,1013,951,375,337,1059,835,669,402,1057,101.3,95.1,37.5,XL
Female,1732,678,899,795,332,322,1074,863,594,358,1119,89.9,79.5,33.2,M
Female,1529,517,847,815,318,317,947,748,504,344,930,84.7,81.5,31.8,L
Female,1620,662,953,848,370,321,1022,811,600,369,998,95.3,84.8,37.0,L
Female,1643,665,993,797,342,342,1033,816,571,353,1056,99.3,79.7,34.2,L
Female,1556,613,897,927,330,334,980,764,593,366,975,89.7,92.7,33.0,XL
Female,1630,729,1015,986,365,319,1066,841,645,385,1073,101.5,98.6,36.5,XXL
Female,1614,701,924,884,385,324,987,802,632,368,1023,92.4,88.4,38.5,XL
Female,1464,426,737,673,300,285,895,689,517,333,884,73.7,67.3,30.0,S
Female,1749,729,962,810,373,344,1112,871,604,372,1110,96.2,81.0,37.3,L
Female,1618,761,998,933,366,347,1035,820,663,409,1002,99.8,93.3,36.6,XL
Female,1631,719,937,995,369,333,1022,801,672,383,1055,93.7,99.5,36.9,XXL
Female,1704,794,1004,966,384,343,1100,850,672,389,1083,100.4,96.6,38.4,XXL
Female,1669,705,924,874,371,353,1045,797,597,372,1085,92.4,87.4,37.1,L
Female,1586,727,1023,1013,363,336,1050,775,632,393,1022,102.3,101.3,36.3,XXL
Female,1602,609,887,735,343,314,1007,800,606,357,1050,88.7,73.5,34.3,M
Female,1620,800,950,1072,390,356,1076,790,693,394,1056,95.0,107.2,39.0,XXXL
Female,1575,625,917,834,361,312,1000,752,609,368,1075,91.7,83.4,36.1,L
Female,1513,768,1052,1065,403,340,1037,765,697,404,972,105.2,106.5,40.3,XXXL
Female,1573,578,868,818,333,309,1000,788,593,353,1034,86.8,81.8,33.3,L
Female,1649,639,861,828,333,321,1028,815,587,368,1047,86.1,82.8,33.3,L
Female,1657,749,980,945,341,355,1075,828,649,378,1094,98.0,94.5,34.1,XL
Female,1538,650,945,900,343,327,1066,800,604,380,1004,94.5,90.0,34.3,XL
Female,1684,633,857,831,356,306,993,794,616,344,1113,85.7,83.1,35.6,L
Female,1550,526,885,822,325,317,978,771,554,325,1002,88.5,82.2,32.5,L
Female,1630,766,994,1021,391,317,1070,800,671,392,1045,99.4,102.1,39.1,XXL
Female,1693,934,1202,1157,394,346,1170,875,714,412,1154,120.2,115.7,39.4,XXXL
Female,1557,667,982,861,360,335,1055,799,635,362,1022,98.2,86.1,36.0,L
Female,1627,622,882,765,333,312,1000,770,603,373,984,88.2,76.5,33.3,M
Female,1666,942,1208,1085,358,384,1163,874,672,403,1120,120.8,108.5,35.8,XXXL
Female,1599,641,930,880,354,327,1029,815,579,370,1005,93.0,88.0,35.4,XL
Female,1547,692,985,1012,358,322,1000,765,659,353,998,98.5,101.2,35.8,XXL
Female,1636,646,922,831,354,334,990,830,605,372,1046,92.2,83.1,35.4,L
Female,1547,525,889,797,323,320,946,772,536,368,996,88.9,79.7,32.3,M
Female,1629,490,792,762,320,311,884,762,495,298,1026,79.2,76.2,32.0,M
Female,1560,749,997,922,372,338,1063,770,696,390,1000,99.7,92.2,37.2,XL
Female,1751,852,1051,1035,384,330,1047,865,654,396,1145,105.1,103.5,38.4,XXL
Female,1625,772,908,1012,373,342,1028,794,688,407,1058,90.8,101.2,37.3,XXL
Female,1573,643,964,864,337,320,1072,780,617,346,1012,96.4,86.4,33.7,L
Female,1599,722,980,962,371,340,987,767,686,378,1078,98.0,96.2,37.1,XXL
Female,1547,693,972,914,342,333,1050,794,599,387,980,97.2,91.4,34.2,XL
Female,1735,737,921,862,390,339,1054,863,636,363,1078,92.1,86.2,39.0,XL
Female,1670,725,1003,957,369,337,1047,845,625,372,1106,100.3,95.7,36.9,XL
Female,1678,816,1035,897,397,341,1111,855,696,406,1081,103.5,89.7,39.7,XL
Female,1604,570,863,812,348,301,960,787,581,335,1019,86.3,81.2,34.8,L
Female,1631,660,939,865,351,331,980,796,567,374,1088,93.9,86.5,35.1,L
Female,1684,804,980,1054,423,339,1072,835,716,355,1110,98.0,105.4,42.3,XXXL
Female,1715,852,1030,973,411,338,1035,854,674,428,1097,103.0,97.3,41.1,XXL
Female,1635,662,1035,947,344,334,1013,794,536,352,1074,103.5,94.7,34.4,XL
Female,1666,706,933,902,348,336,1060,830,629,361,1110,93.3,90.2,34.8,XL
Female,1705,577,860,782,318,322,989,870,533,337,1110,86.0,78.2,31.8,M
Female,1629,526,873,755,308,334,1018,811,535,297,1091,87.3,75.5,30.8,M
Female,1718,808,976,990,367,359,1057,850,695,372,1124,97.6,99.0,36.7,XXL
Female,1626,834,1003,972,372,370,1113,855,712,413,1086,100.3,97.2,37.2,XXL
Female,1616,750,951,922,340,359,1097,824,683,382,1075,95.1,92.2,34.0,XL
Female,1602,619,924,895,364,316,967,780,602,326,1045,92.4,89.5,36.4,XL
Female,1667,675,966,885,356,306,990,816,631,378,1081,96.6,88.5,35.6,XL
Female,1645,702,1022,910,359,355,1058,845,613,378,1071,102.2,91.0,35.9,XL
Female,1670,659,947,827,350,338,1072,825,590,355,1086,94.7,82.7,35.0,L
Female,1621,712,941,840,387,318,1018,815,643,393,1029,94.1,84.0,38.7,L
Female,1721,1028,1066,1032,420,352,1141,873,776,453,1138,106.6,103.2,42.0,XXL
Female,1606,759,1091,903,359,370,1046,811,640,376,1067,109.1,90.3,35.9,XL
Female,1567,659,953,875,356,329,1067,803,578,387,1036,95.3,87.5,35.6,L
Female,1720,644,904,790,346,320,1036,816,576,387,1008,90.4,79.0,34.6,M
Female,1639,689,900,875,363,325,1007,791,658,397,1034,90.0,87.5,36.3,L
Female,1730,863,1013,983,372,337,1059,841,711,413,1138,101.3,98.3,37.2,XXL
Female,1682,949,1147,1139,390,378,1145,839,707,440,1136,114.7,113.9,39.0,XXXL
Female,1720,630,874,792,346,338,1037,809,604,346,1097,87.4,79.2,34.6,M
Female,1783,1069,1214,1133,412,397,1207,915,730,444,1180,121.4,113.3,41.2,XXXL
Female,1641,639,893,881,347,314,998,814,583,370,1069,89.3,88.1,34.7,XL
Female,1568,683,902,907,386,333,985,759,680,377,987,90.2,90.7,38.6,XL
Female,1640,630,940,850,325,329,1049,854,591,334,1104,94.0,85.0,32.5,L
Female,1556,718,989,945,348,337,1086,798,651,386,997,98.9,94.5,34.8,XL
Female,1647,874,1033,1069,397,342,1105,827,718,417,1122,103.3,106.9,39.7,XXXL
Female,1630,752,995,920,383,345,1079,795,641,374,1075,99.5,92.0,38.3,XL
Female,1587,852,1154,1095,394,380,1092,805,680,369,1091,115.4,109.5,39.4,XXXL
Female,1627,827,1172,1039,356,358,1125,824,668,370,1095,117.2,103.9,35.6,XXL
Female,1638,559,870,765,335,310,981,806,532,341,1033,87.0,76.5,33.5,M
Female,1644,821,1110,1042,364,357,1118,862,651,390,1089,111.0,104.2,36.4,XXXL
Female,1603,663,982,880,346,341,1034,785,577,375,1006,98.2,88.0,34.6,XL
Female,1713,638,897,811,340,330,1022,821,567,378,1110,89.7,81.1,34.0,L
Female,1721,799,966,987,402,326,1089,875,669,394,1124,96.6,98.7,40.2,XXL
Female,1573,589,838,793,345,310,976,784,602,368,951,83.8,79.3,34.5,M
Female,1619,761,996,918,378,337,1080,832,673,410,1007,99.6,91.8,37.8,XL
Female,1524,672,1006,1040,352,315,999,788,637,367,982,100.6,104.0,35.2,XXXL
Female,1605,541,882,803,314,315,1032,815,499,310,1022,88.2,80.3,31.4,L
Female,1617,697,1035,838,335,333,1080,810,578,388,1042,103.5,83.8,33.5,L
Female,1601,616,895,878,335,305,1002,801,602,358,1054,89.5,87.8,33.5,L
Female,1703,852,1053,1040,407,341,1122,838,687,365,1141,105.3,104.0,40.7,XXXL
Female,1574,582,882,785,337,324,983,760,589,348,962,88.2,78.5,33.7,M
Female,1596,742,1036,943,338,371,1131,822,621,357,1022,103.6,94.3,33.8,XL
Female,1602,609,876,800,330,321,1050,816,571,364,1039,87.6,80.0,33.0,L
Female,1599,690,964,916,358,349,1025,808,613,377,1025,96.4,91.6,35.8,XL
Female,1632,675,935,961,356,331,1047,793,587,380,1038,93.5,96.1,35.6,XXL
Female,1660,886,1098,1065,377,355,1080,811,690,415,1049,109.8,106.5,37.7,XXXL
Female,1568,652,924,847,370,329,1036,806,628,355,999,92.4,84.7,37.0,L
Female,1639,826,1032,1020,399,351,1091,826,700,388,1094,103.2,102.0,39.9,XXL
Female,1591,556,923,790,307,322,996,794,527,323,1056,92.3,79.0,30.7,M
Female,1628,719,934,887,385,329,1020,775,667,387,1046,93.4,88.7,38.5,XL
Female,1615,822,1077,975,356,365,1106,810,664,406,1065,107.7,97.5,35.6,XXL
Female,1680,965,1098,1100,423,424,1145,866,730,444,1167,109.8,110.0,42.3,XXXL
Female,1590,624,907,896,343,317,978,776,612,369,1067,90.7,89.6,34.3,XL
Female,1563,435,726,660,290,289,898,780,493,323,1028,72.6,66.0,29.0,S
Female,1641,753,1090,1021,350,342,1054,829,594,382,1032,109.0,102.1,35.0,XXL
Female,1710,553,836,790,326,307,941,831,500,333,1116,83.6,79.0,32.6,M
Female,1566,578,901,816,352,326,1010,775,573,349,973,90.1,81.6,35.2,L
Female,1573,713,1023,966,362,349,1081,814,620,369,1044,102.3,96.6,36.2,XXL
Female,1669,776,980,966,372,340,1073,805,647,416,1083,98.0,96.6,37.2,XXL
Female,1607,655,976,809,341,343,1063,828,594,382,986,97.6,80.9,34.1,L
Female,1633,578,922,787,304,341,1026,815,530,345,1057,92.2,78.7,30.4,M
Female,1699,843,1126,907,375,353,1110,845,645,399,1106,112.6,90.7,37.5,XXL
Female,1638,670,892,877,354,342,1015,815,606,377,1080,89.2,87.7,35.4,L
Female,1634,764,1000,878,375,342,1037,821,648,397,1075,100.0,87.8,37.5,L
Female,1660,663,864,734,328,327,1019,815,582,380,1066,86.4,73.4,32.8,M
Female,1604,671,880,861,336,330,1022,824,635,370,1070,88.0,86.1,33.6,L
Female,1693,706,980,885,339,339,1067,841,555,377,1074,98.0,88.5,33.9,XL
Female,1595,636,936,820,341,314,955,778,576,387,1036,93.6,82.0,34.1,L
Female,1694,646,882,796,322,327,1012,828,587,381,1087,88.2,79.6,32.2,M
Female,1626,658,934,835,343,336,1004,766,586,350,1035,93.4,83.5,34.3,L
Female,1613,789,1021,922,375,355,1060,805,682,432,1036,102.1,92.2,37.5,XL
Female,1614,585,887,769,331,320,974,777,569,360,1005,88.7,76.9,33.1,M
Female,1630,589,900,812,336,325,1004,806,549,348,1020,90.0,81.2,33.6,L
Female,1716,785,1035,973,380,349,1079,846,627,383,1098,103.5,97.3,38.0,XXL
Female,1510,676,1013,952,350,360,1052,772,601,388,1003,101.3,95.2,35.0,XL
Female,1639,862,1100,1113,390,354,1066,820,645,392,1071,110.0,111.3,39.0,XXXL
Female,1576,605,981,907,323,307,997,753,543,345,990,98.1,90.7,32.3,XL
Female,1677,950,1095,1068,370,365,1109,843,726,427,1124,109.5,106.8,37.0,XXXL
Female,1669,649,985,843,321,345,1050,858,572,363,1093,98.5,84.3,32.1,L
Female,1592,616,884,755,329,322,985,804,622,358,1032,88.4,75.5,32.9,M
Female,1606,715,1030,910,358,363,1053,812,630,376,1001,103.0,91.0,35.8,XL
Female,1597,765,1012,943,378,326,1047,801,677,386,1027,101.2,94.3,37.8,XL
Female,1610,652,890,819,366,330,1027,802,610,372,1018,89.0,81.9,36.6,L
Female,1811,773,878,905,382,335,1079,892,667,365,1208,87.8,90.5,38.2,XL
Female,1639,734,1028,1018,380,350,1020,815,615,357,1024,102.8,101.8,38.0,XXL
Female,1635,549,825,757,324,309,996,799,538,323,1052,82.5,75.7,32.4,M
Female,1751,802,1041,893,387,345,1095,870,633,387,1098,104.1,89.3,38.7,XL
Female,1626,695,1023,849,368,325,1047,820,609,387,1022,102.3,84.9,36.8,L
Female,1688,647,949,768,345,328,1030,826,576,379,1064,94.9,76.8,34.5,M
Female,1588,657,914,850,376,311,998,767,643,387,1002,91.4,85.0,37.6,L
Female,1635,871,1111,1090,389,363,1111,808,688,407,1055,111.1,109.0,38.9,XXXL
Female,1624,580,855,835,336,309,961,781,596,328,1044,85.5,83.5,33.6,L
Female,1634,796,1015,946,374,346,1041,800,675,386,1059,101.5,94.6,37.4,XL
Female,1749,761,929,852,361,348,1076,882,632,399,1150,92.9,85.2,36.1,L
Female,1646,576,925,741,313,319,970,809,555,348,1026,92.5,74.1,31.3,M
Female,1600,870,1129,1060,376,370,1067,818,667,422,1044,112.9,106.0,37.6,XXXL
Female,1600,766,1008,1017,364,360,1033,825,648,375,1090,100.8,101.7,36.4,XXL
Female,1517,548,845,782,348,304,940,739,601,358,978,84.5,78.2,34.8,M
Female,1659,826,1039,1030,383,345,1020,825,673,421,1062,103.9,103.0,38.3,XXL
Female,1718,651,902,853,361,336,1020,856,581,349,1075,90.2,85.3,36.1,L
Female,1533,570,948,881,341,316,975,746,572,338,977,94.8,88.1,34.1,XL
Female,1592,719,1051,948,365,335,1082,807,637,366,997,105.1,94.8,36.5,XL
Female,1636,726,1003,846,355,344,1081,813,641,401,1035,100.3,84.6,35.5,L
Female,1648,716,882,875,363,326,1032,818,656,389,1052,88.2,87.5,36.3,L
Female,1669,832,1056,982,378,345,1074,836,673,412,1085,105.6,98.2,37.8,XXL
Female,1655,604,965,791,340,315,1022,832,553,348,1046,96.5,79.1,34.0,L
Female,1770,764,932,844,334,351,1100,895,619,390,1137,93.2,84.4,33.4,L
Female,1752,934,1051,1028,400,345,1122,873,727,444,1148,105.1,102.8,40.0,XXL
Female,1741,573,850,768,342,307,979,830,532,318,1115,85.0,76.8,34.2,M
Female,1608,582,830,775,355,304,936,755,602,355,1022,83.0,77.5,35.5,M
Female,1636,553,889,718,328,318,1009,805,508,363,997,88.9,71.8,32.8,M
Female,1555,698,1005,871,352,328,1052,780,608,396,993,100.5,87.1,35.2,L
Female,1573,640,925,840,358,322,955,746,631,361,974,92.5,84.0,35.8,L
Female,1623,590,844,719,336,315,981,786,554,390,1007,84.4,71.9,33.6,M
Female,1534,604,900,811,338,303,969,784,611,375,1005,90.0,81.1,33.8,L
Female,1543,666,954,920,385,340,1042,788,641,352,1004,95.4,92.0,38.5,XL
Female,1744,670,925,812,342,324,998,802,570,360,1131,92.5,81.2,34.2,L
Female,1623,633,902,814,354,343,942,775,615,367,997,90.2,81.4,35.4,L
Female,1587,618,947,818,344,343,997,790,586,384,976,94.7,81.8,34.4,L
Female,1563,645,944,844,355,349,986,764,628,360,972,94.4,84.4,35.5,L
Female,1655,582,899,787,312,316,981,814,547,334,1058,89.9,78.7,31.2,M
Female,1612,796,1033,948,401,334,960,816,723,417,1054,103.3,94.8,40.1,XL
Female,1636,609,900,834,353,326,977,795,588,369,1026,90.0,83.4,35.3,L
Female,1709,823,996,972,390,345,1089,904,678,387,1082,99.6,97.2,39.0,XXL
Female,1547,567,906,763,311,304,954,777,576,343,1004,90.6,76.3,31.1,M
Female,1657,510,896,710,320,301,933,785,487,326,1023,89.6,71.0,32.0,M
Female,1695,601,876,805,334,314,974,842,562,358,1080,87.6,80.5,33.4,L
Female,1720,716,955,843,351,324,1005,859,646,388,1137,95.5,84.3,35.1,L
Female,1587,681,912,866,348,350,995,790,638,412,1009,91.2,86.6,34.8,L
Female,1676,940,1160,981,400,388,1134,874,737,410,1079,116.0,98.1,40.0,XXL
Female,1726,686,844,840,362,325,1004,825,607,374,1096,84.4,84.0,36.2,L
Female,1616,671,948,866,367,319,1011,797,612,388,1007,94.8,86.6,36.7,L
Female,1747,689,928,745,329,344,1068,864,582,367,1124,92.8,74.5,32.9,M
Female,1705,786,1042,930,345,330,1042,877,627,414,1112,104.2,93.0,34.5,XL
Female,1685,704,906,824,344,335,1035,852,606,383,1124,90.6,82.4,34.4,L
Female,1594,504,776,669,291,290,915,761,541,345,995,77.6,66.9,29.1,S
Female,1687,598,872,769,341,327,1024,848,554,341,1057,87.2,76.9,34.1,M
Female,1700,760,1005,877,346,342,1105,890,633,393,1133,100.5,87.7,34.6,L
Female,1658,780,1055,970,380,338,1090,855,663,383,1078,105.5,97.0,38.0,XXL
Female,1562,712,1006,880,383,318,1047,775,664,374,1020,100.6,88.0,38.3,XL
Female,1658,665,953,870,358,337,1040,793,572,358,1058,95.3,87.0,35.8,L
Female,1688,735,935,900,377,312,1051,840,672,374,1049,93.5,90.0,37.7,XL
Female,1524,544,895,752,326,311,972,766,553,328,948,89.5,75.2,32.6,M
Female,1611,678,992,805,352,325,1065,812,617,389,1029,99.2,80.5,35.2,L
Female,1627,648,900,842,340,334,982,795,606,360,1057,90.0,84.2,34.0,L
Female,1614,663,953,917,343,313,988,809,595,372,1023,95.3,91.7,34.3,XL
Female,1598,779,971,853,371,336,1113,854,713,394,1024,97.1,85.3,37.1,L
Female,1643,702,990,953,341,346,998,794,620,381,1050,99.0,95.3,34.1,XL
Female,1611,592,873,816,343,310,1005,816,569,352,1037,87.3,81.6,34.3,L
Female,1520,563,852,778,340,314,965,743,595,358,967,85.2,77.8,34.0,M
Female,1697,927,1039,963,388,350,1106,855,701,434,1076,103.9,96.3,38.8,XXL
Female,1640,801,992,931,362,346,1081,824,674,402,1064,99.2,93.1,36.2,XL
Female,1672,772,970,889,386,327,1065,835,695,398,1080,97.0,88.9,38.6,XL
Female,1662,704,936,805,347,339,1057,862,613,367,1110,93.6,80.5,34.7,L
Female,1601,590,882,776,331,315,990,822,575,352,1034,88.2,77.6,33.1,M
Female,1580,640,978,795,351,325,987,800,582,368,978,97.8,79.5,35.1,L
Female,1676,842,997,936,378,352,1068,846,713,414,1091,99.7,93.6,37.8,XL
Female,1536,546,822,702,330,315,968,781,564,370,992,82.2,70.2,33.0,M
Female,1561,715,932,918,402,307,967,790,726,378,1023,93.2,91.8,40.2,XL
Female,1475,575,903,828,358,305,950,740,619,374,944,90.3,82.8,35.8,L
Female,1532,522,798,698,318,315,970,770,549,364,990,79.8,69.8,31.8,S
Female,1646,725,957,839,378,311,1054,836,633,401,1067,95.7,83.9,37.8,L
Female,1657,517,854,774,322,333,971,813,522,318,1044,85.4,77.4,32.2,M
Female,1648,631,896,828,355,336,983,824,562,368,1038,89.6,82.8,35.5,L
Female,1586,537,804,722,320,308,935,765,558,357,1059,80.4,72.2,32.0,M
Female,1609,597,900,805,346,320,1013,780,551,353,994,90.0,80.5,34.6,L
Female,1562,607,944,821,338,350,998,800,571,354,1016,94.4,82.1,33.8,L
Female,1507,577,875,797,339,307,980,720,596,394,943,87.5,79.7,33.9,M
Female,1468,499,881,764,316,311,954,707,556,344,922,88.1,76.4,31.6,M
Female,1636,687,926,847,346,315,1013,789,635,395,1056,92.6,84.7,34.6,L
Female,1585,680,1021,863,351,310,1057,792,617,370,986,102.1,86.3,35.1,L
Female,1607,632,919,868,360,330,997,790,585,352,999,91.9,86.8,36.0,L
Female,1657,776,989,907,374,329,1022,828,631,385,1047,98.9,90.7,37.4,XL
Female,1606,638,961,883,375,338,988,821,599,347,1026,96.1,88.3,37.5,XL
Female,1705,783,994,946,385,334,1015,825,657,397,1096,99.4,94.6,38.5,XL
Female,1605,602,836,735,337,328,1006,815,564,353,1019,83.6,73.5,33.7,M
Female,1666,771,944,952,387,334,1032,822,697,402,1066,94.4,95.2,38.7,XL
Female,1635,617,896,833,331,320,1015,782,584,357,1019,89.6,83.3,33.1,L
Female,1498,462,841,737,304,306,928,729,488,330,927,84.1,73.7,30.4,M
Female,1619,591,863,715,351,310,943,755,590,374,1037,86.3,71.5,35.1,M
Female,1559,574,870,808,336,320,947,755,583,354,998,87.0,80.8,33.6,L
Female,1639,621,902,758,324,315,975,794,573,389,1057,90.2,75.8,32.4,M
Female,1574,618,914,883,340,342,987,785,594,350,1017,91.4,88.3,34.0,XL
Female,1530,518,824,789,337,320,946,721,554,338,967,82.4,78.9,33.7,M
Female,1552,631,881,812,355,326,985,804,630,392,977,88.1,81.2,35.5,L
Female,1572,653,929,838,348,347,1029,771,606,358,1002,92.9,83.8,34.8,L
Female,1670,646,900,770,326,312,1064,859,578,383,1094,90.0,77.0,32.6,M
Female,1574,569,807,707,325,304,972,785,574,377,1014,80.7,70.7,32.5,S
Female,1636,661,950,798,347,335,1013,827,614,380,1040,95.0,79.8,34.7,M
Female,1575,598,892,856,341,319,991,745,568,351,1022,89.2,85.6,34.1,L
Female,1676,533,852,716,328,301,918,815,542,327,1054,85.2,71.6,32.8,S
Female,1705,755,1071,940,358,353,1101,887,583,371,1134,107.1,94.0,35.8,XL
Female,1603,702,987,907,365,373,1048,808,626,389,1037,98.7,90.7,36.5,XL
Female,1593,655,961,832,368,322,1022,800,616,357,1003,96.1,83.2,36.8,L
Female,1611,644,912,836,336,339,1059,810,589,354,1051,91.2,83.6,33.6,L
Female,1673,680,947,840,364,330,998,814,602,364,1064,94.7,84.0,36.4,L
Female,1689,715,893,790,362,330,1080,866,616,398,1052,89.3,79.0,36.2,L
Female,1529,499,837,733,320,318,970,765,545,359,930,83.7,73.3,32.0,M
Female,1602,523,882,700,315,310,948,788,513,337,1009,88.2,70.0,31.5,M
Female,1764,740,1057,805,363,323,1034,850,581,375,1107,105.7,80.5,36.3,XL
Female,1648,750,956,937,383,329,1021,850,676,415,1076,95.6,93.7,38.3,XL
Female,1587,604,976,867,334,336,980,795,576,322,1011,97.6,86.7,33.4,L
Female,1492,430,808,641,284,296,906,745,474,318,972,80.8,64.1,28.4,S
Female,1567,750,1082,951,369,368,1078,798,632,365,991,108.2,95.1,36.9,XL
Female,1563,716,1002,845,372,330,1101,835,656,372,1063,100.2,84.5,37.2,L
Female,1663,723,966,876,344,336,1054,858,618,359,1070,96.6,87.6,34.4,L
Female,1617,765,1030,951,380,345,1085,831,662,403,1003,103.0,95.1,38.0,XL
Female,1683,660,904,790,344,315,1070,871,578,373,1089,90.4,79.0,34.4,M
Female,1636,600,914,752,343,315,987,806,588,367,1013,91.4,75.2,34.3,M
Female,1628,695,933,807,346,315,1056,801,619,430,1095,93.3,80.7,34.6,L
Female,1536,637,917,852,342,308,1010,802,613,373,983,91.7,85.2,34.2,L
Female,1530,602,874,880,350,326,1023,790,585,357,963,87.4,88.0,35.0,XL
Female,1678,815,1022,913,377,338,1071,865,670,405,1135,102.2,91.3,37.7,XL
Female,1682,773,956,885,352,338,1074,890,630,378,1093,95.6,88.5,35.2,XL
Female,1585,537,850,742,305,317,994,808,523,327,1012,85.0,74.2,30.5,M
Female,1588,672,912,826,340,318,1022,832,634,407,1028,91.2,82.6,34.0,L
Female,1718,698,895,820,348,325,1082,877,612,352,1121,89.5,82.0,34.8,L
Female,1655,809,1021,1010,422,355,1068,820,681,370,1077,102.1,101.0,42.2,XXL
Female,1705,722,893,820,361,326,1043,842,647,388,1077,89.3,82.0,36.1,L
Female,1608,630,976,792,342,321,1009,799,541,394,1039,97.6,79.2,34.2,L
Female,1607,654,886,766,343,330,1039,816,592,393,1063,88.6,76.6,34.3,M
Female,1490,484,847,728,310,307,916,740,518,328,907,84.7,72.8,31.0,M
Female,1563,653,956,895,335,335,1023,787,610,365,994,95.6,89.5,33.5,XL
Female,1677,669,824,811,369,330,991,805,632,384,1106,82.4,81.1,36.9,L
Female,1615,668,945,856,356,336,1037,826,625,367,1041,94.5,85.6,35.6,L
Female,1570,672,907,772,371,316,1031,801,643,407,1038,90.7,77.2,37.1,L
Female,1563,597,887,826,371,305,980,783,623,354,994,88.7,82.6,37.1,L
Female,1627,658,929,844,341,339,1023,812,615,377,1039,92.9,84.4,34.1,L
Female,1743,657,863,756,336,342,1033,845,587,351,1148,86.3,75.6,33.6,M
Female,1635,681,917,893,375,335,1017,805,604,374,1043,91.7,89.3,37.5,XL
Female,1699,894,1070,1059,419,356,1106,871,704,405,1112,107.0,105.9,41.9,XXXL
Female,1503,643,883,781,362,350,1029,768,654,393,970,88.3,78.1,36.2,L
Female,1637,857,1103,932,383,364,1086,802,671,435,1047,110.3,93.2,38.3,XL
Female,1544,560,854,746,325,317,976,756,576,347,984,85.4,74.6,32.5,M
Female,1493,613,908,801,339,320,1044,784,603,384,961,90.8,80.1,33.9,L
Female,1645,662,913,928,369,342,1041,836,584,353,1025,91.3,92.8,36.9,XL
Female,1707,719,923,806,358,333,1046,855,603,425,1131,92.3,80.6,35.8,L
Female,1611,586,889,749,337,312,999,780,579,369,1029,88.9,74.9,33.7,M
Female,1543,576,845,767,316,328,1034,780,553,377,982,84.5,76.7,31.6,M
Female,1604,560,874,748,325,314,980,786,555,344,1013,87.4,74.8,32.5,M
Female,1588,616,851,798,352,324,962,782,593,399,1007,85.1,79.8,35.2,M
Female,1543,533,811,722,316,317,947,788,549,370,988,81.1,72.2,31.6,M
Female,1630,678,998,888,361,317,1006,800,627,365,1053,99.8,88.8,36.1,XL
Female,1674,776,974,784,339,357,1134,862,582,378,1092,97.4,78.4,33.9,L
Female,1560,658,935,778,365,308,1065,806,621,384,974,93.5,77.8,36.5,L
Female,1620,666,1001,930,349,327,984,779,591,370,1046,100.1,93.0,34.9,XL
Female,1613,549,790,740,349,307,957,785,584,350,1027,79.0,74.0,34.9,M
Female,1541,539,854,818,333,308,998,755,529,350,973,85.4,81.8,33.3,L
Female,1595,814,1056,1026,409,345,1085,806,704,399,1062,105.6,102.6,40.9,XXL
Female,1600,611,923,796,336,320,1008,786,574,363,1005,92.3,79.6,33.6,M
Female,1690,777,942,865,380,334,1044,840,662,427,1098,94.2,86.5,38.0,L
Female,1612,725,930,892,353,328,1001,780,639,411,1041,93.0,89.2,35.3,XL
Female,1559,664,945,891,351,355,1019,778,624,372,962,94.5,89.1,35.1,XL
Female,1678,806,1037,985,400,331,1074,860,645,399,1097,103.7,98.5,40.0,XXL
Female,1608,522,836,767,334,298,912,799,533,338,1006,83.6,76.7,33.4,M
Female,1559,478,790,698,311,299,932,765,510,333,966,79.0,69.8,31.1,S
Female,1683,845,1040,1031,383,370,1075,858,708,416,1112,104.0,103.1,38.3,XXL
Female,1586,685,985,869,391,332,1081,794,608,374,1010,98.5,86.9,39.1,XL
Female,1646,646,932,853,353,328,990,816,582,377,1066,93.2,85.3,35.3,L
Female,1656,679,908,788,341,340,1048,823,607,376,1063,90.8,78.8,34.1,M
Female,1515,509,820,755,312,317,942,760,545,350,958,82.0,75.5,31.2,M
Female,1754,745,953,868,356,327,1085,880,607,389,1136,95.3,86.8,35.6,L
Female,1699,670,934,773,373,330,1030,831,592,392,1055,93.4,77.3,37.3,L
Female,1573,573,969,847,324,328,927,765,535,327,1027,96.9,84.7,32.4,L
Female,1657,597,841,799,350,310,949,790,566,363,1073,84.1,79.9,35.0,M
Female,1655,665,998,895,342,318,990,805,570,383,1058,99.8,89.5,34.2,XL
Female,1502,505,826,740,306,302,935,740,532,347,980,82.6,74.0,30.6,M
Female,1653,749,953,927,382,346,1011,803,634,393,1027,95.3,92.7,38.2,XL
Female,1633,756,1001,905,366,355,1065,820,649,392,1053,100.1,90.5,36.6,XL
Female,1585,634,956,837,331,309,1031,818,599,366,1024,95.6,83.7,33.1,L
Female,1632,768,975,896,400,347,1054,832,673,413,1052,97.5,89.6,40.0,XL
Female,1616,804,1019,968,388,361,1111,805,683,403,1039,101.9,96.8,38.8,XXL
Female,1670,762,971,941,377,342,1056,820,652,400,1082,97.1,94.1,37.7,XL
Female,1632,526,890,698,331,308,965,776,517,332,989,89.0,69.8,33.1,M
Female,1648,653,834,785,333,306,1055,860,617,377,1092,83.4,78.5,33.3,M
Female,1576,726,1046,928,347,346,1027,831,625,373,1061,104.6,92.8,34.7,XL
Female,1606,557,920,783,307,316,970,791,538,342,1020,92.0,78.3,30.7,M
Female,1652,599,869,772,349,310,1003,810,573,359,1071,86.9,77.2,34.9,M
Female,1625,759,1003,970,386,320,1040,810,636,393,1040,100.3,97.0,38.6,XXL
Female,1598,607,955,880,332,341,984,738,586,353,995,95.5,88.0,33.2,XL
Female,1618,669,1068,946,378,324,994,788,615,338,1036,106.8,94.6,37.8,XL
Female,1674,697,988,915,364,343,1024,797,587,374,1067,98.8,91.5,36.4,XL
Female,1563,614,912,855,373,318,1035,780,597,353,976,91.2,85.5,37.3,L
Female,1728,742,1027,881,399,337,1075,837,629,360,1084,102.7,88.1,39.9,XL
Female,1590,671,995,855,375,327,1039,790,631,372,1018,99.5,85.5,37.5,L
Female,1636,577,834,825,344,324,1043,827,582,358,1037,83.4,82.5,34.4,L
Female,1655,803,972,939,360,354,1121,831,662,411,1061,97.2,93.9,36.0,XL
Female,1707,634,928,837,365,309,1039,817,577,357,1038,92.8,83.7,36.5,L
Female,1676,681,891,822,368,318,996,817,632,389,1073,89.1,82.2,36.8,L
Female,1633,734,998,895,387,329,1055,819,639,394,1030,99.8,89.5,38.7,XL
Female,1607,672,983,803,351,345,1050,811,618,384,1016,98.3,80.3,35.1,L
Female,1618,662,919,911,362,310,1000,771,599,377,1033,91.9,91.1,36.2,XL
Female,1708,703,916,822,392,326,1063,811,637,378,1104,91.6,82.2,39.2,XL
Female,1735,709,920,790,362,334,1072,820,608,387,1141,92.0,79.0,36.2,L
Female,1715,586,855,700,319,318,1025,847,530,346,1088,85.5,70.0,31.9,S
Female,1570,493,923,727,320,303,950,766,516,327,990,92.3,72.7,32.0,M
Female,1642,733,988,849,363,332,1025,813,645,414,1061,98.8,84.9,36.3,L
Female,1788,996,1098,1174,417,358,1093,856,728,439,1123,109.8,117.4,41.7,XXXL
Female,1600,648,913,837,356,341,1018,784,619,351,1031,91.3,83.7,35.6,L
Female,1675,729,936,835,366,314,1045,831,646,407,1028,93.6,83.5,36.6,L
Female,1634,902,1093,1114,407,392,1108,804,702,413,1047,109.3,111.4,40.7,XXXL
Female,1576,754,1037,960,387,338,1017,769,647,433,994,103.7,96.0,38.7,XXL
Female,1599,654,903,814,337,328,1069,820,629,378,1006,90.3,81.4,33.7,L
Female,1598,708,883,824,369,339,1029,792,672,432,1016,88.3,82.4,36.9,L
Female,1548,647,986,889,351,341,1010,762,600,362,990,98.6,88.9,35.1,XL
Female,1607,631,920,790,342,331,1031,810,593,367,1014,92.0,79.0,34.2,M
Female,1686,666,904,775,364,342,996,797,628,378,1067,90.4,77.5,36.4,L
Female,1640,667,865,827,357,333,988,761,617,407,1024,86.5,82.7,35.7,L
Female,1563,497,864,707,325,297,940,756,530,344,963,86.4,70.7,32.5,S
Female,1591,558,848,788,327,304,956,766,579,340,985,84.8,78.8,32.7,M
Female,1678,921,1097,982,406,368,1101,900,701,422,1115,109.7,98.2,40.6,XXL
Female,1670,695,937,804,361,313,1024,821,642,394,1055,93.7,80.4,36.1,L
Female,1529,563,947,847,310,318,990,769,538,344,991,94.7,84.7,31.0,L
Female,1616,603,860,757,341,330,999,770,578,357,1037,86.0,75.7,34.1,M
Female,1620,647,959,860,355,321,1030,813,602,388,1035,95.9,86.0,35.5,L
Female,1510,642,945,827,363,332,1005,742,632,394,974,94.5,82.7,36.3,L
Female,1626,701,1022,852,378,318,1044,793,647,391,1017,102.2,85.2,37.8,L
Female,1600,583,859,815,346,317,974,753,586,370,995,85.9,81.5,34.6,L
Female,1679,843,1076,966,387,363,1110,854,670,420,1069,107.6,96.6,38.7,XXL
Female,1600,696,1055,928,375,336,1017,800,635,365,982,105.5,92.8,37.5,XL
Female,1618,735,1072,906,363,342,1060,814,621,380,1038,107.2,90.6,36.3,XL
Female,1629,470,863,729,318,319,938,762,495,308,1028,86.3,72.9,31.8,M
Female,1651,608,901,775,349,305,992,815,584,364,1050,90.1,77.5,34.9,M
Female,1596,515,791,742,334,294,917,805,552,333,1024,79.1,74.2,33.4,M
Female,1654,717,983,882,353,339,1040,830,651,374,1061,98.3,88.2,35.3,XL
Female,1776,889,1035,995,403,362,1161,901,708,378,1168,103.5,99.5,40.3,XXL
Female,1546,532,845,705,342,307,945,748,555,341,981,84.5,70.5,34.2,M
Female,1676,747,990,876,363,315,1065,850,598,400,1050,99.0,87.6,36.3,L
Female,1585,622,924,775,362,320,992,770,619,374,1010,92.4,77.5,36.2,L
Female,1594,574,899,733,313,312,1015,800,538,348,997,89.9,73.3,31.3,M
Female,1629,565,870,781,339,312,1004,808,541,353,1011,87.0,78.1,33.9,M
Female,1581,646,972,840,364,320,1024,802,609,383,1012,97.2,84.0,36.4,L
Female,1614,529,855,751,326,313,924,776,531,340,1010,85.5,75.1,32.6,M
Female,1559,648,947,834,350,338,1034,767,630,377,980,94.7,83.4,35.0,L
Female,1697,751,967,878,374,328,1095,850,633,380,1121,96.7,87.8,37.4,L
Female,1674,740,1026,879,380,340,1108,842,628,387,1027,102.6,87.9,38.0,L
Female,1692,758,1018,974,369,333,1087,880,618,388,1090,101.8,97.4,36.9,XXL
Female,1615,554,849,760,314,303,940,785,543,367,963,84.9,76.0,31.4,M
Female,1762,852,1045,964,363,381,1100,896,656,392,1143,104.5,96.4,36.3,XXL
Female,1573,814,986,1025,402,356,1061,815,739,422,1005,98.6,102.5,40.2,XXL
Female,1674,824,1064,966,383,335,1110,826,692,407,1034,106.4,96.6,38.3,XXL
Female,1531,503,874,761,330,299,943,728,542,320,982,87.4,76.1,33.0,M
Female,1505,607,964,905,348,311,973,745,601,372,940,96.4,90.5,34.8,XL
Female,1700,692,858,851,342,343,1055,815,618,374,1094,85.8,85.1,34.2,L
Female,1539,640,992,903,334,317,980,765,591,377,951,99.2,90.3,33.4,XL
Female,1620,650,885,820,353,324,1001,832,596,375,986,88.5,82.0,35.3,L
Female,1712,580,828,719,320,320,999,815,545,344,1056,82.8,71.9,32.0,S
Female,1554,601,927,810,363,314,999,782,603,374,971,92.7,81.0,36.3,L
Female,1598,601,821,728,342,338,984,784,590,364,982,82.1,72.8,34.2,M
Female,1612,664,968,845,347,340,1029,813,607,388,1033,96.8,84.5,34.7,L
Female,1707,703,857,806,365,314,1010,850,636,387,1087,85.7,80.6,36.5,L
Female,1611,616,922,764,348,314,996,780,630,382,1033,92.2,76.4,34.8,M
Female,1599,654,967,854,338,355,1000,750,585,362,962,96.7,85.4,33.8,L
Female,1569,589,848,747,328,311,995,785,583,342,990,84.8,74.7,32.8,M
Female,1663,524,864,656,335,296,960,780,533,344,1009,86.4,65.6,33.5,M
Female,1666,706,962,886,357,322,1035,800,623,400,1036,96.2,88.6,35.7,XL
Female,1659,676,837,801,346,324,1012,804,621,385,1046,83.7,80.1,34.6,L
Female,1543,623,965,895,331,330,989,775,577,358,963,96.5,89.5,33.1,XL
Female,1571,628,931,916,350,309,1028,763,585,362,1032,93.1,91.6,35.0,XL
Female,1618,503,795,681,321,312,941,784,512,365,1025,79.5,68.1,32.1,S
Female,1610,599,910,790,341,304,996,776,594,358,1009,91.0,79.0,34.1,M
Female,1512,508,786,680,303,287,988,756,586,361,953,78.6,68.0,30.3,S
Female,1555,520,785,725,291,320,968,778,537,329,974,78.5,72.5,29.1,M
Female,1729,831,1050,942,362,350,1114,841,643,399,1081,105.0,94.2,36.2,XL
Female,1593,622,964,838,326,334,1027,774,585,362,1007,96.4,83.8,32.6,L
Female,1609,706,973,883,355,330,1054,830,605,395,1035,97.3,88.3,35.5,XL
Female,1648,667,917,907,368,322,1034,802,613,367,1073,91.7,90.7,36.8,XL
Female,1631,730,953,878,370,333,1031,820,629,404,1003,95.3,87.8,37.0,L
Female,1712,842,1032,980,414,355,1115,860,671,417,1081,103.2,98.0,41.4,XXL
Female,1541,549,799,794,336,317,969,777,578,356,986,79.9,79.4,33.6,M
Female,1663,609,864,754,340,318,1037,820,601,374,1101,86.4,75.4,34.0,M
Female,1614,670,990,844,342,327,1056,804,582,379,1051,99.0,84.4,34.2,L
Female,1598,711,1006,860,353,367,1024,800,602,410,1018,100.6,86.0,35.3,L
Female,1617,655,951,865,345,330,993,785,587,368,999,95.1,86.5,34.5,L
Female,1658,771,999,900,365,344,1121,832,638,397,1025,99.9,90.0,36.5,XL
Female,1642,668,935,769,350,322,1037,850,617,382,1048,93.5,76.9,35.0,M
Female,1698,707,905,863,368,314,1032,820,648,390,1077,90.5,86.3,36.8,L
Female,1648,757,1045,936,350,344,1079,830,627,403,1041,104.5,93.6,35.0,XL
Female,1756,857,990,866,386,333,1114,845,695,451,1143,99.0,86.6,38.6,L
Female,1651,678,922,842,362,342,990,843,602,397,1062,92.2,84.2,36.2,L
Female,1634,630,893,819,349,314,1011,790,608,370,1014,89.3,81.9,34.9,L
Female,1709,745,882,794,354,337,1084,880,648,399,1121,88.2,79.4,35.4,M
Female,1686,564,828,746,317,314,1057,862,521,334,1119,82.8,74.6,31.7,M
Female,1645,721,1009,878,379,319,1018,782,605,388,997,100.9,87.8,37.9,L
Female,1565,646,925,835,333,332,1038,801,606,377,1024,92.5,83.5,33.3,L
Female,1537,444,805,690,300,294,941,735,486,304,966,80.5,69.0,30.0,S
Female,1511,591,918,800,337,316,1001,740,580,358,962,91.8,80.0,33.7,L
Female,1649,696,941,848,348,338,1019,814,635,372,1065,94.1,84.8,34.8,L
Female,1458,445,808,694,306,304,934,715,510,328,903,80.8,69.4,30.6,S
Female,1759,726,893,765,335,344,1075,885,616,403,1133,89.3,76.5,33.5,M
Female,1558,707,904,885,377,329,1031,770,675,426,992,90.4,88.5,37.7,XL
Female,1688,643,937,797,330,332,1040,812,569,362,1039,93.7,79.7,33.0,M
Female,1581,654,869,831,351,305,1032,834,612,394,1035,86.9,83.1,35.1,L
Female,1583,626,902,840,344,337,1049,801,583,350,997,90.2,84.0,34.4,L
Female,1643,736,926,871,353,346,1102,837,679,377,1038,92.6,87.1,35.3,L
Female,1752,853,1031,955,387,354,1122,881,665,400,1110,103.1,95.5,38.7,XL
Female,1600,750,948,936,422,332,1017,765,704,391,1020,94.8,93.6,42.2,XXL
Female,1618,797,1086,905,370,363,1080,847,664,394,1073,108.6,90.5,37.0,XL
Female,1710,837,1053,1005,372,338,1121,890,674,425,1094,105.3,100.5,37.2,XXL
Female,1585,590,838,756,322,312,985,804,578,366,1003,83.8,75.6,32.2,M
Female,1595,512,840,719,316,301,1006,795,516,344,1021,84.0,71.9,31.6,S
Female,1614,621,945,794,339,330,1024,819,599,356,1024,94.5,79.4,33.9,M
Female,1663,810,1058,967,370,334,1047,820,628,398,1048,105.8,96.7,37.0,XXL
Female,1617,614,915,846,342,324,984,780,568,394,1028,91.5,84.6,34.2,L
Female,1596,544,853,738,326,300,978,798,592,353,1042,85.3,73.8,32.6,M
Female,1602,603,875,790,327,306,973,785,597,355,1033,87.5,79.0,32.7,M
Female,1694,792,1021,926,358,343,1099,833,668,395,1088,102.1,92.6,35.8,XL
Female,1510,618,1015,853,350,349,976,747,607,365,974,101.5,85.3,35.0,L
Female,1534,603,995,886,330,325,1036,750,560,358,950,99.5,88.6,33.0,XL
Female,1634,885,1127,970,387,377,1129,816,677,415,1045,112.7,97.0,38.7,XXL
Female,1679,842,1038,1000,405,352,1070,825,698,408,1056,103.8,100.0,40.5,XXL
Female,1618,798,1011,956,425,336,1030,760,724,414,1026,101.1,95.6,42.5,XXL
Female,1658,634,908,840,348,330,964,789,591,368,1053,90.8,84.0,34.8,L
Female,1643,561,870,749,322,307,970,823,547,363,1058,87.0,74.9,32.2,M
Female,1652,774,992,905,398,347,1081,824,692,385,1063,99.2,90.5,39.8,XL
Female,1615,730,988,847,378,319,1020,791,661,403,1042,98.8,84.7,37.8,L
Female,1674,850,1022,933,379,359,1044,820,702,435,1079,102.2,93.3,37.9,XL
Female,1527,643,995,883,334,330,1030,783,591,371,970,99.5,88.3,33.4,XL
Female,1518,505,877,710,318,311,993,720,540,340,954,87.7,71.0,31.8,S
Female,1653,729,840,825,387,321,1038,840,698,405,1087,84.0,82.5,38.7,L
Female,1659,835,1035,866,362,362,1127,815,673,434,1057,103.5,86.6,36.2,L
Female,1570,463,807,668,329,291,888,736,544,318,965,80.7,66.8,32.9,S
Female,1570,802,1063,1121,387,389,1057,780,662,417,986,106.3,112.1,38.7,XXXL
Female,1653,951,1153,1121,406,402,1175,833,726,425,1083,115.3,112.1,40.6,XXXL
Female,1712,582,815,680,328,307,1023,822,560,336,1106,81.5,68.0,32.8,S
Female,1519,703,999,863,356,334,1006,745,657,388,948,99.9,86.3,35.6,L
Female,1702,1019,1145,1127,425,385,1186,885,755,428,1143,114.5,112.7,42.5,XXXL
Female,1627,645,915,801,337,327,994,756,615,400,1038,91.5,80.1,33.7,L
Female,1516,721,1065,942,366,340,1043,790,681,397,1007,106.5,94.2,36.6,XL
Female,1583,661,1032,900,334,335,1036,787,598,350,998,103.2,90.0,33.4,XL
Female,1647,589,896,775,345,333,980,815,598,343,1064,89.6,77.5,34.5,M
Female,1594,528,837,702,324,297,931,763,552,359,1022,83.7,70.2,32.4,S
Female,1617,623,913,783,334,326,1007,777,597,373,1034,91.3,78.3,33.4,M
Female,1674,896,1188,1032,332,405,1154,860,657,394,1076,118.8,103.2,33.2,XXL
Female,1605,833,1030,981,382,355,1082,825,691,442,1067,103.0,98.1,38.2,XXL
Female,1649,916,1139,1090,371,368,1093,828,672,428,1067,113.9,109.0,37.1,XXXL
Female,1603,677,869,780,362,310,1047,855,659,373,1050,86.9,78.0,36.2,L
Female,1620,535,773,726,351,306,910,786,548,355,1014,77.3,72.6,35.1,M
Female,1584,712,1052,908,346,343,1051,817,604,362,1026,105.2,90.8,34.6,XL
Female,1579,527,860,725,323,304,939,776,550,349,1000,86.0,72.5,32.3,M
Female,1608,721,1045,933,368,328,1067,783,664,362,1002,104.5,93.3,36.8,XL
Female,1656,589,932,781,333,323,975,797,556,336,1046,93.2,78.1,33.3,M
Female,1639,731,953,867,374,313,972,804,685,399,1057,95.3,86.7,37.4,L
Female,1630,620,854,771,341,324,985,796,591,381,1008,85.4,77.1,34.1,M
Female,1615,695,1033,991,356,330,1010,780,601,344,1047,103.3,99.1,35.6,XXL
Female,1584,620,939,850,321,352,980,730,541,367,953,93.9,85.0,32.1,L
Female,1664,669,954,814,338,331,1042,815,608,363,1054,95.4,81.4,33.8,L
Female,1545,543,893,830,326,318,961,736,514,342,924,89.3,83.0,32.6,L
Female,1688,648,867,862,348,316,972,803,613,333,1087,86.7,86.2,34.8,L
Female,1673,625,842,701,332,310,994,805,586,375,1068,84.2,70.1,33.2,M
Female,1647,643,866,807,370,305,982,785,661,349,1042,86.6,80.7,37.0,L
Female,1637,736,957,957,395,322,1033,805,694,398,1021,95.7,95.7,39.5,XL
Female,1787,824,1036,922,408,338,1083,860,670,400,1136,103.6,92.2,40.8,XL
Female,1503,701,992,895,372,357,985,790,681,395,976,99.2,89.5,37.2,XL
Female,1562,699,1040,940,348,357,1004,765,600,387,1000,104.0,94.0,34.8,XL
Female,1558,754,1021,912,376,350,1014,772,650,428,1001,102.1,91.2,37.6,XL
Female,1576,647,946,818,352,323,1042,822,620,371,1023,94.6,81.8,35.2,L
Female,1628,666,961,830,372,321,1024,793,632,362,1054,96.1,83.0,37.2,L
Female,1748,831,1100,944,395,335,1071,845,644,382,1123,110.0,94.4,39.5,XL
Female,1572,632,994,840,336,334,1000,769,582,367,1017,99.4,84.0,33.6,L
Female,1743,746,937,824,381,326,1053,845,642,405,1087,93.7,82.4,38.1,L
Female,1561,589,920,904,350,334,1004,780,569,333,1045,92.0,90.4,35.0,XL
Female,1623,643,925,825,350,327,1026,790,579,379,1058,92.5,82.5,35.0,L
Female,1649,705,965,908,360,326,1055,806,639,353,1093,96.5,90.8,36.0,XL
Female,1661,760,1074,901,368,354,1094,845,669,393,1073,107.4,90.1,36.8,XL
Female,1668,680,976,847,350,318,1003,803,617,379,1101,97.6,84.7,35.0,L
Female,1722,695,941,842,385,342,1048,840,619,388,1092,94.1,84.2,38.5,L
Female,1674,868,1045,1077,386,353,1110,852,686,396,1112,104.5,107.7,38.6,XXXL
Female,1663,653,902,770,366,324,1060,840,597,380,1062,90.2,77.0,36.6,L
Female,1543,804,1001,856,404,342,1028,771,739,458,981,100.1,85.6,40.4,XL
Female,1561,673,935,763,351,351,1037,821,643,387,969,93.5,76.3,35.1,M
Female,1587,516,802,682,306,313,980,780,518,330,1013,80.2,68.2,30.6,S
Female,1495,526,928,841,308,328,966,752,518,326,939,92.8,84.1,30.8,L
Female,1645,914,1129,1106,409,355,1087,800,728,393,1063,112.9,110.6,40.9,XXXL
Female,1653,919,1061,1045,402,339,1035,802,726,453,1054,106.1,104.5,40.2,XXXL
Female,1685,757,1005,993,371,353,1030,820,641,393,1065,100.5,99.3,37.1,XXL
Female,1569,717,1048,1017,362,370,1095,812,607,347,1057,104.8,101.7,36.2,XXL
Female,1656,738,915,851,343,350,1077,830,673,398,1070,91.5,85.1,34.3,L
Female,1672,769,920,860,384,342,1050,797,678,404,1020,92.0,86.0,38.4,L
Female,1622,692,932,785,349,356,1080,810,637,369,1041,93.2,78.5,34.9,M
Female,1664,609,894,765,335,311,1025,825,540,371,1036,89.4,76.5,33.5,M
Female,1636,596,854,737,332,310,1000,796,569,374,989,85.4,73.7,33.2,M
Female,1666,740,1045,953,351,364,1076,845,586,354,1109,104.5,95.3,35.1,XL
Female,1558,804,1056,973,384,350,1053,811,717,422,1026,105.6,97.3,38.4,XXL
Female,1674,934,1093,958,381,351,1121,867,682,480,1128,109.3,95.8,38.1,XL
Female,1534,568,952,812,367,297,955,775,600,335,1004,95.2,81.2,36.7,L
Female,1630,626,847,923,367,314,960,780,632,346,1056,84.7,92.3,36.7,XL
Female,1671,738,1005,878,378,333,1045,833,679,369,1093,100.5,87.8,37.8,L
Female,1789,808,968,816,382,327,1078,826,626,395,1181,96.8,81.6,38.2,L
Female,1553,624,852,831,372,318,1008,800,625,404,1004,85.2,83.1,37.2,L
Female,1673,775,1010,903,419,325,1021,804,716,407,1020,101.0,90.3,41.9,XL
Female,1598,631,902,824,371,317,1014,805,605,383,1025,90.2,82.4,37.1,L
Female,1798,875,990,972,358,350,1172,905,662,390,1179,99.0,97.2,35.8,XXL
Female,1641,650,888,800,319,325,1035,825,595,371,1030,88.8,80.0,31.9,L
Female,1718,650,848,772,342,320,1055,885,572,367,1066,84.8,77.2,34.2,M
Female,1568,638,1001,925,345,335,1067,797,573,362,1003,100.1,92.5,34.5,XL
Female,1652,642,923,840,333,315,1000,811,621,351,1082,92.3,84.0,33.3,L
Female,1676,698,954,829,365,327,1059,832,612,385,1068,95.4,82.9,36.5,L
Female,1595,831,1083,968,380,342,1105,810,709,429,1009,108.3,96.8,38.0,XXL
Female,1697,962,1053,1095,441,342,1069,840,806,424,1081,105.3,109.5,44.1,XXXL
Female,1703,930,1167,1050,419,370,1095,870,715,413,1092,116.7,105.0,41.9,XXXL
Female,1567,489,826,696,287,307,952,758,508,326,978,82.6,69.6,28.7,S
Female,1554,536,818,760,311,313,991,769,549,353,992,81.8,76.0,31.1,M
Female,1645,629,930,736,331,329,1050,823,591,343,1054,93.0,73.6,33.1,M
Female,1625,510,818,651,302,314,1014,775,518,327,973,81.8,65.1,30.2,S
Female,1560,654,966,837,350,358,984,794,627,358,1004,96.6,83.7,35.0,L
Female,1501,588,946,798,345,320,967,769,597,347,991,94.6,79.8,34.5,M
Female,1617,650,931,880,350,321,1053,816,598,372,1000,93.1,88.0,35.0,XL
Female,1660,679,913,790,345,330,1040,794,612,393,1044,91.3,79.0,34.5,M
Female,1635,719,1053,1045,363,335,1017,805,600,347,1059,105.3,104.5,36.3,XXXL
Female,1621,920,984,1033,391,358,1125,820,757,445,1090,98.4,103.3,39.1,XXL
Female,1596,618,920,757,354,313,1012,785,602,413,976,92.0,75.7,35.4,M
Female,1649,712,951,885,371,326,1035,810,631,380,1051,95.1,88.5,37.1,XL
Female,1590,643,921,893,364,325,1028,792,620,368,991,92.1,89.3,36.4,XL
Female,1630,793,935,968,377,353,1056,806,690,423,1026,93.5,96.8,37.7,XXL
Female,1505,575,903,930,354,310,965,735,607,359,927,90.3,93.0,35.4,XL
Female,1590,686,979,837,368,323,1032,782,648,393,1023,97.9,83.7,36.8,L
Female,1613,688,882,840,348,347,1058,790,635,383,1033,88.2,84.0,34.8,L
Female,1620,778,981,900,361,342,1042,795,669,387,1015,98.1,90.0,36.1,XL
Female,1687,765,1053,955,400,333,1066,835,638,383,1063,105.3,95.5,40.0,XL
Female,1613,590,887,796,349,317,979,793,575,357,1011,88.7,79.6,34.9,M
Female,1648,626,964,833,331,327,983,815,597,348,1029,96.4,83.3,33.1,L
Female,1820,908,1016,891,393,333,1091,918,743,411,1203,101.6,89.1,39.3,XL
Female,1613,500,863,656,297,308,997,823,496,326,1052,86.3,65.6,29.7,S
Female,1719,688,978,808,357,329,1014,817,588,379,1110,97.8,80.8,35.7,L
Female,1543,567,926,803,360,323,916,732,615,350,973,92.6,80.3,36.0,L
Female,1674,622,913,807,345,325,1041,833,584,343,1060,91.3,80.7,34.5,L
Female,1662,707,981,865,341,330,1055,870,611,382,1075,98.1,86.5,34.1,L
Female,1612,685,945,876,353,335,1030,830,639,385,1027,94.5,87.6,35.3,L
Female,1605,571,836,723,324,314,956,790,562,378,1064,83.6,72.3,32.4,M
Female,1560,846,1112,1056,396,364,1114,770,700,417,1010,111.2,105.6,39.6,XXXL
Female,1664,618,814,711,338,321,986,806,606,371,1047,81.4,71.1,33.8,M
Female,1662,672,943,780,320,350,1049,808,592,374,1057,94.3,78.0,32.0,M
Female,1620,692,924,778,361,317,1040,799,667,392,1033,92.4,77.8,36.1,L
Female,1567,469,764,637,292,315,934,780,496,331,993,76.4,63.7,29.2,XS
Female,1689,674,873,790,346,342,1102,843,577,377,1096,87.3,79.0,34.6,M
Female,1576,529,845,718,300,320,935,778,557,360,1032,84.5,71.8,30.0,S
Female,1596,644,861,840,333,322,1018,794,630,377,996,86.1,84.0,33.3,L
Female,1684,819,1023,1026,385,350,1061,834,659,405,1052,102.3,102.6,38.5,XXL
Female,1702,683,908,817,358,324,1044,835,595,374,1079,90.8,81.7,35.8,L
Female,1745,582,852,689,329,325,988,825,547,351,1068,85.2,68.9,32.9,S
Female,1599,532,861,764,345,314,948,779,527,362,1035,86.1,76.4,34.5,M
Female,1628,703,985,858,366,321,1052,807,606,379,1063,98.5,85.8,36.6,L
Female,1651,807,1037,855,406,342,1065,805,703,412,1038,103.7,85.5,40.6,XL
Female,1592,569,886,825,333,327,955,755,542,339,983,88.6,82.5,33.3,L
Female,1587,504,897,787,317,306,953,766,522,314,1019,89.7,78.7,31.7,M
Female,1628,743,955,941,354,334,1058,825,637,394,1038,95.5,94.1,35.4,XL
Female,1627,648,918,840,358,319,983,790,654,363,1033,91.8,84.0,35.8,L
Female,1617,652,949,846,332,334,1058,820,580,383,998,94.9,84.6,33.2,L
Female,1582,548,830,790,345,295,969,810,574,346,1041,83.0,79.0,34.5,M
Female,1537,561,897,776,315,302,967,775,597,335,994,89.7,77.6,31.5,M
Female,1629,663,916,823,343,350,1054,840,590,363,1047,91.6,82.3,34.3,L
Female,1640,577,900,725,336,300,971,803,582,335,1057,90.0,72.5,33.6,M
Female,1675,790,934,908,392,335,1043,843,697,383,1098,93.4,90.8,39.2,XL
Female,1592,671,996,908,345,361,1060,820,617,347,1046,99.6,90.8,34.5,XL
Female,1633,691,1020,942,337,337,1061,807,610,378,1065,102.0,94.2,33.7,XL
Female,1733,773,919,863,383,345,1065,864,657,388,1146,91.9,86.3,38.3,L
Female,1610,622,893,733,323,336,1042,807,580,362,1025,89.3,73.3,32.3,M
Female,1566,620,943,852,337,327,1028,805,606,332,1006,94.3,85.2,33.7,L
Female,1639,691,990,898,356,325,1015,805,592,397,1049,99.0,89.8,35.6,XL
Female,1580,626,885,879,382,305,1001,805,618,357,1015,88.5,87.9,38.2,L
Female,1557,587,873,751,318,323,996,762,573,385,1014,87.3,75.1,31.8,M
Female,1683,694,913,864,354,349,1027,811,618,360,1063,91.3,86.4,35.4,L
Female,1597,647,930,779,359,319,1020,807,606,377,1012,93.0,77.9,35.9,M
Female,1598,621,883,884,348,332,954,774,601,382,1020,88.3,88.4,34.8,XL
Female,1613,698,956,940,365,312,1031,802,660,372,1012,95.6,94.0,36.5,XL
Female,1649,656,835,769,345,325,981,780,613,403,1056,83.5,76.9,34.5,M
Female,1672,602,847,757,348,311,991,793,576,354,1080,84.7,75.7,34.8,M
Female,1713,743,891,784,365,348,1025,846,672,393,1085,89.1,78.4,36.5,L
Female,1641,744,1032,991,376,331,1062,823,647,382,1071,103.2,99.1,37.6,XXL
Female,1612,633,928,788,355,314,1013,788,612,360,1000,92.8,78.8,35.5,M
Female,1596,621,892,807,340,333,993,798,588,367,1004,89.2,80.7,34.0,L
Female,1442,467,821,720,309,308,901,673,530,326,915,82.1,72.0,30.9,M
Female,1555,639,978,849,350,321,1036,800,594,377,975,97.8,84.9,35.0,L
Female,1497,579,915,858,357,327,959,744,611,350,977,91.5,85.8,35.7,L
Female,1612,708,973,889,372,333,1008,775,638,366,992,97.3,88.9,37.2,XL
Female,1690,698,911,757,366,316,1013,818,627,399,1078,91.1,75.7,36.6,L
Female,1634,654,981,828,371,312,1011,791,634,350,1026,98.1,82.8,37.1,L
Female,1509,542,900,820,305,310,973,741,573,346,975,90.0,82.0,30.5,L
Female,1582,593,862,739,363,300,994,805,623,345,1057,86.2,73.9,36.3,L
Female,1465,497,909,789,330,301,963,722,531,335,934,90.9,78.9,33.0,M
Female,1545,526,913,733,313,322,955,760,536,343,968,91.3,73.3,31.3,M
Female,1475,480,825,740,313,303,902,695,545,345,931,82.5,74.0,31.3,M
Female,1633,557,951,808,324,322,1025,805,516,320,1070,95.1,80.8,32.4,L
Female,1631,724,976,967,374,335,1085,820,667,362,1071,97.6,96.7,37.4,XXL
Female,1626,661,945,909,361,320,1020,780,604,344,1028,94.5,90.9,36.1,XL
Female,1533,794,1057,962,368,354,1167,797,702,400,1021,105.7,96.2,36.8,XXL
Female,1553,572,904,834,334,315,955,740,583,354,984,90.4,83.4,33.4,L
Female,1752,785,946,948,371,320,1108,872,638,375,1130,94.6,94.8,37.1,XL
Female,1618,676,976,848,363,321,1020,813,616,375,1023,97.6,84.8,36.3,L
Female,1634,530,887,721,310,297,961,780,527,349,1003,88.7,72.1,31.0,M
Female,1689,777,991,865,391,330,997,806,690,411,1050,99.1,86.5,39.1,XL
Female,1534,524,877,793,344,292,937,765,566,329,997,87.7,79.3,34.4,M
Female,1629,601,900,731,330,319,1040,812,586,355,1067,90.0,73.1,33.0,M
Female,1628,559,893,750,311,312,981,780,513,349,1007,89.3,75.0,31.1,M
Female,1603,530,845,744,334,290,970,784,536,355,1001,84.5,74.4,33.4,M
Female,1547,578,880,780,348,298,970,745,597,373,980,88.0,78.0,34.8,M
Female,1585,644,1010,860,375,316,980,788,620,370,1006,101.0,86.0,37.5,L
Female,1638,693,1016,900,365,325,1032,820,636,360,1073,101.6,90.0,36.5,XL
Female,1754,849,1033,955,408,346,1137,909,667,402,1138,103.3,95.5,40.8,XL
Female,1623,607,895,753,343,323,994,772,561,359,1003,89.5,75.3,34.3,M
Female,1614,623,919,825,337,320,990,790,583,368,1039,91.9,82.5,33.7,L
Female,1676,601,870,774,337,321,1011,803,535,364,1035,87.0,77.4,33.7,M
Female,1560,516,825,679,295,306,963,780,525,347,997,82.5,67.9,29.5,S
Female,1637,505,792,716,329,307,929,788,512,337,1024,79.2,71.6,32.9,S
Female,1542,532,892,699,329,310,929,750,578,347,983,89.2,69.9,32.9,M
Female,1536,566,904,814,349,302,1004,760,603,347,967,90.4,81.4,34.9,L
Female,1613,732,945,853,350,345,1064,847,651,406,1025,94.5,85.3,35.0,L
Female,1595,576,908,783,327,330,969,775,572,351,1008,90.8,78.3,32.7,M
Female,1659,807,1005,860,397,341,1100,819,757,386,1055,100.5,86.0,39.7,XL
Female,1564,622,895,750,362,317,977,770,615,393,1013,89.5,75.0,36.2,L
Female,1686,726,1014,960,362,341,1038,818,594,346,1075,101.4,96.0,36.2,XXL
Female,1678,711,978,873,368,312,1012,811,615,389,1045,97.8,87.3,36.8,L
Female,1573,572,975,923,316,328,1021,768,554,335,1028,97.5,92.3,31.6,XL
Female,1589,623,889,791,338,337,980,755,601,372,998,88.9,79.1,33.8,M
Female,1621,602,884,771,342,327,1024,820,554,377,992,88.4,77.1,34.2,M
Female,1679,805,1135,983,381,357,1072,862,639,371,1090,113.5,98.3,38.1,XXL
Female,1598,561,914,787,336,301,938,770,548,357,1024,91.4,78.7,33.6,M
Female,1713,520,766,657,332,299,952,810,537,311,1123,76.6,65.7,33.2,M
Female,1550,578,880,781,337,336,990,773,594,348,1002,88.0,78.1,33.7,M
Female,1583,580,834,740,338,319,1015,810,586,359,1016,83.4,74.0,33.8,M
Female,1540,612,834,819,378,316,946,732,649,386,982,83.4,81.9,37.8,L
Female,1541,585,936,805,343,351,965,758,563,373,973,93.6,80.5,34.3,L
Female,1622,875,1052,1010,430,350,1050,775,696,446,1029,105.2,101.0,43.0,XXL
Female,1793,773,1015,905,392,352,1070,870,622,364,1166,101.5,90.5,39.2,XL
Female,1713,755,1026,920,371,345,1076,865,662,392,1135,102.6,92.0,37.1,XL
Female,1603,678,1043,924,358,322,1013,768,609,359,1026,104.3,92.4,35.8,XL
Female,1711,888,1062,1003,382,375,1097,850,715,368,1117,106.2,100.3,38.2,XXL
Female,1641,665,921,780,335,327,1044,801,618,399,1065,92.1,78.0,33.5,M
Female,1494,580,963,1003,354,315,961,759,583,333,992,96.3,100.3,35.4,XXL
Female,1672,665,1029,863,344,330,1043,825,573,339,1091,102.9,86.3,34.4,L
Female,1616,649,884,856,358,352,1019,823,599,354,1042,88.4,85.6,35.8,L
Female,1585,673,983,902,350,328,1028,793,612,370,1034,98.3,90.2,35.0,XL
Female,1612,744,1065,1010,372,385,1049,812,648,364,1089,106.5,101.0,37.2,XXL
Female,1663,576,869,759,352,306,954,807,545,360,1047,86.9,75.9,35.2,M
Female,1656,735,1004,893,372,342,1035,783,648,400,1055,100.4,89.3,37.2,XL
Female,1598,636,940,844,366,346,981,783,620,346,1028,94.0,84.4,36.6,L
Female,1545,432,770,665,298,305,921,761,481,302,1000,77.0,66.5,29.8,S
Female,1634,747,1072,930,373,320,1055,792,652,394,1034,107.2,93.0,37.3,XL
Female,1704,669,971,807,327,339,1073,847,610,342,1114,97.1,80.7,32.7,L
Female,1664,826,1100,957,389,345,1060,838,642,408,1074,110.0,95.7,38.9,XL
Female,1522,578,873,868,347,303,966,745,612,343,970,87.3,86.8,34.7,L
Female,1646,637,907,782,353,315,1003,795,614,372,1035,90.7,78.2,35.3,M
Female,1557,758,1019,966,354,362,1076,777,638,408,1014,101.9,96.6,35.4,XXL
Female,1625,594,950,778,372,310,978,805,588,350,1012,95.0,77.8,37.2,L
Female,1671,872,1143,980,386,357,1077,869,689,427,1098,114.3,98.0,38.6,XXL
Female,1535,693,970,850,369,327,1041,771,657,399,991,97.0,85.0,36.9,L
Female,1591,500,903,670,313,308,954,762,516,347,986,90.3,67.0,31.3,M
Female,1567,567,916,745,345,310,1000,755,560,369,955,91.6,74.5,34.5,M
Female,1540,589,868,826,351,310,1012,760,611,353,1000,86.8,82.6,35.1,L
Female,1573,640,987,860,329,330,997,782,605,339,973,98.7,86.0,32.9,L
Female,1637,683,942,797,356,351,1027,815,641,365,1096,94.2,79.7,35.6,M
Female,1604,566,908,706,333,314,936,748,552,364,1002,90.8,70.6,33.3,M
Female,1740,632,881,730,326,330,1030,831,544,361,1126,88.1,73.0,32.6,M
Female,1563,591,882,743,315,328,1018,814,602,379,1034,88.2,74.3,31.5,M
Female,1773,760,907,805,380,330,1068,881,650,405,1123,90.7,80.5,38.0,L
Female,1672,664,966,912,351,310,1044,827,608,346,1082,96.6,91.2,35.1,XL
Female,1564,658,931,853,351,316,1061,760,640,367,969,93.1,85.3,35.1,L
Female,1600,710,968,847,384,313,1045,807,656,398,1041,96.8,84.7,38.4,L
Female,1586,551,830,726,330,309,989,770,588,359,978,83.0,72.6,33.0,M
Female,1566,593,883,795,363,314,996,770,587,352,991,88.3,79.5,36.3,L
Female,1683,661,959,837,339,311,1031,838,588,393,1067,95.9,83.7,33.9,L
Female,1613,658,910,816,372,319,976,789,633,407,984,91.0,81.6,37.2,L
Female,1572,634,940,814,361,341,1002,774,587,358,975,94.0,81.4,36.1,L
Female,1584,480,869,693,314,308,933,756,494,318,973,86.9,69.3,31.4,S
Female,1706,660,900,798,356,332,1029,828,586,375,1052,90.0,79.8,35.6,M
Female,1620,601,887,807,338,332,1002,787,586,340,973,88.7,80.7,33.8,L
Female,1640,546,807,778,320,299,977,825,571,297,1059,80.7,77.8,32.0,M
Female,1711,1166,1266,1305,423,410,1225,890,788,427,1167,126.6,130.5,42.3,XXXL
Female,1641,793,1042,919,369,370,1119,821,678,393,1062,104.2,91.9,36.9,XL
Female,1567,454,791,611,306,285,916,737,478,327,941,79.1,61.1,30.6,S
Female,1629,499,814,698,300,324,992,838,506,310,1051,81.4,69.8,30.0,S
Female,1479,358,695,615,288,282,871,693,465,282,901,69.5,61.5,28.8,XS
Female,1663,700,912,859,355,338,1045,859,638,376,1061,91.2,85.9,35.5,L
Female,1749,770,934,887,380,330,1035,883,674,389,1184,93.4,88.7,38.0,XL
Female,1592,649,984,911,357,355,1040,781,565,357,971,98.4,91.1,35.7,XL
Female,1591,550,887,733,323,322,984,774,536,358,976,88.7,73.3,32.3,M
Female,1710,875,1081,979,371,333,1115,871,665,400,1145,108.1,97.9,37.1,XXL
Female,1684,768,1012,968,357,347,1089,860,611,388,1075,101.2,96.8,35.7,XXL
Female,1625,763,1018,941,380,339,1113,840,656,395,1082,101.8,94.1,38.0,XL
Female,1666,650,935,732,336,320,1035,810,586,372,1013,93.5,73.2,33.6,M
Female,1576,555,896,760,328,318,987,761,550,329,982,89.6,76.0,32.8,M
Female,1685,755,1036,905,389,320,1000,813,641,392,1051,103.6,90.5,38.9,XL
Female,1629,548,850,715,344,312,993,802,557,348,1002,85.0,71.5,34.4,M
Female,1637,705,926,878,351,335,1021,785,651,386,1054,92.6,87.8,35.1,L
Female,1597,548,888,788,333,293,940,752,573,343,987,88.8,78.8,33.3,M
Female,1676,763,967,903,367,352,1106,828,643,406,1094,96.7,90.3,36.7,XL
Female,1672,784,1026,870,340,337,1071,834,656,412,1085,102.6,87.0,34.0,L
Female,1707,698,920,848,395,325,1010,845,645,384,1094,92.0,84.8,39.5,XL
Female,1649,650,879,825,366,308,973,805,629,391,1014,87.9,82.5,36.6,L
Female,1615,794,972,955,428,325,1045,767,712,415,1010,97.2,95.5,42.8,XXL
Female,1629,897,1157,1105,374,367,1089,837,694,394,1052,115.7,110.5,37.4,XXXL
Female,1615,525,850,785,326,318,981,780,518,310,999,85.0,78.5,32.6,M
Female,1537,772,976,972,389,329,1083,785,702,396,996,97.6,97.2,38.9,XXL
Female,1663,657,899,793,343,333,1030,787,603,375,1048,89.9,79.3,34.3,M
Female,1582,537,888,798,333,315,974,773,572,317,1006,88.8,79.8,33.3,M
Female,1499,667,1010,955,363,318,980,733,627,397,922,101.0,95.5,36.3,XL
Female,1771,833,1010,920,381,353,1085,898,685,379,1127,101.0,92.0,38.1,XL
Female,1545,599,967,855,333,336,1000,774,563,335,975,96.7,85.5,33.3,L
Female,1603,649,975,914,343,322,1003,770,604,361,998,97.5,91.4,34.3,XL
Female,1580,788,1066,938,365,339,1056,792,675,416,1023,106.6,93.8,36.5,XL
Female,1608,752,1062,960,351,337,1021,781,640,430,1024,106.2,96.0,35.1,XXL
Female,1561,643,941,900,363,315,1027,780,631,343,983,94.1,90.0,36.3,XL
Female,1642,613,880,780,341,319,970,784,580,387,1007,88.0,78.0,34.1,M
Female,1600,847,1027,935,403,360,1108,825,745,425,1022,102.7,93.5,40.3,XL
Female,1591,687,953,890,373,318,1042,798,642,375,1024,95.3,89.0,37.3,XL
Female,1697,697,997,821,361,333,1065,840,598,379,1082,99.7,82.1,36.1,L
Female,1691,602,870,793,347,306,1026,818,555,335,1049,87.0,79.3,34.7,M
Female,1563,631,956,775,385,311,1025,792,635,359,974,95.6,77.5,38.5,L
Female,1598,952,1152,1034,411,361,1084,805,758,453,1002,115.2,103.4,41.1,XXL
Female,1631,513,795,664,328,308,943,790,520,332,1050,79.5,66.4,32.8,S
Female,1648,694,937,907,368,332,1048,811,606,374,1033,93.7,90.7,36.8,XL
Female,1496,509,826,768,309,312,966,763,548,350,918,82.6,76.8,30.9,M
Female,1522,520,878,672,311,299,936,755,550,342,968,87.8,67.2,31.1,S
Female,1769,889,1047,965,384,355,1130,892,695,389,1178,104.7,96.5,38.4,XXL
Female,1761,785,900,784,355,336,1050,870,664,375,1156,90.0,78.4,35.5,M
Female,1618,678,976,903,369,325,1014,801,645,355,996,97.6,90.3,36.9,XL
Female,1612,644,912,841,352,322,1015,810,584,351,1044,91.2,84.1,35.2,L
Female,1653,657,940,870,353,330,1013,823,571,377,1010,94.0,87.0,35.3,L
Female,1598,661,955,852,365,323,957,764,651,365,1028,95.5,85.2,36.5,L
Female,1770,925,1130,993,404,355,1065,870,691,413,1139,113.0,99.3,40.4,XXL
Female,1566,611,1001,866,349,326,976,740,588,350,985,100.1,86.6,34.9,L
Female,1668,611,961,757,341,342,995,825,539,363,1052,96.1,75.7,34.1,L
Female,1614,797,973,907,402,336,1066,821,712,445,1067,97.3,90.7,40.2,XL
Female,1673,682,1021,853,332,346,1062,854,583,343,1042,102.1,85.3,33.2,L
Female,1588,489,840,779,312,295,950,776,514,305,1002,84.0,77.9,31.2,M
Female,1534,669,1053,926,331,338,1015,800,615,359,1013,105.3,92.6,33.1,XL
Female,1490,617,888,825,346,333,1035,755,634,362,956,88.8,82.5,34.6,L
Female,1611,706,955,938,357,321,1032,776,650,373,984,95.5,93.8,35.7,XL
Female,1599,611,909,755,321,343,1032,818,586,386,1008,90.9,75.5,32.1,M
Female,1645,662,1001,867,360,345,1044,799,563,352,1043,100.1,86.7,36.0,L
Female,1571,532,910,784,326,306,948,756,555,333,957,91.0,78.4,32.6,M
Female,1657,616,933,753,336,323,1009,825,570,356,1035,93.3,75.3,33.6,M
Female,1641,737,974,914,389,337,1037,844,674,382,1027,97.4,91.4,38.9,XL
Female,1710,657,947,826,373,325,924,787,595,344,1081,94.7,82.6,37.3,L
Female,1674,671,986,875,370,312,1050,840,610,368,1055,98.6,87.5,37.0,L
Female,1561,831,1180,1095,373,378,1066,755,681,375,1008,118.0,109.5,37.3,XXXL
Female,1664,866,1100,1076,415,341,1050,820,695,389,1083,110.0,107.6,41.5,XXXL
Female,1743,1054,1101,1087,442,360,1113,866,779,450,1107,110.1,108.7,44.2,XXXL
Female,1681,920,1080,1011,412,390,1175,872,742,405,1089,108.0,101.1,41.2,XXL
Female,1498,617,913,931,353,323,989,733,647,372,996,91.3,93.1,35.3,XL
Female,1595,772,1026,888,374,354,1068,796,678,385,1014,102.6,88.8,37.4,XL
Female,1771,777,1047,971,395,342,1003,820,649,364,1155,104.7,97.1,39.5,XXL
Female,1585,802,1113,1015,381,343,1093,850,679,373,1069,111.3,101.5,38.1,XXL
Female,1819,953,1080,995,419,375,1179,919,750,390,1205,108.0,99.5,41.9,XXL
Female,1683,870,1094,1067,410,328,1066,812,735,386,1079,109.4,106.7,41.0,XXXL
Female,1686,730,974,853,371,350,1024,825,624,375,1097,97.4,85.3,37.1,L
Female,1703,877,1096,937,396,363,1054,838,709,414,1107,109.6,93.7,39.6,XL
Female,1707,823,976,967,397,362,1092,872,689,381,1082,97.6,96.7,39.7,XXL
Female,1678,831,1078,1112,352,351,1087,856,636,378,1118,107.8,111.2,35.2,XXXL
Female,1646,599,886,700,327,331,975,820,568,339,1026,88.6,70.0,32.7,M
Female,1676,725,962,907,379,339,1035,827,639,369,1074,96.2,90.7,37.9,XL
Female,1703,630,872,810,342,320,998,828,636,328,1126,87.2,81.0,34.2,L
Female,1609,623,901,900,360,313,971,787,619,339,1049,90.1,90.0,36.0,XL
Female,1636,821,1100,935,396,354,1099,834,711,408,1090,110.0,93.5,39.6,XL
Female,1625,624,910,858,343,325,1009,801,585,344,1023,91.0,85.8,34.3,L
Female,1615,567,883,790,349,315,960,780,591,340,1008,88.3,79.0,34.9,M
Female,1603,675,1060,960,386,344,1034,790,600,360,1024,106.0,96.0,38.6,XXL
Female,1641,623,846,778,336,323,975,837,615,343,1077,84.6,77.8,33.6,M
Female,1697,644,920,791,331,321,1060,880,560,354,1085,92.0,79.1,33.1,M
Female,1571,626,926,838,343,317,950,752,596,367,988,92.6,83.8,34.3,L
Female,1548,713,946,845,367,323,1012,788,703,403,1005,94.6,84.5,36.7,L
Female,1633,630,899,799,338,323,995,831,599,348,1042,89.9,79.9,33.8,M
Female,1667,820,1032,922,376,351,1117,813,665,399,1032,103.2,92.2,37.6,XL
Female,1584,762,1043,956,354,333,1055,802,657,413,1026,104.3,95.6,35.4,XL
Female,1642,697,929,843,365,328,1027,833,644,376,1069,92.9,84.3,36.5,L
Female,1736,910,1098,1064,427,360,1108,860,706,403,1147,109.8,106.4,42.7,XXXL
Female,1671,801,965,957,396,337,1008,791,686,407,1089,96.5,95.7,39.6,XL
Female,1595,683,912,820,348,335,1073,808,641,377,1039,91.2,82.0,34.8,L
Female,1716,769,964,875,375,345,1064,870,642,408,1122,96.4,87.5,37.5,L
Female,1574,601,879,768,340,332,985,751,603,373,990,87.9,76.8,34.0,M
Female,1610,821,1054,1073,402,352,1039,788,673,409,1038,105.4,107.3,40.2,XXXL
Female,1643,842,947,913,406,331,1022,800,701,460,1022,94.7,91.3,40.6,XL
Female,1697,791,992,959,373,341,1096,843,668,381,1060,99.2,95.9,37.3,XL
Female,1501,575,941,840,346,309,956,732,580,325,912,94.1,84.0,34.6,L
Female,1632,568,884,787,339,312,960,799,548,344,1045,88.4,78.7,33.9,M
Female,1654,720,1015,893,358,363,1056,853,620,364,1081,101.5,89.3,35.8,XL
Female,1571,521,787,706,332,296,944,749,579,356,958,78.7,70.6,33.2,M
Female,1596,689,1031,850,343,330,1010,800,603,381,1035,103.1,85.0,34.3,L
Female,1589,652,881,796,351,326,964,772,629,384,970,88.1,79.6,35.1,M
Female,1650,827,1131,1010,381,357,1021,802,670,405,1027,113.1,101.0,38.1,XXL
Female,1611,662,927,910,370,327,1005,802,564,387,1014,92.7,91.0,37.0,XL
Female,1632,715,971,1013,380,335,987,790,613,349,1054,97.1,101.3,38.0,XXL
Female,1729,973,1220,1046,413,357,1106,845,748,426,1081,122.0,104.6,41.3,XXXL
Female,1533,450,800,650,276,305,937,763,514,315,986,80.0,65.0,27.6,S
Female,1611,504,793,720,312,290,936,757,522,335,975,79.3,72.0,31.2,M
Female,1650,577,848,747,325,316,958,800,578,338,1044,84.8,74.7,32.5,M
Female,1473,562,932,867,324,314,1000,755,573,336,948,93.2,86.7,32.4,L
Female,1700,728,941,810,344,348,1085,840,630,371,1100,94.1,81.0,34.4,L
Female,1692,722,940,807,392,338,1045,852,638,389,1062,94.0,80.7,39.2,XL
Female,1611,560,826,738,326,330,951,784,543,353,1021,82.6,73.8,32.6,M
Female,1734,824,990,920,390,329,1090,835,682,408,1123,99.0,92.0,39.0,XL
Female,1692,825,1047,918,378,355,1103,872,666,411,1112,104.7,91.8,37.8,XL
Female,1647,995,1071,1093,431,356,1127,870,782,452,1093,107.1,109.3,43.1,XXXL
Female,1599,988,1222,1140,388,398,1073,818,720,429,1015,122.2,114.0,38.8,XXXL
Female,1614,815,1102,1017,363,340,1057,790,675,375,1006,110.2,101.7,36.3,XXL
Female,1549,723,950,945,393,322,1014,800,698,380,1004,95.0,94.5,39.3,XL
Female,1634,736,957,868,370,326,1080,814,659,393,1002,95.7,86.8,37.0,L
Female,1760,698,951,805,351,327,1030,854,591,395,1130,95.1,80.5,35.1,L
Female,1683,766,1026,944,361,360,1085,826,618,388,1066,102.6,94.4,36.1,XL
Female,1618,651,900,814,374,308,1010,814,646,369,1023,90.0,81.4,37.4,L
Female,1565,518,800,735,316,306,933,785,553,324,973,80.0,73.5,31.6,M
Female,1592,549,868,814,326,324,966,766,543,340,1013,86.8,81.4,32.6,L
Female,1636,576,862,787,328,325,1013,805,545,335,1015,86.2,78.7,32.8,M
Female,1538,583,914,808,316,322,996,757,602,358,953,91.4,80.8,31.6,L
Female,1648,670,883,822,366,314,962,784,647,392,1018,88.3,82.2,36.6,L
Female,1645,631,936,801,341,320,1001,820,619,353,1063,93.6,80.1,34.1,L
Female,1623,627,880,842,344,338,1018,804,566,377,1012,88.0,84.2,34.4,L
Female,1611,676,941,844,346,330,1018,816,617,390,1048,94.1,84.4,34.6,L
Female,1602,534,872,747,332,303,950,772,549,315,1010,87.2,74.7,33.2,M
Female,1670,748,1008,873,388,326,1043,843,666,383,1054,100.8,87.3,38.8,L
Female,1643,644,915,757,328,325,973,786,602,368,1043,91.5,75.7,32.8,M
Female,1628,677,979,854,350,348,1045,790,598,383,1023,97.9,85.4,35.0,L
Female,1575,620,904,778,354,311,1016,793,593,380,988,90.4,77.8,35.4,M
Female,1613,536,834,713,342,313,956,804,539,343,1014,83.4,71.3,34.2,M
Female,1598,599,868,771,343,309,971,772,615,370,1041,86.8,77.1,34.3,M
Female,1610,644,898,857,350,297,1008,790,612,364,994,89.8,85.7,35.0,L
Female,1597,536,822,739,327,304,930,767,578,352,1028,82.2,73.9,32.7,M
Female,1590,882,1086,972,381,388,1133,823,728,417,998,108.6,97.2,38.1,XXL
Female,1688,646,930,840,333,342,1031,864,581,332,1108,93.0,84.0,33.3,L
Female,1502,662,936,878,318,373,1111,791,628,371,972,93.6,87.8,31.8,L
Female,1593,698,915,788,364,350,1062,806,664,370,1011,91.5,78.8,36.4,L
Female,1607,677,1036,895,357,306,1035,800,641,363,1023,103.6,89.5,35.7,XL
Female,1625,586,881,740,329,313,985,772,526,360,958,88.1,74.0,32.9,M
Female,1525,526,886,767,331,309,954,734,546,340,927,88.6,76.7,33.1,M
Female,1563,564,894,797,334,329,935,765,568,368,1027,89.4,79.7,33.4,M
Female,1734,765,923,840,399,320,1008,840,694,407,1118,92.3,84.0,39.9,XL
Female,1734,871,996,947,363,353,1094,885,706,401,1143,99.6,94.7,36.3,XL
Female,1728,682,920,812,357,324,1014,846,595,375,1097,92.0,81.2,35.7,L
Female,1661,629,893,856,368,322,974,825,607,356,1055,89.3,85.6,36.8,L
Female,1703,568,872,733,352,310,970,796,557,333,1063,87.2,73.3,35.2,M
Female,1702,680,971,857,355,337,1008,808,596,366,1080,97.1,85.7,35.5,L
Female,1772,669,911,782,353,325,1026,871,578,363,1145,91.1,78.2,35.3,M
Female,1626,712,928,918,373,349,1019,775,659,419,1060,92.8,91.8,37.3,XL
Female,1661,781,999,875,388,326,1027,824,673,385,1039,99.9,87.5,38.8,L
Female,1549,675,966,835,331,337,999,790,640,380,1010,96.6,83.5,33.1,L
Female,1634,663,938,795,358,336,990,800,625,369,1039,93.8,79.5,35.8,M
Female,1661,793,1016,967,372,368,1051,801,642,373,1034,101.6,96.7,37.2,XXL
Female,1564,604,946,902,332,321,972,753,603,348,1030,94.6,90.2,33.2,XL
Female,1664,732,1075,902,364,332,1055,827,624,360,1028,107.5,90.2,36.4,XL
Female,1553,712,1044,986,354,360,986,753,615,362,968,104.4,98.6,35.4,XXL
Female,1700,722,909,840,378,329,1050,851,672,379,1106,90.9,84.0,37.8,L
Female,1542,610,926,827,344,353,995,770,580,348,989,92.6,82.7,34.4,L
Female,1743,817,987,975,402,344,1095,880,682,363,1106,98.7,97.5,40.2,XXL
Female,1623,799,980,905,373,332,1097,823,703,445,1084,98.0,90.5,37.3,XL
Female,1590,602,845,770,349,308,999,790,621,348,1019,84.5,77.0,34.9,M
Female,1604,584,882,737,348,317,1010,764,580,363,990,88.2,73.7,34.8,M
Female,1627,601,872,752,328,315,990,824,576,341,1053,87.2,75.2,32.8,M
Female,1718,834,1014,918,366,368,1138,881,668,398,1104,101.4,91.8,36.6,XL
Female,1705,973,1173,957,410,369,1126,846,715,410,1095,117.3,95.7,41.0,XXL
Female,1561,557,857,686,326,307,960,745,572,365,914,85.7,68.6,32.6,S
Female,1661,553,803,782,307,326,972,860,525,321,1100,80.3,78.2,30.7,M
Female,1620,526,841,700,293,312,959,804,520,358,1037,84.1,70.0,29.3,S
Female,1660,614,857,690,330,312,966,802,602,370,1087,85.7,69.0,33.0,M
Female,1697,894,1083,1034,377,360,1090,865,700,413,1138,108.3,103.4,37.7,XXL
Female,1699,893,1066,990,378,360,1131,830,701,402,1114,106.6,99.0,37.8,XXL
Female,1740,702,901,800,364,347,1031,822,621,369,1103,90.1,80.0,36.4,L
Female,1701,738,1030,879,375,315,1030,835,628,384,1090,103.0,87.9,37.5,L
Female,1707,601,900,727,330,310,1004,844,545,335,1089,90.0,72.7,33.0,M
Female,1560,782,998,991,379,353,1030,755,702,409,958,99.8,99.1,37.9,XXL
Female,1483,442,780,647,293,295,910,713,512,302,941,78.0,64.7,29.3,S
Female,1587,476,802,678,316,303,947,810,489,332,1002,80.2,67.8,31.6,S
Female,1579,642,907,846,356,332,1027,783,649,358,1035,90.7,84.6,35.6,L
Female,1659,737,940,850,367,319,1025,815,643,418,1045,94.0,85.0,36.7,L
Female,1684,776,972,851,384,346,1072,834,712,385,1093,97.2,85.1,38.4,L
Female,1593,620,900,770,361,327,1031,780,590,385,970,90.0,77.0,36.1,L
Female,1589,646,953,843,351,338,1050,836,607,375,1015,95.3,84.3,35.1,L
Female,1683,697,945,856,366,327,1042,790,613,379,1038,94.5,85.6,36.6,L
Female,1704,724,953,795,371,344,1062,845,600,370,1032,95.3,79.5,37.1,L
Female,1736,697,1022,883,354,342,1045,852,563,366,1094,102.2,88.3,35.4,XL
Female,1633,620,927,768,347,328,1040,820,578,360,1065,92.7,76.8,34.7,M
Female,1724,884,1013,857,410,340,1072,885,685,443,1156,101.3,85.7,41.0,XL
Female,1487,712,1001,982,369,360,1010,762,701,378,950,100.1,98.2,36.9,XXL
Female,1560,684,1018,915,338,379,1020,756,559,401,933,101.8,91.5,33.8,XL
Female,1561,623,978,920,342,340,956,780,593,349,986,97.8,92.0,34.2,XL
Female,1618,614,930,816,357,339,973,815,589,337,1029,93.0,81.6,35.7,L
Female,1604,551,930,667,330,310,957,750,549,373,990,93.0,66.7,33.0,M
Female,1658,1121,1141,1198,473,408,1152,826,868,461,1130,114.1,119.8,47.3,XXXL
Female,1658,749,970,882,383,348,1059,812,658,402,1019,97.0,88.2,38.3,XL
Female,1591,709,956,870,375,319,985,792,667,385,988,95.6,87.0,37.5,L
Female,1638,588,872,780,352,322,958,787,539,347,1019,87.2,78.0,35.2,M
Female,1751,876,1003,1016,398,365,1093,860,706,364,1165,100.3,101.6,39.8,XXL
Female,1587,597,857,753,354,307,967,757,590,356,983,85.7,75.3,35.4,M
Female,1540,680,1044,937,348,348,1050,774,631,374,963,104.4,93.7,34.8,XL
Female,1576,707,1009,946,377,307,1010,767,683,380,980,100.9,94.6,37.7,XL
Female,1737,686,920,745,371,327,1022,857,597,386,1073,92.0,74.5,37.1,L
Female,1573,624,901,826,337,317,1016,801,612,374,977,90.1,82.6,33.7,L
Female,1622,610,903,805,332,320,1007,820,586,352,1000,90.3,80.5,33.2,L
Female,1588,582,891,773,338,325,980,762,587,359,983,89.1,77.3,33.8,M
Female,1548,489,843,624,296,303,948,750,504,335,936,84.3,62.4,29.6,S
Female,1662,696,938,865,355,330,1030,808,628,395,1010,93.8,86.5,35.5,L
Female,1718,795,976,895,361,338,1056,837,647,411,1125,97.6,89.5,36.1,XL
Female,1519,600,885,805,365,306,1000,770,624,364,909,88.5,80.5,36.5,L
Female,1573,640,950,826,336,324,1003,805,601,394,1021,95.0,82.6,33.6,L
Female,1566,712,932,883,378,333,973,786,668,417,963,93.2,88.3,37.8,XL
Female,1529,475,820,696,300,290,906,746,533,315,952,82.0,69.6,30.0,S
Female,1585,735,909,820,389,328,1006,780,691,436,980,90.9,82.0,38.9,L
Female,1611,546,893,730,303,315,999,780,505,359,958,89.3,73.0,30.3,M
Female,1610,562,925,770,344,317,948,752,568,345,1017,92.5,77.0,34.4,M
Female,1541,582,947,830,338,315,1000,755,583,351,923,94.7,83.0,33.8,L
Female,1766,812,999,870,382,318,1124,892,679,381,1138,99.9,87.0,38.2,L
Female,1626,518,838,738,332,312,968,813,512,335,1003,83.8,73.8,33.2,M
Female,1644,523,852,706,310,312,942,760,525,339,1003,85.2,70.6,31.0,S
Female,1679,756,1023,865,358,338,1060,837,635,385,1057,102.3,86.5,35.8,L
Female,1743,674,912,812,364,338,1011,845,623,344,1127,91.2,81.2,36.4,L
Female,1658,552,825,670,336,311,970,803,530,343,1002,82.5,67.0,33.6,M
Female,1610,690,1031,900,360,342,1050,813,587,379,1019,103.1,90.0,36.0,XL
Female,1675,636,893,840,352,317,934,785,587,347,1043,89.3,84.0,35.2,L
Female,1637,641,951,784,370,308,988,800,607,366,1026,95.1,78.4,37.0,L
Female,1628,701,934,933,358,336,1055,777,639,380,1015,93.4,93.3,35.8,XL
Female,1645,793,1004,978,381,353,1060,807,670,419,1052,100.4,97.8,38.1,XXL
Female,1595,660,957,883,363,326,1001,736,636,356,1007,95.7,88.3,36.3,XL
Female,1731,931,1117,1032,411,363,1081,820,732,412,1099,111.7,103.2,41.1,XXL
Female,1567,661,960,912,360,331,1010,807,617,369,982,96.0,91.2,36.0,XL
Female,1628,510,780,672,323,304,949,800,530,333,1004,78.0,67.2,32.3,S
Female,1688,686,916,877,356,330,1030,825,623,363,1043,91.6,87.7,35.6,L
Female,1706,839,1063,932,401,326,1015,826,691,408,1078,106.3,93.2,40.1,XL
Female,1543,652,893,840,347,327,1041,771,636,382,953,89.3,84.0,34.7,L
Female,1665,920,1102,1032,400,360,1104,847,705,393,1061,110.2,103.2,40.0,XXL
Female,1690,667,900,783,366,326,1018,811,631,372,1002,90.0,78.3,36.6,L
Female,1471,464,823,668,290,296,910,700,540,339,917,82.3,66.8,29.0,S
Female,1616,627,943,882,348,325,962,778,589,359,987,94.3,88.2,34.8,XL
Female,1753,593,901,727,328,319,970,869,539,328,1109,90.1,72.7,32.8,M
Female,1626,508,795,698,337,285,930,747,537,342,980,79.5,69.8,33.7,M
Female,1698,727,944,866,379,328,1015,800,603,428,1039,94.4,86.6,37.9,L
Female,1545,583,970,777,331,323,991,786,547,338,950,97.0,77.7,33.1,L
Female,1759,669,942,785,366,332,1015,810,603,361,1083,94.2,78.5,36.6,L
Female,1732,842,1041,1055,398,326,1055,851,683,430,1116,104.1,105.5,39.8,XXXL
Female,1587,601,884,830,346,304,1025,806,600,345,986,88.4,83.0,34.6,L
Female,1605,609,920,773,359,312,998,799,586,337,989,92.0,77.3,35.9,M
Female,1530,687,943,872,360,343,990,753,638,391,944,94.3,87.2,36.0,L
Female,1598,549,887,715,349,318,960,778,549,343,1005,88.7,71.5,34.9,M
Female,1524,452,826,674,310,280,858,699,524,330,948,82.6,67.4,31.0,S
Female,1683,835,1055,1066,390,364,1113,850,643,389,1054,105.5,106.6,39.0,XXXL
Female,1577,641,901,822,330,317,993,802,598,388,1024,90.1,82.2,33.0,L
Female,1583,588,906,749,341,310,955,770,574,351,943,90.6,74.9,34.1,M
Female,1582,563,878,750,340,312,985,768,569,344,949,87.8,75.0,34.0,M
Female,1569,702,1016,895,356,332,1019,791,621,388,984,101.6,89.5,35.6,XL
Female,1651,779,1015,876,366,364,1092,878,675,405,1075,101.5,87.6,36.6,L
Female,1463,626,998,902,318,356,998,735,595,398,903,99.8,90.2,31.8,XL
Female,1659,992,1198,1113,411,380,1095,829,755,422,1053,119.8,111.3,41.1,XXXL
Female,1596,626,883,784,365,327,1002,771,592,370,997,88.3,78.4,36.5,L
Female,1600,713,1050,903,358,341,1048,781,632,373,984,105.0,90.3,35.8,XL
Female,1557,528,872,715,326,320,955,782,551,328,987,87.2,71.5,32.6,S
Female,1565,552,896,783,328,308,976,781,542,357,968,89.6,78.3,32.8,M
Female,1525,622,962,827,325,344,1000,765,598,362,975,96.2,82.7,32.5,L
Female,1613,612,863,860,331,305,1010,836,576,351,1047,86.3,86.0,33.1,L
Female,1674,529,814,727,329,318,964,781,525,342,1043,81.4,72.7,32.9,M
Female,1614,748,996,923,420,318,1013,787,692,377,993,99.6,92.3,42.0,XXL
Female,1558,582,898,815,350,307,945,725,596,363,963,89.8,81.5,35.0,L
Female,1774,790,942,907,385,339,1086,861,662,392,1134,94.2,90.7,38.5,XL
Female,1633,618,922,785,354,306,945,775,586,370,1008,92.2,78.5,35.4,M
Female,1611,716,992,1004,353,343,993,775,603,348,986,99.2,100.4,35.3,XXL
Female,1768,692,958,858,344,341,1016,884,588,358,1124,95.8,85.8,34.4,L
Female,1578,635,973,850,362,316,1043,781,612,361,1028,97.3,85.0,36.2,L
Female,1619,704,917,901,393,308,1010,784,683,357,1084,91.7,90.1,39.3,XL
Female,1681,668,946,890,347,325,1010,825,592,368,1039,94.6,89.0,34.7,XL
Female,1613,535,841,728,335,302,970,767,540,333,969,84.1,72.8,33.5,M
Female,1575,615,967,808,341,334,990,768,554,357,962,96.7,80.8,34.1,L
Female,1648,751,1018,918,392,342,1077,806,652,354,1046,101.8,91.8,39.2,XL
Female,1590,546,867,690,307,326,1000,786,540,327,992,86.7,69.0,30.7,S
Female,1609,695,973,905,371,328,1001,804,667,373,1009,97.3,90.5,37.1,XL
Female,1625,773,990,919,386,336,1058,860,684,390,1072,99.0,91.9,38.6,XL
Female,1676,751,1012,960,366,365,1059,820,640,371,1098,101.2,96.0,36.6,XXL
Female,1623,700,1040,945,373,325,983,782,623,364,1019,104.0,94.5,37.3,XL
Female,1612,502,829,735,313,294,975,810,503,313,1027,82.9,73.5,31.3,M
Female,1720,717,984,866,380,328,1054,850,612,375,1058,98.4,86.6,38.0,L
Female,1567,644,910,935,370,347,1024,805,653,329,1006,91.0,93.5,37.0,XL
Female,1770,1072,1203,1076,400,405,1199,911,732,433,1110,120.3,107.6,40.0,XXXL
Female,1668,940,1196,1176,387,388,1101,855,725,394,1122,119.6,117.6,38.7,XXXL
Female,1588,764,968,886,378,351,1030,783,698,428,1043,96.8,88.6,37.8,XL
Female,1616,897,1140,1135,388,377,1175,820,683,376,1047,114.0,113.5,38.8,XXXL
Female,1593,777,1091,974,361,350,1098,798,663,379,1032,109.1,97.4,36.1,XXL
Female,1572,497,870,721,318,310,946,761,508,326,990,87.0,72.1,31.8,M
Female,1674,662,913,837,330,324,1043,824,593,375,1055,91.3,83.7,33.0,L
Female,1652,696,1049,851,362,355,1032,826,609,383,1065,104.9,85.1,36.2,XL
Female,1664,844,1071,996,401,383,1041,814,680,393,1053,107.1,99.6,40.1,XXL
Female,1691,647,910,852,347,316,1000,808,555,372,1056,91.0,85.2,34.7,L
Female,1657,780,1019,935,367,350,1034,825,644,385,1068,101.9,93.5,36.7,XL
Female,1704,773,965,927,389,365,1076,850,669,376,1125,96.5,92.7,38.9,XL
Female,1654,734,952,921,371,349,1026,778,650,383,1010,95.2,92.1,37.1,XL
Female,1578,695,982,937,394,332,991,754,671,341,967,98.2,93.7,39.4,XL
Female,1645,707,1035,872,355,342,1017,823,603,351,1005,103.5,87.2,35.5,L
Female,1631,936,1142,1025,405,363,1096,843,731,449,1106,114.2,102.5,40.5,XXL
Female,1561,857,1055,1106,404,351,1111,796,723,385,1033,105.5,110.6,40.4,XXXL
Female,1516,573,914,767,339,350,1015,777,602,328,962,91.4,76.7,33.9,M
Female,1749,676,930,823,367,328,980,815,602,363,1114,93.0,82.3,36.7,L
Female,1715,855,1006,933,400,362,1075,862,679,433,1103,100.6,93.3,40.0,XL
Female,1600,549,929,735,336,301,951,770,554,328,998,92.9,73.5,33.6,M
Female,1683,588,872,772,325,321,1043,820,532,333,1074,87.2,77.2,32.5,M
Female,1557,715,983,987,369,354,1032,774,664,399,980,98.3,98.7,36.9,XXL
Female,1548,580,873,837,338,275,997,818,580,349,987,87.3,83.7,33.8,L
Female,1714,697,934,873,368,337,1014,841,599,365,1073,93.4,87.3,36.8,L
Female,1649,685,1006,803,359,330,1004,810,595,393,1073,100.6,80.3,35.9,L
Female,1528,586,907,804,363,318,936,751,596,373,977,90.7,80.4,36.3,L
Female,1596,842,1101,1055,417,392,1058,837,693,408,1007,110.1,105.5,41.7,XXXL
Female,1658,909,1068,901,441,342,1080,850,771,424,1112,106.8,90.1,44.1,XXL
Female,1701,1047,1168,1172,470,349,1105,872,832,452,1123,116.8,117.2,47.0,XXXL
Female,1683,663,896,791,346,323,1026,855,602,361,1070,89.6,79.1,34.6,M
Female,1634,766,1154,962,342,355,1074,864,593,362,1037,115.4,96.2,34.2,XXL
Female,1695,715,941,745,358,322,1075,845,628,383,1062,94.1,74.5,35.8,M
Female,1548,591,898,801,360,322,1008,814,580,374,952,89.8,80.1,36.0,L
Female,1587,665,952,955,353,348,1052,780,627,355,997,95.2,95.5,35.3,XL
Female,1549,676,991,1032,372,338,983,758,607,347,969,99.1,103.2,37.2,XXL
Female,1606,792,1091,1042,407,354,1098,823,684,376,1027,109.1,104.2,40.7,XXXL
Female,1508,652,1005,966,354,343,1004,743,627,343,937,100.5,96.6,35.4,XXL
Female,1733,753,931,844,395,342,1027,860,675,393,1080,93.1,84.4,39.5,XL
Female,1560,517,886,752,320,296,1027,799,542,337,961,88.6,75.2,32.0,M
Female,1739,865,1060,954,417,350,1084,884,719,390,1149,106.0,95.4,41.7,XL
Female,1629,732,952,857,371,337,1017,816,618,402,1043,95.2,85.7,37.1,L
Female,1609,741,923,840,388,342,1054,828,679,408,1025,92.3,84.0,38.8,L
Female,1740,906,1093,1090,397,385,1065,865,641,386,1156,109.3,109.0,39.7,XXXL
Female,1678,845,943,960,385,361,1050,831,724,412,1051,94.3,96.0,38.5,XXL
Female,1545,631,974,830,338,358,1016,819,588,353,975,97.4,83.0,33.8,L
Female,1809,898,1113,1003,393,370,1105,899,688,410,1136,111.3,100.3,39.3,XXL
Female,1764,970,1090,977,407,370,1128,871,697,443,1121,109.0,97.7,40.7,XXL
Female,1606,663,940,855,355,335,997,794,633,366,990,94.0,85.5,35.5,L
Female,1567,594,952,863,333,315,984,780,574,338,974,95.2,86.3,33.3,L
Female,1594,657,1059,917,306,343,1060,798,519,345,947,105.9,91.7,30.6,XL
Female,1587,786,1125,919,373,372,1055,775,622,412,977,112.5,91.9,37.3,XXL
Female,1573,520,837,695,332,298,947,770,551,343,943,83.7,69.5,33.2,M
Female,1624,641,920,792,357,354,1050,790,624,362,973,92.0,79.2,35.7,M
Female,1635,798,1037,1014,393,356,1042,815,691,362,1001,103.7,101.4,39.3,XXL
Female,1580,740,1021,906,387,329,1014,812,664,384,1034,102.1,90.6,38.7,XL
Female,1691,641,935,795,358,338,960,808,593,358,1053,93.5,79.5,35.8,M
Female,1656,803,1072,1012,400,366,1060,792,664,387,1027,107.2,101.2,40.0,XXL
Female,1615,714,1089,965,375,353,1037,790,645,338,989,108.9,96.5,37.5,XXL
Female,1749,924,973,869,407,357,1096,869,725,460,1147,97.3,86.9,40.7,XL
Female,1561,668,1042,903,360,343,978,741,575,377,989,104.2,90.3,36.0,XL
Female,1674,678,925,817,355,328,1000,821,640,373,1035,92.5,81.7,35.5,L
Female,1721,577,865,681,318,299,990,865,546,341,1113,86.5,68.1,31.8,S
Female,1704,687,1030,915,357,324,1048,830,593,345,1116,103.0,91.5,35.7,XL
Female,1636,758,1038,870,381,333,1002,782,670,392,1037,103.8,87.0,38.1,L
Female,1583,652,1047,941,340,342,1040,814,561,346,1017,104.7,94.1,34.0,XL
Female,1604,699,994,847,368,344,1026,750,653,383,978,99.4,84.7,36.8,L
Female,1533,474,802,755,308,304,930,752,523,293,947,80.2,75.5,30.8,M
Female,1594,558,931,742,362,305,991,800,566,346,963,93.1,74.2,36.2,L
Female,1719,768,990,960,391,354,1048,832,647,375,1063,99.0,96.0,39.1,XXL
Female,1687,832,1082,1043,381,369,1036,840,660,373,1085,108.2,104.3,38.1,XXXL
Female,1613,717,1016,971,347,359,1051,794,616,375,985,101.6,97.1,34.7,XXL
Female,1644,762,1093,982,364,352,1054,848,640,370,1050,109.3,98.2,36.4,XXL
Female,1616,632,922,837,369,326,996,791,623,370,995,92.2,83.7,36.9,L
Female,1641,610,902,891,332,325,997,821,592,343,1053,90.2,89.1,33.2,XL
